--------- beginning of main
06-16 15:52:30.501  1118  1118 W ipacm   : type=1400 audit(0.0:803): avc: denied { write } for name="ipacm_log_file" dev="tmpfs" ino=18235 scontext=u:r:ipacm:s0 tcontext=u:object_r:ipacm_socket:s0 tclass=sock_file permissive=0
06-16 15:52:34.306   754   803 E u-blox  : CAndroidDatabase::reportSvStatus: no satellites in view
--------- beginning of system
06-16 15:52:39.921  1373  1424 I ActivityTaskManager: START u0 {act=android.intent.action.MAIN cat=[android.intent.category.LAUNCHER] flg=0x10000000 pkg=org.chromium.webview_shell cmp=org.chromium.webview_shell/.WebViewBrowserActivity} from uid 10014
06-16 15:52:39.925   745  3503 D audio_hw_primary: start_output_stream: enter: stream(0xeed04330)usecase(1: low-latency-playback) devices(0x2) is_haptic_usecase(0)
06-16 15:52:39.926  1373  1866 I system_server: oneway function results will be dropped but finished with status OK and parcel size 4
06-16 15:52:39.928   745  3503 D audio_hw_primary: select_devices for use case (low-latency-playback)
06-16 15:52:39.929   745  3503 D msm8974_platform: platform_get_snd_device_backend_index: device 2 is hw_interface_name INT4_MI2S_RX is be_dai_id=153
06-16 15:52:39.929   745  3503 I msm8974_platform: platform_check_and_set_codec_backend_cfg:becf: afe: bitwidth 16, samplerate 48000 channels 2, backend_idx 0 usecase = 1 device (speaker)
06-16 15:52:39.929   745  3503 D msm8974_platform: platform_split_snd_device: snd_device(2) num devices(1) new_snd_devices[0](0) ret=-22
06-16 15:52:39.929   745  3503 I msm8974_platform: platform_check_and_set_codec_backend_cfg: new_snd_devices[0] is 2
06-16 15:52:39.929   745  3503 I msm8974_platform: platform_check_codec_backend_cfg:becf: afe: bitwidth 16, samplerate 48000 channels 2, backend_idx 0 usecase = 1 device (speaker)
06-16 15:52:39.929   745  3503 E audio_hw_extn: audio_extn_enable_hifi_filter: Could not get ctl for mixer cmd - HiFi Filter, using default control
06-16 15:52:39.929   745  3503 D msm8974_platform: platform_check_codec_backend_cfg:becf: updated afe: bitwidth 16, samplerate 48000 channels 2,backend_idx 0 usecase = 1 device (speaker)
06-16 15:52:39.929   745  3503 D msm8974_platform: platform_check_codec_backend_cfg:becf: afe: playback on codec device not supporting native playback set default Sample Rate(48k)
06-16 15:52:39.929   745  3503 I msm8974_platform: platform_check_codec_backend_cfg:becf: afe: Codec selected backend: 0 updated bit width: 16 and sample rate: 48000
06-16 15:52:39.929   745  3503 D audio_hw_primary: check_usecases_codec_backend:becf: force routing 0
06-16 15:52:39.929   745  3503 E msm8974_platform: platform_check_backends_match: Invalid snd_device2 = none
06-16 15:52:39.929   745  3503 D audio_hw_primary: check_usecases_codec_backend:becf: (78) check_usecases curr device: speaker, usecase device:none backends match 0
06-16 15:52:39.929   745  3503 E msm8974_platform: platform_check_backends_match: Invalid snd_device2 = none
06-16 15:52:39.929   745  3503 D audio_hw_primary: check_usecases_codec_backend:becf: (78) check_usecases curr device: speaker, usecase device:none backends match 0
06-16 15:52:39.929   745  3503 D audio_hw_primary: check_usecases_codec_backend:becf: check_usecases num.of Usecases to switch 0
06-16 15:52:39.930   745  3503 D hardware_info: hw_info_append_hw_type : device_name = speaker
06-16 15:52:39.930   745  3503 D audio_hw_primary: enable_snd_device: snd_device(2: current(before increase) ref_cnt 0)
06-16 15:52:39.930   745  3503 D msm8974_platform: platform_split_snd_device: snd_device(2) num devices(0) new_snd_devices[0](0) ret=-22
06-16 15:52:39.930   745  3503 D audio_hw_primary: enable_snd_device: snd_device(2: speaker)
06-16 15:52:39.930   745  3503 D msm8974_platform: platform_get_island_cfg_on_device:island cfg status on snd_device = (speaker 0)
06-16 15:52:39.930   745  3503 I soundtrigger: audio_extn_sound_trigger_update_device_status: device 0x2 of type 0 for Event 1, with Raise=0
06-16 15:52:39.930  1373  1866 I system_server: oneway function results will be dropped but finished with status OK and parcel size 4
06-16 15:52:39.930   745  3503 D audio_route: Apply path: speaker
06-16 15:52:39.933  1373  1424 D CompatibilityInfo: mCompatibilityFlags - 0
06-16 15:52:39.933  1373  1424 D CompatibilityInfo: applicationDensity - 212
06-16 15:52:39.933  1373  1424 D CompatibilityInfo: applicationScale - 1.0
06-16 15:52:39.934   745  3503 I audio_hw_utils: audio_extn_utils_update_stream_output_app_type_cfg Allowing 24 and above bits playback on speaker ONLY at default sampling rate
06-16 15:52:39.934   745  3503 D audio_hw_primary: audio_is_true_native_stream_active:napb: (0) (low-latency-playback)id (1) sr 48000 bw (16) device speaker
06-16 15:52:39.934   745  3503 E soundtrigger: audio_extn_sound_trigger_update_stream_status: invalid input device 0x0, for event 3
06-16 15:52:39.934   745  3503 D soundtrigger: audio_extn_sound_trigger_update_stream_status: uc_info->id 1 of type 0 for Event 3, with Raise=0
06-16 15:52:39.934   745  3503 D audio_hw_utils: audio_extn_utils_send_app_type_cfg: usecase->out_snd_device speaker
06-16 15:52:39.934   745  3503 D msm8974_platform: platform_split_snd_device: snd_device(2) num devices(0) new_snd_devices[0](0) ret=-22
06-16 15:52:39.934   745  3503 D msm8974_platform: platform_get_snd_device_backend_index: device 2 is hw_interface_name INT4_MI2S_RX is be_dai_id=153
06-16 15:52:39.934   745  3503 D audio_hw_utils: audio_extn_btsco_get_sample_rate:Not a BT SCO device, need not update sampling rate
06-16 15:52:39.934   745  3503 I audio_hw_utils: send_app_type_cfg_for_device PLAYBACK app_type 69937, acdb_dev_id 15, sample_rate 48000, snd_device_be_idx 153
06-16 15:52:39.936   745  3503 D msm8974_platform: platform_split_snd_device: snd_device(2) num devices(1) new_snd_devices[0](0) ret=-22
06-16 15:52:39.936   745  3503 D audio_hw_utils: audio_extn_btsco_get_sample_rate:Not a BT SCO device, need not update sampling rate
06-16 15:52:39.936   745  3503 D ACDB-LOADER: ACDB -> send_audio_cal, acdb_id = 15, path = 0, app id = 0x11131, sample rate = 48000, afe_sample_rate = 48000
06-16 15:52:39.936   745  3503 D ACDB-LOADER: ACDB -> send_asm_topology
06-16 15:52:39.936   745  3503 D ACDB-LOADER: ACDB -> ACDB_CMD_GET_AUDPROC_STREAM_TOPOLOGY_ID
06-16 15:52:39.936   745  3503 D ACDB-LOADER: ACDB -> send_adm_topology
06-16 15:52:39.936   745  3503 D ACDB-LOADER: ACDB -> ACDB_CMD_GET_AUDPROC_COMMON_TOPOLOGY_ID
06-16 15:52:39.936   745  3503 D ACDB-LOADER: ACDB -> send_audtable
06-16 15:52:39.936   745  3503 D ACDB-LOADER: ACDB -> ACDB_CMD_GET_AUDPROC_COMMON_TABLE_SIZE
06-16 15:52:39.936   745  3503 D ACDB-LOADER: ACDB -> ACDB_CMD_GET_AUDPROC_COMMON_TABLE
06-16 15:52:39.936   745  3503 D ACDB-LOADER: ACDB -> AUDIO_SET_AUDPROC_CAL cal_type[11] acdb_id[15] app_type[69937]
06-16 15:52:39.936   745  3503 D ACDB-LOADER: ACDB -> send_audvoltable
06-16 15:52:39.936   745  3503 D ACDB-LOADER: ACDB -> ACDB_CMD_GET_AUDPROC_GAIN_DEP_STEP_TABLE_SIZE
06-16 15:52:39.936   745  3503 D ACDB-LOADER: ACDB -> ACDB_CMD_GET_AUDPROC_GAIN_DEP_STEP_TABLE, vol index 0
06-16 15:52:39.936   745  3503 D ACDB-LOADER: ACDB -> AUDIO_SET_VOL_CAL cal type = 12
06-16 15:52:39.936   745  3503 D ACDB-LOADER: ACDB -> ACDB_CMD_GET_AUDPROC_STREAM_TABLE_SIZE
06-16 15:52:39.936   745  3503 D ACDB-LOADER: ACDB -> send_audstrmtable
06-16 15:52:39.936   745  3503 D ACDB-LOADER: ACDB -> ACDB_CMD_GET_AUDPROC_STREAM_TABLE_V2
06-16 15:52:39.936   745  3503 D ACDB-LOADER: ACDB -> audstrm_cal->cal_type.cal_data.cal_size = 16
06-16 15:52:39.936  1373  1424 D ActivityTrigger: ActivityTrigger activityPauseTrigger 
06-16 15:52:39.936   745  3503 D ACDB-LOADER: ACDB -> send_afe_topology
06-16 15:52:39.936   745  3503 D ACDB-LOADER: ACDB -> ACDB_CMD_GET_AFE_TOPOLOGY_ID
06-16 15:52:39.936   745  3503 D ACDB-LOADER: ACDB -> GET_AFE_TOPOLOGY_ID for adcd_id 15, Topology Id 1001025e
06-16 15:52:39.936   745  3503 D ACDB-LOADER: ACDB -> send_afe_cal
06-16 15:52:39.936   745  3503 D ACDB-LOADER: ACDB -> ACDB_CMD_GET_AFE_COMMON_TABLE_SIZE
06-16 15:52:39.936   745  3503 D ACDB-LOADER: ACDB -> ACDB_CMD_GET_AFE_COMMON_TABLE
06-16 15:52:39.936   745  3503 D ACDB-LOADER: ACDB -> AUDIO_SET_AFE_CAL cal_type[16] acdb_id[15]
06-16 15:52:39.936   745  3503 D ACDB-LOADER: ACDB -> send_hw_delay : acdb_id = 15 path = 0
06-16 15:52:39.936   745  3503 D ACDB-LOADER: ACDB -> ACDB_AVSYNC_INFO: ACDB_CMD_GET_DEVICE_PROPERTY
06-16 15:52:39.936   745  3503 D msm8974_platform: platform_split_snd_device: snd_device(2) num devices(0) new_snd_devices[0](0) ret=-22
06-16 15:52:39.937   745  3503 I msm8974_platform: platform_get_custom_mtmx_params: no matching param with id 0 ip_ch 2 op_ch 2 uc_id 1 snd_dev 2
06-16 15:52:39.937   745  3503 D audio_hw_primary: enable_audio_route: apply mixer and update path: low-latency-playback
06-16 15:52:39.937   745  3503 D audio_route: Apply path: low-latency-playback
06-16 15:52:39.939   745  3503 D audio_hw_primary: select_devices: done
06-16 15:52:39.967   745  3503 D msm8974_platform: platform_set_channel_map mixer_ctl_name:Playback Channel Map13
06-16 15:52:39.967   745  3503 D msm8974_platform: platform_set_channel_map: set mapping(1 2 0 0 0 0 0 0) for channel:2
06-16 15:52:39.968   745  3503 D audio_hw_primary: start_output_stream: exit
06-16 15:52:39.968   745  3503 D msm8974_platform: platform_split_snd_device: snd_device(2) num devices(0) new_snd_devices[0](0) ret=-22
06-16 15:52:39.968   745  3503 I msm8974_platform: platform_get_custom_mtmx_params: no matching param with id 0 ip_ch 2 op_ch 2 uc_id 1 snd_dev 2
06-16 15:52:39.998   745   785 D audio_hw_primary: in_standby: enter: stream (0xeee46bb0) usecase(23: audio-record)
06-16 15:52:39.999  1373  1866 I system_server: oneway function results will be dropped but finished with status OK and parcel size 4
06-16 15:52:40.022  1373  1397 E system_server: Dex checksum does not match for dex: /system/app/Browser2/Browser2.apk.Expected: 931456433, actual: 4140313626
06-16 15:52:40.029  3506  3506 W InputMethodManager: InputMethodManager.peekInstance() is deprecated because it cannot be compatible with multi-display. Use context.getSystemService(InputMethodManager.class) instead.
06-16 15:52:40.029  3506  3506 W InputMethodManager: java.lang.Throwable
06-16 15:52:40.029  3506  3506 W InputMethodManager: 	at android.view.inputmethod.InputMethodManager.peekInstance(InputMethodManager.java:1254)
06-16 15:52:40.029  3506  3506 W InputMethodManager: 	at android.widget.EditText.onWindowFocusChanged(EditText.java:199)
06-16 15:52:40.029  3506  3506 W InputMethodManager: 	at android.view.View.dispatchWindowFocusChanged(View.java:14639)
06-16 15:52:40.029  3506  3506 W InputMethodManager: 	at android.view.ViewGroup.dispatchWindowFocusChanged(ViewGroup.java:1513)
06-16 15:52:40.029  3506  3506 W InputMethodManager: 	at android.view.ViewGroup.dispatchWindowFocusChanged(ViewGroup.java:1513)
06-16 15:52:40.029  3506  3506 W InputMethodManager: 	at android.view.ViewGroup.dispatchWindowFocusChanged(ViewGroup.java:1513)
06-16 15:52:40.029  3506  3506 W InputMethodManager: 	at android.view.ViewGroup.dispatchWindowFocusChanged(ViewGroup.java:1513)
06-16 15:52:40.029  3506  3506 W InputMethodManager: 	at android.view.ViewGroup.dispatchWindowFocusChanged(ViewGroup.java:1513)
06-16 15:52:40.029  3506  3506 W InputMethodManager: 	at android.view.ViewGroup.dispatchWindowFocusChanged(ViewGroup.java:1513)
06-16 15:52:40.029  3506  3506 W InputMethodManager: 	at android.view.ViewGroup.dispatchWindowFocusChanged(ViewGroup.java:1513)
06-16 15:52:40.029  3506  3506 W InputMethodManager: 	at android.view.ViewGroup.dispatchWindowFocusChanged(ViewGroup.java:1513)
06-16 15:52:40.029  3506  3506 W InputMethodManager: 	at android.view.ViewRootImpl.handleWindowFocusChanged(ViewRootImpl.java:3273)
06-16 15:52:40.029  3506  3506 W InputMethodManager: 	at android.view.ViewRootImpl.access$1200(ViewRootImpl.java:201)
06-16 15:52:40.029  3506  3506 W InputMethodManager: 	at android.view.ViewRootImpl$ViewRootHandler.handleMessage(ViewRootImpl.java:5064)
06-16 15:52:40.029  3506  3506 W InputMethodManager: 	at android.os.Handler.dispatchMessage(Handler.java:106)
06-16 15:52:40.029  3506  3506 W InputMethodManager: 	at android.os.Looper.loop(Looper.java:223)
06-16 15:52:40.029  3506  3506 W InputMethodManager: 	at android.app.ActivityThread.main(ActivityThread.java:7705)
06-16 15:52:40.029  3506  3506 W InputMethodManager: 	at java.lang.reflect.Method.invoke(Native Method)
06-16 15:52:40.029  3506  3506 W InputMethodManager: 	at com.android.internal.os.RuntimeInit$MethodAndArgsCaller.run(RuntimeInit.java:592)
06-16 15:52:40.029  3506  3506 W InputMethodManager: 	at com.android.internal.os.ZygoteInit.main(ZygoteInit.java:952)
06-16 15:52:40.036   745   785 D audio_hw_primary: disable_audio_route: reset and update mixer path: audio-record
06-16 15:52:40.037   745   785 D soundtrigger: audio HAL using same device 195 as ST
06-16 15:52:40.037   745   785 D soundtrigger: audio_extn_sound_trigger_update_stream_status: uc_info->id 23 of type 1 for Event 2, with Raise=1
06-16 15:52:40.037   745   785 D soundtrigger: audio_extn_sound_trigger_update_stream_status: send event 12: usecase id 23, type 1
06-16 15:52:40.037   745   785 I sound_trigger_platform: platform_stdev_check_and_update_concurrency: Received STREAM event, event type 12, usecase type 1
06-16 15:52:40.037   745   785 D sound_trigger_platform: platform_stdev_check_and_update_concurrency: dedicated path 0, reset backend 1, tx 1, rx 0,concurrency session not allowed
06-16 15:52:40.037   745   785 D hardware_info: hw_info_append_hw_type : device_name = voice-rec-mic
06-16 15:52:40.037   745   785 D audio_hw_primary: disable_snd_device: snd_device(195: current(before decrease) ref_cnt 1) 
06-16 15:52:40.037   745   785 E audio_hw_primary: disable_snd_device:1snd_device-195,count-0
06-16 15:52:40.037   745   785 D hardware_info: hw_info_append_hw_type : device_name = voice-rec-mic
06-16 15:52:40.037   745   785 D audio_hw_primary: disable_snd_device: snd_device(195: voice-rec-mic)
06-16 15:52:40.037   745   785 D msm8974_platform: platform_split_snd_device: snd_device(195) num devices(0) new_snd_devices[0](0) ret=-22
06-16 15:52:40.038   745   785 D soundtrigger: audio HAL using same device 195 as ST
06-16 15:52:40.038   745   785 I soundtrigger: audio_extn_sound_trigger_update_device_status: device 0xc3 of type 1 for Event 0, with Raise=1
06-16 15:52:40.038   745   785 D sound_trigger_platform: platform_stdev_check_and_update_concurrency: Received DEVICE event, event type 0
06-16 15:52:40.038   745   785 D sound_trigger_platform: platform_stdev_check_and_update_concurrency: dedicated path 0, reset backend 1, tx 0, rx 0,concurrency session allowed
06-16 15:52:40.040  1373  1866 E AppOps  : Attribution not found: uid=1000 pkg=com.vuzix.speechrecognitionservice(null) op=RECORD_AUDIO
06-16 15:52:40.040   745  1326 D audio_hw_primary: adev_release_audio_patch: Remove patch with handle 34
06-16 15:52:40.040   745  1326 D audio_hw_primary: route_input_stream: exit: status(0)
06-16 15:52:40.042  1373  1866 I system_server: oneway function results will be dropped but finished with status OK and parcel size 4
06-16 15:52:40.042  1373  1424 I SoundTriggerMiddlewareLogging: setCaptureState[this=com.android.server.soundtrigger_middleware.SoundTriggerMiddlewareImpl@38ce48b, caller=1041/810](false)
06-16 15:52:40.063  3103  4456 D pal/stdout: StarRec_PAL_MutexDeInit(): pthread_mutex_destroy: EBUSY.
06-16 15:52:40.063  3103  4456 D pal/stdout: StarRec_PAL_MutexDeInit(): pthread_mutex_destroy: EDEADLK.
06-16 15:52:40.063  3103  4456 D pal/stdout: StarRec_PAL_MutexDeInit(): pthread_mutex_destroy: while: EBUSY.
06-16 15:52:40.066  1373  1387 I system_server: oneway function results will be dropped but finished with status OK and parcel size 4
06-16 15:52:40.066  1373  1425 I SoundTriggerMiddlewareLogging: setCaptureState[this=com.android.server.soundtrigger_middleware.SoundTriggerMiddlewareImpl@38ce48b, caller=1041/810](false)
06-16 15:52:40.066  3103  4456 D pal/stdout: StarRec_PAL_ThreadWait(): [DCC_NORMAL_0] thread with thread handle 0x0x7b37c19250 is closed.
06-16 15:52:40.066  1373  1387 I system_server: oneway function results will be dropped but finished with status OK and parcel size 4
06-16 15:52:40.068  1373  1387 I system_server: oneway function results will be dropped but finished with status OK and parcel size 4
06-16 15:52:40.070  3103  4456 D pal/stdout: StarRec_PAL_ThreadWait(): [ASR5_CFG] thread with thread handle 0x0x7b37c17e10 is closed.
06-16 15:52:40.071   745   785 D audio_hw_primary: adev_close_input_stream: enter:stream_handle(0xeee46bb0)
06-16 15:52:40.071   745   785 D audio_hw_primary: io_streams_map_remove: Removed stream with handle 302
06-16 15:52:40.071   745   785 D soundtrigger: audio_extn_sound_trigger_check_ec_ref_enable: EC Reference is disabled
06-16 15:52:40.071   745   785 D sound_trigger_hw: handle_audio_ec_ref_enabled: Enter
06-16 15:52:40.071   745   785 D sound_trigger_hw: handle_audio_ec_ref_enabled: Exit audio ec ref=0
06-16 15:52:40.071   745   785 D soundtrigger: audio_extn_sound_trigger_update_ec_ref_status: update audio echo ref status false
06-16 15:52:40.071   745   785 D audio_hw_primary: in_standby: enter: stream (0xeee46bb0) usecase(23: audio-record)
06-16 15:52:40.071  3103  4456 D pal/stdout: StarRec_PAL_ThreadWait(): [ASR5_FatalListener] thread with thread handle 0x0x7b37c16f10 is closed.
06-16 15:52:40.071  3103  4456 D pal/stdout: StarRec_PAL_ThreadWait(): [ASR5_Dispatcher] thread with thread handle 0x0x7b37c1ce50 is closed.
06-16 15:52:40.072  3103  4456 D pal/stdout: StarRec_PAL_ThreadWait(): [ASR5_Worker0] thread with thread handle 0x0x7b37c1abd0 is closed.
06-16 15:52:40.072  3103  4456 D pal/stdout: StarRec_PAL_ThreadWait(): [ASR5_Worker1] thread with thread handle 0x0x7b37c1c010 is closed.
06-16 15:52:40.072  3103  4456 D pal/stdout: StarRec_PAL_ThreadWait(): [ASR5_Worker2] thread with thread handle 0x0x7b37c1af90 is closed.
06-16 15:52:40.073  3103  4456 D pal/stdout: StarRec_PAL_ThreadWait(): [ASR5_Worker3] thread with thread handle 0x0x7b37c19e50 is closed.
06-16 15:52:40.150  3103  4478 I pal/stdout: StarRec_PAL_ThreadInit(): [ASR5_CFG] initial priority level THREAD_PRIO_NORMAL.
06-16 15:52:40.150  3103  4478 I pal/stdout: StarRec_PAL_ThreadCreate(): [ASR5_CFG] DEFAULT SETTING: invert nice value [3 -> 3].
06-16 15:52:40.150  3103  4478 I pal/stdout: StarRec_PAL_ThreadCreate(): [ASR5_CFG] DEFAULT SETTING: policy [SCHED_OTHER], prio: default [0] + handed-over [3] + 1 = calculated [4].
06-16 15:52:40.150  3103  4478 I pal/stdout: StarRec_PAL_ThreadCreate(): [ASR5_CFG] THREAD CREATED: Policy [0,SCHED_OTHER,OTHER], prio: handed-over [3], final nice,prio [4,0], min [0], max [0]. 
06-16 15:52:40.151  3103  4479 I pal/stdout: fpThreadRoutine_setThreadName(): [ASR5_CFG] ok -> set/getpriority (4)/(4) - hdl [-1725813568] ID [4479].
06-16 15:52:40.151  3103  4478 I pal/stdout: StarRec_PAL_ThreadInit(): [ASR5_Worker0] initial priority level THREAD_PRIO_NORMAL.
06-16 15:52:40.151  3103  4478 I pal/stdout: StarRec_PAL_ThreadCreate(): [ASR5_Worker0] DEFAULT SETTING: invert nice value [3 -> 3].
06-16 15:52:40.151  3103  4478 I pal/stdout: StarRec_PAL_ThreadCreate(): [ASR5_Worker0] DEFAULT SETTING: policy [SCHED_OTHER], prio: default [0] + handed-over [3] + 1 = calculated [4].
06-16 15:52:40.151  3103  4479 I pal/stdout: sMainWrapper_PrintPrio(): 
06-16 15:52:40.151  3103  4479 I pal/stdout: 	 pid 4479's priority: 4, name: ASR5_CFG
06-16 15:52:40.151  3103  4478 I pal/stdout: StarRec_PAL_ThreadCreate(): [ASR5_Worker0] THREAD CREATED: Policy [0,SCHED_OTHER,OTHER], prio: handed-over [3], final nice,prio [4,0], min [0], max [0]. 
06-16 15:52:40.151  3103  4479 I pal/stdout: sMainWrapper_PrintPrio(): 	 scheduling class: 
06-16 15:52:40.151  3103  4479 I pal/stdout: sMainWrapper_PrintPrio(): 	 OTHER / Normal 
06-16 15:52:40.151  3103  4479 I pal/stdout: sMainWrapper_PrintPrio(): 	 RT prio: 0 (of 0 to 0)
06-16 15:52:40.152  3103  4478 I pal/stdout: StarRec_PAL_ThreadInit(): [ASR5_Worker1] initial priority level THREAD_PRIO_NORMAL.
06-16 15:52:40.152  3103  4478 I pal/stdout: StarRec_PAL_ThreadCreate(): [ASR5_Worker1] DEFAULT SETTING: invert nice value [3 -> 3].
06-16 15:52:40.152  3103  4478 I pal/stdout: StarRec_PAL_ThreadCreate(): [ASR5_Worker1] DEFAULT SETTING: policy [SCHED_OTHER], prio: default [0] + handed-over [3] + 1 = calculated [4].
06-16 15:52:40.152  3103  4480 I pal/stdout: fpThreadRoutine_setThreadName(): [ASR5_Worker0] ok -> set/getpriority (4)/(4) - hdl [-1727116096] ID [4480].
06-16 15:52:40.152  3103  4480 I pal/stdout: sMainWrapper_PrintPrio(): 
06-16 15:52:40.152  3103  4480 I pal/stdout: 	 pid 4480's priority: 4, name: ASR5_Worker0
06-16 15:52:40.152  3103  4480 I pal/stdout: sMainWrapper_PrintPrio(): 	 scheduling class: 
06-16 15:52:40.152  3103  4478 I pal/stdout: StarRec_PAL_ThreadCreate(): [ASR5_Worker1] THREAD CREATED: Policy [0,SCHED_OTHER,OTHER], prio: handed-over [3], final nice,prio [4,0], min [0], max [0]. 
06-16 15:52:40.152  3103  4480 I pal/stdout: sMainWrapper_PrintPrio(): 	 OTHER / Normal 
06-16 15:52:40.152  3103  4480 I pal/stdout: sMainWrapper_PrintPrio(): 	 RT prio: 0 (of 0 to 0)
06-16 15:52:40.152  3103  4481 I pal/stdout: fpThreadRoutine_setThreadName(): [ASR5_Worker1] ok -> set/getpriority (4)/(4) - hdl [-1762976576] ID [4481].
06-16 15:52:40.152  3103  4481 I pal/stdout: sMainWrapper_PrintPrio(): 
06-16 15:52:40.152  3103  4481 I pal/stdout: 	 pid 4481's priority: 4, name: ASR5_Worker1
06-16 15:52:40.152  3103  4481 I pal/stdout: sMainWrapper_PrintPrio(): 	 scheduling class: 
06-16 15:52:40.152  3103  4481 I pal/stdout: sMainWrapper_PrintPrio(): 	 OTHER / Normal 
06-16 15:52:40.152  3103  4481 I pal/stdout: sMainWrapper_PrintPrio(): 	 RT prio: 0 (of 0 to 0)
06-16 15:52:40.153  3103  4478 I pal/stdout: StarRec_PAL_ThreadInit(): [ASR5_Worker2] initial priority level THREAD_PRIO_NORMAL.
06-16 15:52:40.153  3103  4478 I pal/stdout: StarRec_PAL_ThreadCreate(): [ASR5_Worker2] DEFAULT SETTING: invert nice value [3 -> 3].
06-16 15:52:40.153  3103  4478 I pal/stdout: StarRec_PAL_ThreadCreate(): [ASR5_Worker2] DEFAULT SETTING: policy [SCHED_OTHER], prio: default [0] + handed-over [3] + 1 = calculated [4].
06-16 15:52:40.153  3103  4478 I pal/stdout: StarRec_PAL_ThreadCreate(): [ASR5_Worker2] THREAD CREATED: Policy [0,SCHED_OTHER,OTHER], prio: handed-over [3], final nice,prio [4,0], min [0], max [0]. 
06-16 15:52:40.153  3103  4478 I pal/stdout: StarRec_PAL_ThreadInit(): [ASR5_Worker3] initial priority level THREAD_PRIO_NORMAL.
06-16 15:52:40.153  3103  4478 I pal/stdout: StarRec_PAL_ThreadCreate(): [ASR5_Worker3] DEFAULT SETTING: invert nice value [3 -> 3].
06-16 15:52:40.153  3103  4478 I pal/stdout: StarRec_PAL_ThreadCreate(): [ASR5_Worker3] DEFAULT SETTING: policy [SCHED_OTHER], prio: default [0] + handed-over [3] + 1 = calculated [4].
06-16 15:52:40.153  3103  4478 I pal/stdout: StarRec_PAL_ThreadCreate(): [ASR5_Worker3] THREAD CREATED: Policy [0,SCHED_OTHER,OTHER], prio: handed-over [3], final nice,prio [4,0], min [0], max [0]. 
06-16 15:52:40.153  3103  4478 I pal/stdout: StarRec_PAL_ThreadInit(): [ASR5_Dispatcher] initial priority level THREAD_PRIO_NORMAL.
06-16 15:52:40.153  3103  4478 I pal/stdout: StarRec_PAL_ThreadCreate(): [ASR5_Dispatcher] DEFAULT SETTING: invert nice value [3 -> 3].
06-16 15:52:40.153  3103  4478 I pal/stdout: StarRec_PAL_ThreadCreate(): [ASR5_Dispatcher] DEFAULT SETTING: policy [SCHED_OTHER], prio: default [0] + handed-over [3] + 1 = calculated [4].
06-16 15:52:40.153  3103  4482 I pal/stdout: fpThreadRoutine_setThreadName(): [ASR5_Worker2] ok -> set/getpriority (4)/(4) - hdl [-1764016960] ID [4482].
06-16 15:52:40.153  3103  4483 I pal/stdout: fpThreadRoutine_setThreadName(): [ASR5_Worker3] ok -> set/getpriority (4)/(4) - hdl [-1765057344] ID [4483].
06-16 15:52:40.153  3103  4478 I pal/stdout: StarRec_PAL_ThreadCreate(): [ASR5_Dispatcher] THREAD CREATED: Policy [0,SCHED_OTHER,OTHER], prio: handed-over [3], final nice,prio [4,0], min [0], max [0]. 
06-16 15:52:40.153  3103  4483 I pal/stdout: sMainWrapper_PrintPrio(): 
06-16 15:52:40.153  3103  4483 I pal/stdout: 	 pid 4483's priority: 4, name: ASR5_Worker3
06-16 15:52:40.153  3103  4483 I pal/stdout: sMainWrapper_PrintPrio(): 	 scheduling class: 
06-16 15:52:40.153  3103  4482 I pal/stdout: sMainWrapper_PrintPrio(): 
06-16 15:52:40.153  3103  4482 I pal/stdout: 	 pid 4482's priority: 4, name: ASR5_Worker2
06-16 15:52:40.153  3103  4478 I pal/stdout: StarRec_PAL_ThreadInit(): [ASR5_FatalListener] initial priority level THREAD_PRIO_NORMAL.
06-16 15:52:40.153  3103  4478 I pal/stdout: StarRec_PAL_ThreadCreate(): [ASR5_FatalListener] DEFAULT SETTING: invert nice value [3 -> 3].
06-16 15:52:40.153  3103  4478 I pal/stdout: StarRec_PAL_ThreadCreate(): [ASR5_FatalListener] DEFAULT SETTING: policy [SCHED_OTHER], prio: default [0] + handed-over [3] + 1 = calculated [4].
06-16 15:52:40.153  3103  4482 I pal/stdout: sMainWrapper_PrintPrio(): 	 scheduling class: 
06-16 15:52:40.153  3103  4482 I pal/stdout: sMainWrapper_PrintPrio(): 	 OTHER / Normal 
06-16 15:52:40.153  3103  4478 I pal/stdout: StarRec_PAL_ThreadCreate(): [ASR5_FatalListener] THREAD CREATED: Policy [0,SCHED_OTHER,OTHER], prio: handed-over [3], final nice,prio [4,0], min [0], max [0]. 
06-16 15:52:40.153  3103  4482 I pal/stdout: sMainWrapper_PrintPrio(): 	 RT prio: 0 (of 0 to 0)
06-16 15:52:40.153  3103  4484 I pal/stdout: fpThreadRoutine_setThreadName(): [ASR5_Dispatcher] ok -> set/getpriority (4)/(4) - hdl [-1766097728] ID [4484].
06-16 15:52:40.153  3103  4484 I pal/stdout: sMainWrapper_PrintPrio(): 
06-16 15:52:40.153  3103  4484 I pal/stdout: 	 pid 4484's priority: 4, name: ASR5_Dispatcher
06-16 15:52:40.153  3103  4483 I pal/stdout: sMainWrapper_PrintPrio(): 	 OTHER / Normal 
06-16 15:52:40.153  3103  4483 I pal/stdout: sMainWrapper_PrintPrio(): 	 RT prio: 0 (of 0 to 0)
06-16 15:52:40.153  3103  4484 I pal/stdout: sMainWrapper_PrintPrio(): 	 scheduling class: 
06-16 15:52:40.153  3103  4484 I pal/stdout: sMainWrapper_PrintPrio(): 	 OTHER / Normal 
06-16 15:52:40.153  3103  4484 I pal/stdout: sMainWrapper_PrintPrio(): 	 RT prio: 0 (of 0 to 0)
06-16 15:52:40.154  3103  4485 I pal/stdout: fpThreadRoutine_setThreadName(): [ASR5_FatalListener] ok -> set/getpriority (4)/(4) - hdl [-1767138112] ID [4485].
06-16 15:52:40.154  3103  4485 I pal/stdout: sMainWrapper_PrintPrio(): 
06-16 15:52:40.154  3103  4485 I pal/stdout: 	 pid 4485's priority: 4, name: ASR5_FatalListener
06-16 15:52:40.154  3103  4485 I pal/stdout: sMainWrapper_PrintPrio(): 	 scheduling class: 
06-16 15:52:40.154  3103  4485 I pal/stdout: sMainWrapper_PrintPrio(): 	 OTHER / Normal 
06-16 15:52:40.154  3103  4485 I pal/stdout: sMainWrapper_PrintPrio(): 	 RT prio: 0 (of 0 to 0)
06-16 15:52:40.181  3103  4478 I pal/stdout: StarRec_PAL_ThreadInit(): [DCC_CREATION_0] initial priority level THREAD_PRIO_NORMAL.
06-16 15:52:40.181  3103  4478 I pal/stdout: StarRec_PAL_ThreadCreate(): [DCC_CREATION_0] DEFAULT SETTING: invert nice value [3 -> 3].
06-16 15:52:40.181  3103  4478 I pal/stdout: StarRec_PAL_ThreadCreate(): [DCC_CREATION_0] DEFAULT SETTING: policy [SCHED_OTHER], prio: default [0] + handed-over [3] + 1 = calculated [4].
06-16 15:52:40.181  3103  4478 I pal/stdout: StarRec_PAL_ThreadCreate(): [DCC_CREATION_0] THREAD CREATED: Policy [0,SCHED_OTHER,OTHER], prio: handed-over [3], final nice,prio [4,0], min [0], max [0]. 
06-16 15:52:40.181  3103  4486 I pal/stdout: fpThreadRoutine_setThreadName(): [DCC_CREATION_0] ok -> set/getpriority (4)/(4) - hdl [1011920064] ID [4486].
06-16 15:52:40.182  3103  4486 I pal/stdout: sMainWrapper_PrintPrio(): 
06-16 15:52:40.182  3103  4486 I pal/stdout: 	 pid 4486's priority: 4, name: DCC_CREATION_0
06-16 15:52:40.182  3103  4486 I pal/stdout: sMainWrapper_PrintPrio(): 	 scheduling class: 
06-16 15:52:40.182  3103  4486 I pal/stdout: sMainWrapper_PrintPrio(): 	 OTHER / Normal 
06-16 15:52:40.182  3103  4486 I pal/stdout: sMainWrapper_PrintPrio(): 	 RT prio: 0 (of 0 to 0)
06-16 15:52:40.186  3103  4486 I DCCListener: DCC event: DCC_CREATION_STARTED ()
06-16 15:52:40.188  3103  4486 I DCCListener: DCC event: DCC_DATA_ID ()
06-16 15:52:40.188  3103  4486 I DCCListener: DCC event: DCC_WITH_N_ENTRIES (59)
06-16 15:52:40.188  3103  4486 I DCCListener: DCC event: DCC_CREATION_FINISHED ()
06-16 15:52:40.190   745   785 D audio_hw_primary: adev_open_input_stream: enter: sample_rate(16000) channel_mask(0x10) devices(0x80000004)        stream_handle(0xeee446f0) io_handle(310) source(6) format 1
06-16 15:52:40.190   745   785 D audio_hw_primary: io_streams_map_insert: Added stream in io_streams_map with handle 310
06-16 15:52:40.190   745   785 E device_utils: update_device_list: Invalid device: 0
06-16 15:52:40.195   810  4488 I AudioFlinger: AudioFlinger's thread 0x7bc9069040 tid=4488 ready to run
06-16 15:52:40.196   745   785 D audio_hw_primary: in_standby: enter: stream (0xeee446f0) usecase(23: audio-record)
06-16 15:52:40.197   745   785 D audio_hw_primary: in_standby: enter: stream (0xeee446f0) usecase(23: audio-record)
06-16 15:52:40.197  3103  4478 I pal/stdout: StarRec_PAL_ThreadInit(): [DCC_NORMAL_0] initial priority level THREAD_PRIO_NORMAL.
06-16 15:52:40.197  3103  4478 I pal/stdout: StarRec_PAL_ThreadCreate(): [DCC_NORMAL_0] DEFAULT SETTING: invert nice value [3 -> 3].
06-16 15:52:40.197  3103  4478 I pal/stdout: StarRec_PAL_ThreadCreate(): [DCC_NORMAL_0] DEFAULT SETTING: policy [SCHED_OTHER], prio: default [0] + handed-over [3] + 1 = calculated [4].
06-16 15:52:40.197  3103  4478 I pal/stdout: StarRec_PAL_ThreadCreate(): [DCC_NORMAL_0] THREAD CREATED: Policy [0,SCHED_OTHER,OTHER], prio: handed-over [3], final nice,prio [4,0], min [0], max [0]. 
06-16 15:52:40.197  3103  4478 I AsrConfiguration: Add app: VuzixApp-en
06-16 15:52:40.197  3103  4490 I pal/stdout: fpThreadRoutine_setThreadName(): [DCC_NORMAL_0] ok -> set/getpriority (4)/(4) - hdl [789159104] ID [4490].
06-16 15:52:40.197  3103  4490 I pal/stdout: sMainWrapper_PrintPrio(): 
06-16 15:52:40.197  3103  4490 I pal/stdout: 	 pid 4490's priority: 4, name: DCC_NORMAL_0
06-16 15:52:40.197  3103  4490 I pal/stdout: sMainWrapper_PrintPrio(): 	 scheduling class: 
06-16 15:52:40.197  3103  4490 I pal/stdout: sMainWrapper_PrintPrio(): 	 OTHER / Normal 
06-16 15:52:40.197  3103  4490 I pal/stdout: sMainWrapper_PrintPrio(): 	 RT prio: 0 (of 0 to 0)
06-16 15:52:40.198  1373  1387 I system_server: oneway function results will be dropped but finished with status OK and parcel size 4
06-16 15:52:40.198  1373  1387 I system_server: oneway function results will be dropped but finished with status OK and parcel size 4
06-16 15:52:40.198  3103  4490 D pal/stdout: StarRec_PAL_ThreadWait(): [DCC_CREATION_0] thread with thread handle 0x0x7b37c19250 is closed.
06-16 15:52:40.199  1373  1387 I system_server: oneway function results will be dropped but finished with status OK and parcel size 4
06-16 15:52:40.200  3103  4490 I DCCListener: DCC event: DCC_DATA_PREPARATION_STARTED ()
06-16 15:52:40.217  3103  3103 D VzxSrSpeechRecognitionService: Icon IconStatusSleep
06-16 15:52:40.219   745  1326 D audio_hw_primary: adev_create_audio_patch: enter: num sources 1, num_sinks 1, handle 0
06-16 15:52:40.220   745  1326 D audio_hw_primary: adev_create_audio_patch: Capture patch from device 80000004 to mix 310
06-16 15:52:40.220   745  1326 D audio_hw_primary: update_patch: enter
06-16 15:52:40.220   745  1326 D audio_hw_primary: route_input_stream: exit: status(0)
06-16 15:52:40.220   745  1326 D audio_hw_primary: adev_create_audio_patch: Added a new patch with handle 35
06-16 15:52:40.220  1373  1425 I system_server: oneway function results will be dropped but finished with status OK and parcel size 4
06-16 15:52:40.220   745   785 E device_utils: update_device_list: Invalid device: 0
06-16 15:52:40.220  1373  1425 I system_server: oneway function results will be dropped but finished with status OK and parcel size 4
06-16 15:52:40.223  1373  1387 I SoundTriggerMiddlewareLogging: setCaptureState[this=com.android.server.soundtrigger_middleware.SoundTriggerMiddlewareImpl@38ce48b, caller=1041/810](true)
06-16 15:52:40.224   745   785 E FMQ     : grantorIdx must be less than 3
06-16 15:52:40.224   745   785 E FMQ     : grantorIdx must be less than 3
06-16 15:52:40.225   810  4488 E FMQ     : grantorIdx must be less than 3
06-16 15:52:40.225   810  4488 E FMQ     : grantorIdx must be less than 3
06-16 15:52:40.225   745  4492 D audio_hw_primary: start_input_stream: enter: stream(0xeee446f0)usecase(23: audio-record), source 6
06-16 15:52:40.226   745  4492 D audio_hw_primary: select_devices for use case (audio-record)
06-16 15:52:40.226   745  4492 I msm8974_platform: platform_check_and_set_capture_codec_backend_cfg:txbecf: afe: bitwidth 16, samplerate 16000, channel 1 format 1, backend_idx 8 usecase = 23 device (voice-rec-mic)
06-16 15:52:40.226   745  4492 I msm8974_platform: platform_check_capture_codec_backend_cfg:txbecf: afe: Codec selected backend: 8 current bit width: 16 and sample rate: 16000, channels 1 format 1
06-16 15:52:40.226   745  4492 I msm8974_platform: platform_check_capture_codec_backend_cfg:txbecf: afe: current backend bit_width 16 sample_rate 48000 channels 1, format 0
06-16 15:52:40.226   745  4492 I msm8974_platform: platform_check_capture_codec_backend_cfg:txbecf: afe: Codec backend needs to be updated. new bit width: 16 new sample rate: 48000 new channel: 1 new format: 1
06-16 15:52:40.226   745  4492 I msm8974_platform: platform_set_codec_backend_cfg:becf: afe: bitwidth 16, samplerate 48000 channels 1 format 1, backend_idx 8 device (voice-rec-mic)
06-16 15:52:40.226   745  4492 D audio_hw_primary: check_usecases_capture_codec_backend:becf: force routing 0
06-16 15:52:40.226   745  4492 E audio_hw_primary: enable_snd_device: addcheck2 other record usecase's dev
06-16 15:52:40.226   745  4492 D hardware_info: hw_info_append_hw_type : device_name = voice-rec-mic
06-16 15:52:40.226   745  4492 D audio_hw_primary: enable_snd_device: snd_device(195: current(before increase) ref_cnt 0)
06-16 15:52:40.226   745  4492 D msm8974_platform: platform_split_snd_device: snd_device(195) num devices(0) new_snd_devices[0](0) ret=-22
06-16 15:52:40.226   745  4492 D audio_hw_primary: enable_snd_device: snd_device(195: voice-rec-mic)
06-16 15:52:40.226   745  4492 D msm8974_platform: platform_get_island_cfg_on_device:island cfg status on snd_device = (voice-rec-mic 0)
06-16 15:52:40.226   745  4492 D soundtrigger: audio HAL using same device 195 as ST
06-16 15:52:40.226   745  4492 I soundtrigger: audio_extn_sound_trigger_update_device_status: device 0xc3 of type 1 for Event 1, with Raise=1
06-16 15:52:40.226   745  4492 D sound_trigger_platform: platform_stdev_check_and_update_concurrency: Received DEVICE event, event type 1
06-16 15:52:40.226   745  4492 D sound_trigger_platform: platform_stdev_check_and_update_concurrency: dedicated path 0, reset backend 1, tx 1, rx 0,concurrency session not allowed
06-16 15:52:40.226   745  4492 D audio_route: Apply path: voice-rec-mic
06-16 15:52:40.229   745  4492 D soundtrigger: audio HAL using same device 195 as ST
06-16 15:52:40.229   745  4492 D soundtrigger: audio_extn_sound_trigger_update_stream_status: uc_info->id 23 of type 1 for Event 3, with Raise=1
06-16 15:52:40.229   745  4492 D soundtrigger: audio_extn_sound_trigger_update_stream_status: send event 13: usecase id 23, type 1
06-16 15:52:40.229   745  4492 I sound_trigger_platform: platform_stdev_check_and_update_concurrency: Received STREAM event, event type 13, usecase type 1
06-16 15:52:40.229   745  4492 D sound_trigger_platform: platform_stdev_check_and_update_concurrency: dedicated path 0, reset backend 1, tx 1, rx 0,concurrency session not allowed
06-16 15:52:40.229   745  4492 D audio_hw_utils: audio_extn_utils_send_app_type_cfg: usecase->in_snd_device voice-rec-mic
06-16 15:52:40.229   745  4492 D msm8974_platform: platform_split_snd_device: snd_device(195) num devices(0) new_snd_devices[0](0) ret=-22
06-16 15:52:40.229   745  4492 D msm8974_platform: platform_get_snd_device_backend_index: device 195 is hw_interface_name INT3_MI2S_TX is be_dai_id=152
06-16 15:52:40.229   745  4492 D audio_hw_utils: audio_extn_btsco_get_sample_rate:Not a BT SCO device, need not update sampling rate
06-16 15:52:40.229   745  4492 I audio_hw_utils: send_app_type_cfg_for_device CAPTURE app_type 69938, acdb_dev_id 11, sample_rate 16000, snd_device_be_idx 152
06-16 15:52:40.230   745  4492 D msm8974_platform: platform_split_snd_device: snd_device(195) num devices(1) new_snd_devices[0](0) ret=-22
06-16 15:52:40.230   745  4492 D audio_hw_utils: audio_extn_btsco_get_sample_rate:Not a BT SCO device, need not update sampling rate
06-16 15:52:40.230   745  4492 D ACDB-LOADER: ACDB -> send_audio_cal, acdb_id = 11, path = 1, app id = 0x11132, sample rate = 16000, afe_sample_rate = 48000
06-16 15:52:40.230   745  4492 D ACDB-LOADER: ACDB -> send_asm_topology
06-16 15:52:40.230   745  4492 D ACDB-LOADER: ACDB -> ACDB_CMD_GET_AUDPROC_STREAM_TOPOLOGY_ID
06-16 15:52:40.230   745  4492 D ACDB-LOADER: ACDB -> send_adm_topology
06-16 15:52:40.230   745  4492 D ACDB-LOADER: ACDB -> ACDB_CMD_GET_AUDPROC_COMMON_TOPOLOGY_ID
06-16 15:52:40.230   745  4492 D ACDB-LOADER: ACDB -> send_audtable
06-16 15:52:40.230   745  4492 D ACDB-LOADER: ACDB -> ACDB_CMD_GET_AUDPROC_COMMON_TABLE_SIZE
06-16 15:52:40.230   745  4492 D ACDB-LOADER: ACDB -> ACDB_CMD_GET_AUDPROC_COMMON_TABLE
06-16 15:52:40.230   745  4492 D ACDB-LOADER: ACDB -> AUDIO_SET_AUDPROC_CAL cal_type[11] acdb_id[11] app_type[69938]
06-16 15:52:40.230   745  4492 D ACDB-LOADER: ACDB -> ACDB_CMD_GET_AUDPROC_STREAM_TABLE_SIZE
06-16 15:52:40.230   745  4492 D ACDB-LOADER: ACDB -> send_audstrmtable
06-16 15:52:40.230   745  4492 D ACDB-LOADER: ACDB -> ACDB_CMD_GET_AUDPROC_STREAM_TABLE_V2
06-16 15:52:40.230   745  4492 D ACDB-LOADER: ACDB -> audstrm_cal->cal_type.cal_data.cal_size = 16
06-16 15:52:40.230   745  4492 D ACDB-LOADER: ACDB -> send_afe_topology
06-16 15:52:40.230   745  4492 D ACDB-LOADER: ACDB -> ACDB_CMD_GET_AFE_TOPOLOGY_ID
06-16 15:52:40.230   745  4492 D ACDB-LOADER: ACDB -> GET_AFE_TOPOLOGY_ID for adcd_id 11, Topology Id 112fb
06-16 15:52:40.230   745  4492 D ACDB-LOADER: ACDB -> send_afe_cal
06-16 15:52:40.230   745  4492 D ACDB-LOADER: ACDB -> ACDB_CMD_GET_AFE_COMMON_TABLE_SIZE
06-16 15:52:40.230   745  4492 D android.hardware.audio.service: Failed to fetch the lookup information of the device 000018EB 11
06-16 15:52:40.230   745  4492 D ACDB-LOADER: Error: ACDB_CMD_GET_AFE_COMMON_TABLE_SIZE Returned = -19
06-16 15:52:40.230   745  4492 D ACDB-LOADER: ACDB -> ACDB_CMD_GET_AFE_COMMON_TABLE
06-16 15:52:40.230   745  4492 D android.hardware.audio.service: Failed to fetch the lookup information of the device 000018EB 11
06-16 15:52:40.230   745  4492 D ACDB-LOADER: Error: ACDB AFE returned = -19
06-16 15:52:40.230   745  4492 D ACDB-LOADER: ACDB -> AUDIO_SET_AFE_CAL cal_type[17] acdb_id[11]
06-16 15:52:40.230   745  4492 D ACDB-LOADER: ACDB -> send_hw_delay : acdb_id = 11 path = 1
06-16 15:52:40.230   745  4492 D ACDB-LOADER: ACDB -> ACDB_AVSYNC_INFO: ACDB_CMD_GET_DEVICE_PROPERTY
06-16 15:52:40.230   745  4492 D audio_hw_primary: enable_audio_route: apply mixer and update path: audio-record
06-16 15:52:40.230   745  4492 D audio_route: Apply path: audio-record
06-16 15:52:40.232   745  4492 D audio_hw_primary: select_devices: done
06-16 15:52:40.241  3103  4490 I ContentValuesIterator: DCC item: CustomPhrase_Ortho->hello view-zix
06-16 15:52:40.244  3103  4490 I ContentValuesIterator: DCC item: CustomPhrase_Ortho->Voice off
06-16 15:52:40.245  3103  4490 I ContentValuesIterator: DCC item: CustomPhrase_Ortho->Please enter evaluation mode
06-16 15:52:40.248  3103  4490 I ContentValuesIterator: DCC item: CustomPhrase_Ortho->Please exit evaluation mode
06-16 15:52:40.251  3103  4490 I ContentValuesIterator: DCC item: CustomPhrase_Ortho->Speech settings
06-16 15:52:40.252  3103  4490 I ContentValuesIterator: DCC item: CustomPhrase_Ortho->Speech commands
06-16 15:52:40.254  3103  4490 I ContentValuesIterator: DCC item: CustomPhrase_Ortho->Command list
06-16 15:52:40.255  3103  4490 I ContentValuesIterator: DCC item: CustomPhrase_Ortho->Torch on
06-16 15:52:40.256  3103  4490 I ContentValuesIterator: DCC item: CustomPhrase_Ortho->Flashlight on
06-16 15:52:40.258  3103  4490 I ContentValuesIterator: DCC item: CustomPhrase_Ortho->Torch off
06-16 15:52:40.259  3103  4490 I ContentValuesIterator: DCC item: CustomPhrase_Ortho->Flashlight off
06-16 15:52:40.259   745  4492 D audio_hw_primary: start_input_stream: exit
06-16 15:52:40.261  3103  4490 I ContentValuesIterator: DCC item: CustomPhrase_Ortho->Go to sleep
06-16 15:52:40.262  3103  4490 I ContentValuesIterator: DCC item: CustomPhrase_Ortho->View notifications
06-16 15:52:40.264  3103  4490 I ContentValuesIterator: DCC item: CustomPhrase_Ortho->Open notifications
06-16 15:52:40.266  3103  4490 I ContentValuesIterator: DCC item: CustomPhrase_Ortho->Take a picture
06-16 15:52:40.267  3103  4490 I ContentValuesIterator: DCC item: CustomPhrase_Ortho->Start recording
06-16 15:52:40.269  3103  4490 I ContentValuesIterator: DCC item: CustomPhrase_Ortho->Take a video
06-16 15:52:40.270   810  1209 W APM::AudioPolicyEngine: getDevicesForStrategy() unknown strategy: -1
06-16 15:52:40.270  1373  1425 I system_server: oneway function results will be dropped but finished with status OK and parcel size 4
06-16 15:52:40.270  3103  4490 I ContentValuesIterator: DCC item: CustomPhrase_Ortho->Okay
06-16 15:52:40.271  3103  4490 I ContentValuesIterator: DCC item: CustomPhrase_Ortho->Open
06-16 15:52:40.272  3103  4490 I ContentValuesIterator: DCC item: CustomPhrase_Ortho->Confirm
06-16 15:52:40.273  3103  4490 I ContentValuesIterator: DCC item: CustomPhrase_Ortho->Select this
06-16 15:52:40.274  3103  4490 I ContentValuesIterator: DCC item: CustomPhrase_Ortho->Pick this
06-16 15:52:40.276  3103  4490 I ContentValuesIterator: DCC item: CustomPhrase_Ortho->Move left
06-16 15:52:40.277  3103  4490 I ContentValuesIterator: DCC item: CustomPhrase_Ortho->Go left
06-16 15:52:40.278  3103  4490 I ContentValuesIterator: DCC item: CustomPhrase_Ortho->Scroll left
06-16 15:52:40.280  3103  4490 I ContentValuesIterator: DCC item: CustomPhrase_Ortho->Move right
06-16 15:52:40.281  3103  4490 I ContentValuesIterator: DCC item: CustomPhrase_Ortho->Go right
06-16 15:52:40.283  3103  4490 I ContentValuesIterator: DCC item: CustomPhrase_Ortho->Scroll right
06-16 15:52:40.284  3103  4490 I ContentValuesIterator: DCC item: CustomPhrase_Ortho->Move up
06-16 15:52:40.285  3103  4490 I ContentValuesIterator: DCC item: CustomPhrase_Ortho->Go up
06-16 15:52:40.286  3103  4490 I ContentValuesIterator: DCC item: CustomPhrase_Ortho->Scroll up
06-16 15:52:40.287  3103  4490 I ContentValuesIterator: DCC item: CustomPhrase_Ortho->Move down
06-16 15:52:40.288  3103  4490 I ContentValuesIterator: DCC item: CustomPhrase_Ortho->Go down
06-16 15:52:40.289  3103  4490 I ContentValuesIterator: DCC item: CustomPhrase_Ortho->Scroll down
06-16 15:52:40.291  3103  4490 I ContentValuesIterator: DCC item: CustomPhrase_Ortho->Go back
06-16 15:52:40.292  3103  4490 I ContentValuesIterator: DCC item: CustomPhrase_Ortho->Close
06-16 15:52:40.293  3103  4490 I ContentValuesIterator: DCC item: CustomPhrase_Ortho->Cancel
06-16 15:52:40.294  3103  4490 I ContentValuesIterator: DCC item: CustomPhrase_Ortho->Go home
06-16 15:52:40.295  3103  4490 I ContentValuesIterator: DCC item: CustomPhrase_Ortho->Quit
06-16 15:52:40.296  3103  4490 I ContentValuesIterator: DCC item: CustomPhrase_Ortho->Show menu
06-16 15:52:40.298  3103  4490 I ContentValuesIterator: DCC item: CustomPhrase_Ortho->Page down
06-16 15:52:40.299  3103  4490 I ContentValuesIterator: DCC item: CustomPhrase_Ortho->Page up
06-16 15:52:40.300  3103  4490 I ContentValuesIterator: DCC item: CustomPhrase_Ortho->Volume down
06-16 15:52:40.301  3103  4490 I ContentValuesIterator: DCC item: CustomPhrase_Ortho->Volume up
06-16 15:52:40.303  3103  4490 I ContentValuesIterator: DCC item: CustomPhrase_Ortho->Stop
06-16 15:52:40.303  3103  4490 I ContentValuesIterator: DCC item: CustomPhrase_Ortho->1
06-16 15:52:40.304  3103  4490 I ContentValuesIterator: DCC item: CustomPhrase_Ortho->2
06-16 15:52:40.305  3103  4490 I ContentValuesIterator: DCC item: CustomPhrase_Ortho->3
06-16 15:52:40.306  3103  4490 I ContentValuesIterator: DCC item: CustomPhrase_Ortho->4
06-16 15:52:40.306  3103  4490 I ContentValuesIterator: DCC item: CustomPhrase_Ortho->5
06-16 15:52:40.307  3103  4490 I ContentValuesIterator: DCC item: CustomPhrase_Ortho->6
06-16 15:52:40.308  3103  4490 I ContentValuesIterator: DCC item: CustomPhrase_Ortho->7
06-16 15:52:40.308  3103  4490 I ContentValuesIterator: DCC item: CustomPhrase_Ortho->8
06-16 15:52:40.309  3103  4490 I ContentValuesIterator: DCC item: CustomPhrase_Ortho->9
06-16 15:52:40.310  3103  4490 I ContentValuesIterator: DCC item: CustomPhrase_Ortho->10
06-16 15:52:40.311  3103  4490 I ContentValuesIterator: DCC item: CustomPhrase_Ortho->11
06-16 15:52:40.312  3103  4490 I ContentValuesIterator: DCC item: CustomPhrase_Ortho->12
06-16 15:52:40.313  3103  4490 I ContentValuesIterator: DCC item: CustomPhrase_Ortho->13
06-16 15:52:40.314  3103  4490 I ContentValuesIterator: DCC item: CustomPhrase_Ortho->14
06-16 15:52:40.315  3103  4490 I ContentValuesIterator: DCC item: CustomPhrase_Ortho->15
06-16 15:52:40.316  3103  4490 I ContentValuesIterator: DCC item: CustomPhrase_Ortho->16
06-16 15:52:40.317  3103  4490 I ContentValuesIterator: DCC item: CustomPhrase_Ortho->17
06-16 15:52:40.318  3103  4490 I ContentValuesIterator: DCC item: CustomPhrase_Ortho->18
06-16 15:52:40.319  3103  4490 I ContentValuesIterator: DCC item: CustomPhrase_Ortho->19
06-16 15:52:40.319  3103  4490 I ContentValuesIterator: DCC item: CustomPhrase_Ortho->20
06-16 15:52:40.320  3103  4490 I ContentValuesIterator: DCC item: CustomPhrase_Ortho->21
06-16 15:52:40.321  3103  4490 I ContentValuesIterator: DCC item: CustomPhrase_Ortho->22
06-16 15:52:40.322  3103  4490 I ContentValuesIterator: DCC item: CustomPhrase_Ortho->23
06-16 15:52:40.323  3103  4490 I ContentValuesIterator: DCC item: CustomPhrase_Ortho->24
06-16 15:52:40.323  3103  4490 I ContentValuesIterator: DCC item: CustomPhrase_Ortho->25
06-16 15:52:40.324  3103  4490 I ContentValuesIterator: DCC item: CustomPhrase_Ortho->26
06-16 15:52:40.325  3103  4490 I ContentValuesIterator: DCC item: CustomPhrase_Ortho->27
06-16 15:52:40.326  3103  4490 I ContentValuesIterator: DCC item: CustomPhrase_Ortho->28
06-16 15:52:40.327  3103  4490 I ContentValuesIterator: DCC item: CustomPhrase_Ortho->29
06-16 15:52:40.328  3103  4490 I ContentValuesIterator: DCC item: CustomPhrase_Ortho->30
06-16 15:52:40.329  3103  4490 I ContentValuesIterator: DCC item: CustomPhrase_Ortho->31
06-16 15:52:40.330  3103  4490 I ContentValuesIterator: DCC item: CustomPhrase_Ortho->32
06-16 15:52:40.331  3103  4490 I ContentValuesIterator: DCC item: CustomPhrase_Ortho->33
06-16 15:52:40.332  3103  4490 I ContentValuesIterator: DCC item: CustomPhrase_Ortho->34
06-16 15:52:40.333  3103  4490 I ContentValuesIterator: DCC item: CustomPhrase_Ortho->35
06-16 15:52:40.334  3103  4490 I ContentValuesIterator: DCC item: CustomPhrase_Ortho->36
06-16 15:52:40.335  3103  4490 I ContentValuesIterator: DCC item: CustomPhrase_Ortho->37
06-16 15:52:40.336  3103  4490 I ContentValuesIterator: DCC item: CustomPhrase_Ortho->38
06-16 15:52:40.337  3103  4490 I ContentValuesIterator: DCC item: CustomPhrase_Ortho->39
06-16 15:52:40.338  3103  4490 I ContentValuesIterator: DCC item: CustomPhrase_Ortho->40
06-16 15:52:40.338  3103  4490 I ContentValuesIterator: DCC item: CustomPhrase_Ortho->41
06-16 15:52:40.339  3103  4490 I ContentValuesIterator: DCC item: CustomPhrase_Ortho->42
06-16 15:52:40.340  3103  4490 I ContentValuesIterator: DCC item: CustomPhrase_Ortho->43
06-16 15:52:40.341  3103  4490 I ContentValuesIterator: DCC item: CustomPhrase_Ortho->44
06-16 15:52:40.342  3103  4490 I ContentValuesIterator: DCC item: CustomPhrase_Ortho->45
06-16 15:52:40.343  3103  4490 I ContentValuesIterator: DCC item: CustomPhrase_Ortho->46
06-16 15:52:40.344  3103  4490 I ContentValuesIterator: DCC item: CustomPhrase_Ortho->47
06-16 15:52:40.345  3103  4490 I ContentValuesIterator: DCC item: CustomPhrase_Ortho->48
06-16 15:52:40.365  3103  4490 I DCCListener: DCC event: DCC_DATA_ID ()
06-16 15:52:40.365  3103  4490 I DCCListener: DCC event: DCC_DATA_PREPARATION_FINISHED (current_total_number=93  added=93  removed=0  failed_to_add=0  failed_to_remove=0)
06-16 15:52:40.365  3103  4478 I Asr     : Data prep finished event received; proceeding
06-16 15:52:40.426  2528  2528 W VuzixNotificationListener: onNotificationPosted: 0|com.vuzix.speechrecognitionservice|1|null|1000
06-16 15:52:40.426  2528  2528 I VuzixNotificationListener: notify: 0|com.vuzix.speechrecognitionservice|1|null|1000
06-16 15:52:40.426  2528  2528 W VuzixNotificationListener: shouldShowPopup 2 true
06-16 15:52:40.804  2641  2641 D VuzixKeyboard: onStartInputView: android.view.inputmethod.EditorInfo@c75bb15 false
06-16 15:52:40.851  1373  1387 I system_server: oneway function results will be dropped but finished with status OK and parcel size 4
06-16 15:52:40.852   745   785 D audio_hw_primary: in_standby: enter: stream (0xeee446f0) usecase(23: audio-record)
06-16 15:52:40.898   745   785 D audio_hw_primary: disable_audio_route: reset and update mixer path: audio-record
06-16 15:52:40.900   745   785 D soundtrigger: audio HAL using same device 195 as ST
06-16 15:52:40.900   745   785 D soundtrigger: audio_extn_sound_trigger_update_stream_status: uc_info->id 23 of type 1 for Event 2, with Raise=1
06-16 15:52:40.900   745   785 D soundtrigger: audio_extn_sound_trigger_update_stream_status: send event 12: usecase id 23, type 1
06-16 15:52:40.900   745   785 I sound_trigger_platform: platform_stdev_check_and_update_concurrency: Received STREAM event, event type 12, usecase type 1
06-16 15:52:40.900   745   785 D sound_trigger_platform: platform_stdev_check_and_update_concurrency: dedicated path 0, reset backend 1, tx 1, rx 0,concurrency session not allowed
06-16 15:52:40.900   745   785 D hardware_info: hw_info_append_hw_type : device_name = voice-rec-mic
06-16 15:52:40.900   745   785 D audio_hw_primary: disable_snd_device: snd_device(195: current(before decrease) ref_cnt 1) 
06-16 15:52:40.900   745   785 E audio_hw_primary: disable_snd_device:1snd_device-195,count-0
06-16 15:52:40.900   745   785 D hardware_info: hw_info_append_hw_type : device_name = voice-rec-mic
06-16 15:52:40.900   745   785 D audio_hw_primary: disable_snd_device: snd_device(195: voice-rec-mic)
06-16 15:52:40.900   745   785 D msm8974_platform: platform_split_snd_device: snd_device(195) num devices(0) new_snd_devices[0](0) ret=-22
06-16 15:52:40.902   745   785 D soundtrigger: audio HAL using same device 195 as ST
06-16 15:52:40.902   745   785 I soundtrigger: audio_extn_sound_trigger_update_device_status: device 0xc3 of type 1 for Event 0, with Raise=1
06-16 15:52:40.902   745   785 D sound_trigger_platform: platform_stdev_check_and_update_concurrency: Received DEVICE event, event type 0
06-16 15:52:40.902   745   785 D sound_trigger_platform: platform_stdev_check_and_update_concurrency: dedicated path 0, reset backend 1, tx 0, rx 0,concurrency session allowed
06-16 15:52:40.904  1373  1387 E AppOps  : Attribution not found: uid=1000 pkg=com.vuzix.speechrecognitionservice(null) op=RECORD_AUDIO
06-16 15:52:40.905   745  1326 D audio_hw_primary: adev_release_audio_patch: Remove patch with handle 35
06-16 15:52:40.905   745  1326 D audio_hw_primary: route_input_stream: exit: status(0)
06-16 15:52:40.906  1373  1387 I system_server: oneway function results will be dropped but finished with status OK and parcel size 4
06-16 15:52:40.908  1373  1425 I SoundTriggerMiddlewareLogging: setCaptureState[this=com.android.server.soundtrigger_middleware.SoundTriggerMiddlewareImpl@38ce48b, caller=1041/810](false)
06-16 15:52:40.923  3103  4478 D pal/stdout: StarRec_PAL_MutexDeInit(): pthread_mutex_destroy: EBUSY.
06-16 15:52:40.923  3103  4478 D pal/stdout: StarRec_PAL_MutexDeInit(): pthread_mutex_destroy: EDEADLK.
06-16 15:52:40.923  3103  4478 D pal/stdout: StarRec_PAL_MutexDeInit(): pthread_mutex_destroy: while: EBUSY.
06-16 15:52:40.925  3103  4478 D pal/stdout: StarRec_PAL_ThreadWait(): [DCC_NORMAL_0] thread with thread handle 0x0x7b37c17750 is closed.
06-16 15:52:40.925  1373  1425 I SoundTriggerMiddlewareLogging: setCaptureState[this=com.android.server.soundtrigger_middleware.SoundTriggerMiddlewareImpl@38ce48b, caller=1041/810](false)
06-16 15:52:40.926  1373  1387 I system_server: oneway function results will be dropped but finished with status OK and parcel size 4
06-16 15:52:40.926   745  1326 D audio_hw_primary: adev_close_input_stream: enter:stream_handle(0xeee446f0)
06-16 15:52:40.926   745  1326 D audio_hw_primary: io_streams_map_remove: Removed stream with handle 310
06-16 15:52:40.926   745  1326 D soundtrigger: audio_extn_sound_trigger_check_ec_ref_enable: EC Reference is disabled
06-16 15:52:40.926   745  1326 D sound_trigger_hw: handle_audio_ec_ref_enabled: Enter
06-16 15:52:40.926   745  1326 D sound_trigger_hw: handle_audio_ec_ref_enabled: Exit audio ec ref=0
06-16 15:52:40.926   745  1326 D soundtrigger: audio_extn_sound_trigger_update_ec_ref_status: update audio echo ref status false
06-16 15:52:40.926   745  1326 D audio_hw_primary: in_standby: enter: stream (0xeee446f0) usecase(23: audio-record)
06-16 15:52:40.926  1373  1387 I system_server: oneway function results will be dropped but finished with status OK and parcel size 4
06-16 15:52:40.927  1373  1387 I system_server: oneway function results will be dropped but finished with status OK and parcel size 4
06-16 15:52:40.930  3103  4478 D pal/stdout: StarRec_PAL_ThreadWait(): [ASR5_CFG] thread with thread handle 0x0x7b37c19790 is closed.
06-16 15:52:40.930  3103  4478 D pal/stdout: StarRec_PAL_ThreadWait(): [ASR5_FatalListener] thread with thread handle 0x0x7b37c1abd0 is closed.
06-16 15:52:40.931  3103  4478 D pal/stdout: StarRec_PAL_ThreadWait(): [ASR5_Dispatcher] thread with thread handle 0x0x7b37c1c010 is closed.
06-16 15:52:40.931  3103  4478 D pal/stdout: StarRec_PAL_ThreadWait(): [ASR5_Worker0] thread with thread handle 0x0x7b37c19c10 is closed.
06-16 15:52:40.932  3103  4478 D pal/stdout: StarRec_PAL_ThreadWait(): [ASR5_Worker1] thread with thread handle 0x0x7b37c19fd0 is closed.
06-16 15:52:40.932  3103  4478 D pal/stdout: StarRec_PAL_ThreadWait(): [ASR5_Worker2] thread with thread handle 0x0x7b37c19e50 is closed.
06-16 15:52:40.932  3103  4478 D pal/stdout: StarRec_PAL_ThreadWait(): [ASR5_Worker3] thread with thread handle 0x0x7b37c1af90 is closed.
06-16 15:52:41.005  1373  1384 W System  : A resource failed to call release. 
06-16 15:52:41.010  1373  1384 I chatty  : uid=1000(system) FinalizerDaemon identical 6 lines
06-16 15:52:41.010  1373  1384 W System  : A resource failed to call release. 
06-16 15:52:41.027  3103  4494 I pal/stdout: StarRec_PAL_ThreadInit(): [ASR5_CFG] initial priority level THREAD_PRIO_NORMAL.
06-16 15:52:41.027  3103  4494 I pal/stdout: StarRec_PAL_ThreadCreate(): [ASR5_CFG] DEFAULT SETTING: invert nice value [3 -> 3].
06-16 15:52:41.027  3103  4494 I pal/stdout: StarRec_PAL_ThreadCreate(): [ASR5_CFG] DEFAULT SETTING: policy [SCHED_OTHER], prio: default [0] + handed-over [3] + 1 = calculated [4].
06-16 15:52:41.027  3103  4494 I pal/stdout: StarRec_PAL_ThreadCreate(): [ASR5_CFG] THREAD CREATED: Policy [0,SCHED_OTHER,OTHER], prio: handed-over [3], final nice,prio [4,0], min [0], max [0]. 
06-16 15:52:41.027  3103  4496 I pal/stdout: fpThreadRoutine_setThreadName(): [ASR5_CFG] ok -> set/getpriority (4)/(4) - hdl [-1725813568] ID [4496].
06-16 15:52:41.027  3103  4496 I pal/stdout: sMainWrapper_PrintPrio(): 
06-16 15:52:41.027  3103  4496 I pal/stdout: 	 pid 4496's priority: 4, name: ASR5_CFG
06-16 15:52:41.027  3103  4496 I pal/stdout: sMainWrapper_PrintPrio(): 	 scheduling class: 
06-16 15:52:41.027  3103  4496 I pal/stdout: sMainWrapper_PrintPrio(): 	 OTHER / Normal 
06-16 15:52:41.027  3103  4496 I pal/stdout: sMainWrapper_PrintPrio(): 	 RT prio: 0 (of 0 to 0)
06-16 15:52:41.028  3103  4494 I pal/stdout: StarRec_PAL_ThreadInit(): [ASR5_Worker0] initial priority level THREAD_PRIO_NORMAL.
06-16 15:52:41.028  3103  4494 I pal/stdout: StarRec_PAL_ThreadCreate(): [ASR5_Worker0] DEFAULT SETTING: invert nice value [3 -> 3].
06-16 15:52:41.028  3103  4494 I pal/stdout: StarRec_PAL_ThreadCreate(): [ASR5_Worker0] DEFAULT SETTING: policy [SCHED_OTHER], prio: default [0] + handed-over [3] + 1 = calculated [4].
06-16 15:52:41.029  3103  4494 I pal/stdout: StarRec_PAL_ThreadCreate(): [ASR5_Worker0] THREAD CREATED: Policy [0,SCHED_OTHER,OTHER], prio: handed-over [3], final nice,prio [4,0], min [0], max [0]. 
06-16 15:52:41.029  3103  4494 I pal/stdout: StarRec_PAL_ThreadInit(): [ASR5_Worker1] initial priority level THREAD_PRIO_NORMAL.
06-16 15:52:41.029  3103  4494 I pal/stdout: StarRec_PAL_ThreadCreate(): [ASR5_Worker1] DEFAULT SETTING: invert nice value [3 -> 3].
06-16 15:52:41.029  3103  4494 I pal/stdout: StarRec_PAL_ThreadCreate(): [ASR5_Worker1] DEFAULT SETTING: policy [SCHED_OTHER], prio: default [0] + handed-over [3] + 1 = calculated [4].
06-16 15:52:41.029  3103  4497 I pal/stdout: fpThreadRoutine_setThreadName(): [ASR5_Worker0] ok -> set/getpriority (4)/(4) - hdl [-1727116096] ID [4497].
06-16 15:52:41.029  3103  4497 I pal/stdout: sMainWrapper_PrintPrio(): 
06-16 15:52:41.029  3103  4497 I pal/stdout: 	 pid 4497's priority: 4, name: ASR5_Worker0
06-16 15:52:41.029  3103  4497 I pal/stdout: sMainWrapper_PrintPrio(): 	 scheduling class: 
06-16 15:52:41.029  3103  4497 I pal/stdout: sMainWrapper_PrintPrio(): 	 OTHER / Normal 
06-16 15:52:41.029  3103  4497 I pal/stdout: sMainWrapper_PrintPrio(): 	 RT prio: 0 (of 0 to 0)
06-16 15:52:41.029  3103  4494 I pal/stdout: StarRec_PAL_ThreadCreate(): [ASR5_Worker1] THREAD CREATED: Policy [0,SCHED_OTHER,OTHER], prio: handed-over [3], final nice,prio [4,0], min [0], max [0]. 
06-16 15:52:41.029  3103  4498 I pal/stdout: fpThreadRoutine_setThreadName(): [ASR5_Worker1] ok -> set/getpriority (4)/(4) - hdl [-1762976576] ID [4498].
06-16 15:52:41.029  3103  4498 I pal/stdout: sMainWrapper_PrintPrio(): 
06-16 15:52:41.029  3103  4498 I pal/stdout: 	 pid 4498's priority: 4, name: ASR5_Worker1
06-16 15:52:41.029  3103  4498 I pal/stdout: sMainWrapper_PrintPrio(): 	 scheduling class: 
06-16 15:52:41.029  3103  4498 I pal/stdout: sMainWrapper_PrintPrio(): 	 OTHER / Normal 
06-16 15:52:41.029  3103  4498 I pal/stdout: sMainWrapper_PrintPrio(): 	 RT prio: 0 (of 0 to 0)
06-16 15:52:41.029  3103  4494 I pal/stdout: StarRec_PAL_ThreadInit(): [ASR5_Worker2] initial priority level THREAD_PRIO_NORMAL.
06-16 15:52:41.029  3103  4494 I pal/stdout: StarRec_PAL_ThreadCreate(): [ASR5_Worker2] DEFAULT SETTING: invert nice value [3 -> 3].
06-16 15:52:41.029  3103  4494 I pal/stdout: StarRec_PAL_ThreadCreate(): [ASR5_Worker2] DEFAULT SETTING: policy [SCHED_OTHER], prio: default [0] + handed-over [3] + 1 = calculated [4].
06-16 15:52:41.030  3103  4494 I pal/stdout: StarRec_PAL_ThreadCreate(): [ASR5_Worker2] THREAD CREATED: Policy [0,SCHED_OTHER,OTHER], prio: handed-over [3], final nice,prio [4,0], min [0], max [0]. 
06-16 15:52:41.030  3103  4494 I pal/stdout: StarRec_PAL_ThreadInit(): [ASR5_Worker3] initial priority level THREAD_PRIO_NORMAL.
06-16 15:52:41.030  3103  4494 I pal/stdout: StarRec_PAL_ThreadCreate(): [ASR5_Worker3] DEFAULT SETTING: invert nice value [3 -> 3].
06-16 15:52:41.030  3103  4494 I pal/stdout: StarRec_PAL_ThreadCreate(): [ASR5_Worker3] DEFAULT SETTING: policy [SCHED_OTHER], prio: default [0] + handed-over [3] + 1 = calculated [4].
06-16 15:52:41.030  3103  4499 I pal/stdout: fpThreadRoutine_setThreadName(): [ASR5_Worker2] ok -> set/getpriority (4)/(4) - hdl [-1764016960] ID [4499].
06-16 15:52:41.030  3103  4499 I pal/stdout: sMainWrapper_PrintPrio(): 
06-16 15:52:41.030  3103  4499 I pal/stdout: 	 pid 4499's priority: 4, name: ASR5_Worker2
06-16 15:52:41.030  3103  4499 I pal/stdout: sMainWrapper_PrintPrio(): 	 scheduling class: 
06-16 15:52:41.030  3103  4499 I pal/stdout: sMainWrapper_PrintPrio(): 	 OTHER / Normal 
06-16 15:52:41.030  3103  4499 I pal/stdout: sMainWrapper_PrintPrio(): 	 RT prio: 0 (of 0 to 0)
06-16 15:52:41.030  3103  4500 I pal/stdout: fpThreadRoutine_setThreadName(): [ASR5_Worker3] ok -> set/getpriority (4)/(4) - hdl [-1765057344] ID [4500].
06-16 15:52:41.030  3103  4494 I pal/stdout: StarRec_PAL_ThreadCreate(): [ASR5_Worker3] THREAD CREATED: Policy [0,SCHED_OTHER,OTHER], prio: handed-over [3], final nice,prio [4,0], min [0], max [0]. 
06-16 15:52:41.030  3103  4500 I pal/stdout: sMainWrapper_PrintPrio(): 
06-16 15:52:41.030  3103  4500 I pal/stdout: 	 pid 4500's priority: 4, name: ASR5_Worker3
06-16 15:52:41.030  3103  4500 I pal/stdout: sMainWrapper_PrintPrio(): 	 scheduling class: 
06-16 15:52:41.030  3103  4494 I pal/stdout: StarRec_PAL_ThreadInit(): [ASR5_Dispatcher] initial priority level THREAD_PRIO_NORMAL.
06-16 15:52:41.030  3103  4494 I pal/stdout: StarRec_PAL_ThreadCreate(): [ASR5_Dispatcher] DEFAULT SETTING: invert nice value [3 -> 3].
06-16 15:52:41.030  3103  4494 I pal/stdout: StarRec_PAL_ThreadCreate(): [ASR5_Dispatcher] DEFAULT SETTING: policy [SCHED_OTHER], prio: default [0] + handed-over [3] + 1 = calculated [4].
06-16 15:52:41.030  3103  4500 I pal/stdout: sMainWrapper_PrintPrio(): 	 OTHER / Normal 
06-16 15:52:41.030  3103  4500 I pal/stdout: sMainWrapper_PrintPrio(): 	 RT prio: 0 (of 0 to 0)
06-16 15:52:41.030  3103  4494 I pal/stdout: StarRec_PAL_ThreadCreate(): [ASR5_Dispatcher] THREAD CREATED: Policy [0,SCHED_OTHER,OTHER], prio: handed-over [3], final nice,prio [4,0], min [0], max [0]. 
06-16 15:52:41.030  3103  4501 I pal/stdout: fpThreadRoutine_setThreadName(): [ASR5_Dispatcher] ok -> set/getpriority (4)/(4) - hdl [-1766097728] ID [4501].
06-16 15:52:41.030  3103  4501 I pal/stdout: sMainWrapper_PrintPrio(): 
06-16 15:52:41.030  3103  4501 I pal/stdout: 	 pid 4501's priority: 4, name: ASR5_Dispatcher
06-16 15:52:41.030  3103  4501 I pal/stdout: sMainWrapper_PrintPrio(): 	 scheduling class: 
06-16 15:52:41.030  3103  4501 I pal/stdout: sMainWrapper_PrintPrio(): 	 OTHER / Normal 
06-16 15:52:41.030  3103  4494 I pal/stdout: StarRec_PAL_ThreadInit(): [ASR5_FatalListener] initial priority level THREAD_PRIO_NORMAL.
06-16 15:52:41.030  3103  4494 I pal/stdout: StarRec_PAL_ThreadCreate(): [ASR5_FatalListener] DEFAULT SETTING: invert nice value [3 -> 3].
06-16 15:52:41.030  3103  4494 I pal/stdout: StarRec_PAL_ThreadCreate(): [ASR5_FatalListener] DEFAULT SETTING: policy [SCHED_OTHER], prio: default [0] + handed-over [3] + 1 = calculated [4].
06-16 15:52:41.030  3103  4494 I pal/stdout: StarRec_PAL_ThreadCreate(): [ASR5_FatalListener] THREAD CREATED: Policy [0,SCHED_OTHER,OTHER], prio: handed-over [3], final nice,prio [4,0], min [0], max [0]. 
06-16 15:52:41.030  3103  4501 I pal/stdout: sMainWrapper_PrintPrio(): 	 RT prio: 0 (of 0 to 0)
06-16 15:52:41.030  3103  4502 I pal/stdout: fpThreadRoutine_setThreadName(): [ASR5_FatalListener] ok -> set/getpriority (4)/(4) - hdl [-1767138112] ID [4502].
06-16 15:52:41.031  3103  4502 I pal/stdout: sMainWrapper_PrintPrio(): 
06-16 15:52:41.031  3103  4502 I pal/stdout: 	 pid 4502's priority: 4, name: ASR5_FatalListener
06-16 15:52:41.031  3103  4502 I pal/stdout: sMainWrapper_PrintPrio(): 	 scheduling class: 
06-16 15:52:41.031  3103  4502 I pal/stdout: sMainWrapper_PrintPrio(): 	 OTHER / Normal 
06-16 15:52:41.031  3103  4502 I pal/stdout: sMainWrapper_PrintPrio(): 	 RT prio: 0 (of 0 to 0)
06-16 15:52:41.061  3103  4494 I pal/stdout: StarRec_PAL_ThreadInit(): [DCC_CREATION_0] initial priority level THREAD_PRIO_NORMAL.
06-16 15:52:41.061  3103  4494 I pal/stdout: StarRec_PAL_ThreadCreate(): [DCC_CREATION_0] DEFAULT SETTING: invert nice value [3 -> 3].
06-16 15:52:41.061  3103  4494 I pal/stdout: StarRec_PAL_ThreadCreate(): [DCC_CREATION_0] DEFAULT SETTING: policy [SCHED_OTHER], prio: default [0] + handed-over [3] + 1 = calculated [4].
06-16 15:52:41.061  3103  4494 I pal/stdout: StarRec_PAL_ThreadCreate(): [DCC_CREATION_0] THREAD CREATED: Policy [0,SCHED_OTHER,OTHER], prio: handed-over [3], final nice,prio [4,0], min [0], max [0]. 
06-16 15:52:41.062  3103  4503 I pal/stdout: fpThreadRoutine_setThreadName(): [DCC_CREATION_0] ok -> set/getpriority (4)/(4) - hdl [1011920064] ID [4503].
06-16 15:52:41.062  3103  4503 I pal/stdout: sMainWrapper_PrintPrio(): 
06-16 15:52:41.062  3103  4503 I pal/stdout: 	 pid 4503's priority: 4, name: DCC_CREATION_0
06-16 15:52:41.062  3103  4503 I pal/stdout: sMainWrapper_PrintPrio(): 	 scheduling class: 
06-16 15:52:41.062  3103  4503 I pal/stdout: sMainWrapper_PrintPrio(): 	 OTHER / Normal 
06-16 15:52:41.062  3103  4503 I pal/stdout: sMainWrapper_PrintPrio(): 	 RT prio: 0 (of 0 to 0)
06-16 15:52:41.068  3103  4503 I DCCListener: DCC event: DCC_CREATION_STARTED ()
06-16 15:52:41.072  3103  4503 I DCCListener: DCC event: DCC_DATA_ID ()
06-16 15:52:41.072  3103  4503 I DCCListener: DCC event: DCC_WITH_N_ENTRIES (93)
06-16 15:52:41.072  3103  4503 I DCCListener: DCC event: DCC_CREATION_FINISHED ()
06-16 15:52:41.075   745  1501 D audio_hw_primary: adev_open_input_stream: enter: sample_rate(16000) channel_mask(0x10) devices(0x80000004)        stream_handle(0xeee40d30) io_handle(318) source(6) format 1
06-16 15:52:41.076   745  1501 D audio_hw_primary: io_streams_map_insert: Added stream in io_streams_map with handle 318
06-16 15:52:41.076   745  1501 E device_utils: update_device_list: Invalid device: 0
06-16 15:52:41.083   810  4505 I AudioFlinger: AudioFlinger's thread 0x7bc9069040 tid=4505 ready to run
06-16 15:52:41.084  3103  4494 I pal/stdout: StarRec_PAL_ThreadInit(): [DCC_NORMAL_0] initial priority level THREAD_PRIO_NORMAL.
06-16 15:52:41.084  3103  4494 I pal/stdout: StarRec_PAL_ThreadCreate(): [DCC_NORMAL_0] DEFAULT SETTING: invert nice value [3 -> 3].
06-16 15:52:41.084  3103  4494 I pal/stdout: StarRec_PAL_ThreadCreate(): [DCC_NORMAL_0] DEFAULT SETTING: policy [SCHED_OTHER], prio: default [0] + handed-over [3] + 1 = calculated [4].
06-16 15:52:41.084   745  1501 D audio_hw_primary: in_standby: enter: stream (0xeee40d30) usecase(23: audio-record)
06-16 15:52:41.084  3103  4494 I pal/stdout: StarRec_PAL_ThreadCreate(): [DCC_NORMAL_0] THREAD CREATED: Policy [0,SCHED_OTHER,OTHER], prio: handed-over [3], final nice,prio [4,0], min [0], max [0]. 
06-16 15:52:41.084  3103  4494 I AsrConfiguration: Add app: VuzixApp-en
06-16 15:52:41.084  3103  4506 I pal/stdout: fpThreadRoutine_setThreadName(): [DCC_NORMAL_0] ok -> set/getpriority (4)/(4) - hdl [789159104] ID [4506].
06-16 15:52:41.085  3103  4506 I pal/stdout: sMainWrapper_PrintPrio(): 
06-16 15:52:41.085  3103  4506 I pal/stdout: 	 pid 4506's priority: 4, name: DCC_NORMAL_0
06-16 15:52:41.085  3103  4506 I pal/stdout: sMainWrapper_PrintPrio(): 	 scheduling class: 
06-16 15:52:41.085  3103  4506 I pal/stdout: sMainWrapper_PrintPrio(): 	 OTHER / Normal 
06-16 15:52:41.085  3103  4506 I pal/stdout: sMainWrapper_PrintPrio(): 	 RT prio: 0 (of 0 to 0)
06-16 15:52:41.086  3103  4506 D pal/stdout: StarRec_PAL_ThreadWait(): [DCC_CREATION_0] thread with thread handle 0x0x7b37c169d0 is closed.
06-16 15:52:41.088   745  1501 D audio_hw_primary: in_standby: enter: stream (0xeee40d30) usecase(23: audio-record)
06-16 15:52:41.090  3103  4506 I DCCListener: DCC event: DCC_DATA_PREPARATION_STARTED ()
06-16 15:52:41.090  1373  1387 I system_server: oneway function results will be dropped but finished with status OK and parcel size 4
06-16 15:52:41.091  1373  1387 I chatty  : uid=1000(system) Binder:1373_2 identical 1 line
06-16 15:52:41.092  1373  1387 I system_server: oneway function results will be dropped but finished with status OK and parcel size 4
06-16 15:52:41.118  3103  3103 D VzxSrSpeechRecognitionService: Icon IconStatusSleep
06-16 15:52:41.122  1373  1866 I system_server: oneway function results will be dropped but finished with status OK and parcel size 4
06-16 15:52:41.122  1373  1866 I system_server: oneway function results will be dropped but finished with status OK and parcel size 4
06-16 15:52:41.124   745  1501 D audio_hw_primary: adev_create_audio_patch: enter: num sources 1, num_sinks 1, handle 0
06-16 15:52:41.124   745  1501 D audio_hw_primary: adev_create_audio_patch: Capture patch from device 80000004 to mix 318
06-16 15:52:41.124   745  1501 D audio_hw_primary: update_patch: enter
06-16 15:52:41.124   745  1501 D audio_hw_primary: route_input_stream: exit: status(0)
06-16 15:52:41.124   745  1501 D audio_hw_primary: adev_create_audio_patch: Added a new patch with handle 36
06-16 15:52:41.125   745   785 E device_utils: update_device_list: Invalid device: 0
06-16 15:52:41.130  1373  1387 I SoundTriggerMiddlewareLogging: setCaptureState[this=com.android.server.soundtrigger_middleware.SoundTriggerMiddlewareImpl@38ce48b, caller=1041/810](true)
06-16 15:52:41.132   745  1501 E FMQ     : grantorIdx must be less than 3
06-16 15:52:41.133   745  1501 E FMQ     : grantorIdx must be less than 3
06-16 15:52:41.133   810  4505 E FMQ     : grantorIdx must be less than 3
06-16 15:52:41.133   810  4505 E FMQ     : grantorIdx must be less than 3
06-16 15:52:41.134   745  4508 D audio_hw_primary: start_input_stream: enter: stream(0xeee40d30)usecase(23: audio-record), source 6
06-16 15:52:41.135   745  4508 D audio_hw_primary: select_devices for use case (audio-record)
06-16 15:52:41.135   745  4508 I msm8974_platform: platform_check_and_set_capture_codec_backend_cfg:txbecf: afe: bitwidth 16, samplerate 16000, channel 1 format 1, backend_idx 8 usecase = 23 device (voice-rec-mic)
06-16 15:52:41.135   745  4508 I msm8974_platform: platform_check_capture_codec_backend_cfg:txbecf: afe: Codec selected backend: 8 current bit width: 16 and sample rate: 16000, channels 1 format 1
06-16 15:52:41.135   745  4508 I msm8974_platform: platform_check_capture_codec_backend_cfg:txbecf: afe: current backend bit_width 16 sample_rate 48000 channels 1, format 0
06-16 15:52:41.135   745  4508 I msm8974_platform: platform_check_capture_codec_backend_cfg:txbecf: afe: Codec backend needs to be updated. new bit width: 16 new sample rate: 48000 new channel: 1 new format: 1
06-16 15:52:41.135   745  4508 I msm8974_platform: platform_set_codec_backend_cfg:becf: afe: bitwidth 16, samplerate 48000 channels 1 format 1, backend_idx 8 device (voice-rec-mic)
06-16 15:52:41.135   745  4508 D audio_hw_primary: check_usecases_capture_codec_backend:becf: force routing 0
06-16 15:52:41.135   745  4508 E audio_hw_primary: enable_snd_device: addcheck2 other record usecase's dev
06-16 15:52:41.135   745  4508 D hardware_info: hw_info_append_hw_type : device_name = voice-rec-mic
06-16 15:52:41.135   745  4508 D audio_hw_primary: enable_snd_device: snd_device(195: current(before increase) ref_cnt 0)
06-16 15:52:41.135   745  4508 D msm8974_platform: platform_split_snd_device: snd_device(195) num devices(0) new_snd_devices[0](0) ret=-22
06-16 15:52:41.135   745  4508 D audio_hw_primary: enable_snd_device: snd_device(195: voice-rec-mic)
06-16 15:52:41.135   745  4508 D msm8974_platform: platform_get_island_cfg_on_device:island cfg status on snd_device = (voice-rec-mic 0)
06-16 15:52:41.135   745  4508 D soundtrigger: audio HAL using same device 195 as ST
06-16 15:52:41.135   745  4508 I soundtrigger: audio_extn_sound_trigger_update_device_status: device 0xc3 of type 1 for Event 1, with Raise=1
06-16 15:52:41.135   745  4508 D sound_trigger_platform: platform_stdev_check_and_update_concurrency: Received DEVICE event, event type 1
06-16 15:52:41.135   745  4508 D sound_trigger_platform: platform_stdev_check_and_update_concurrency: dedicated path 0, reset backend 1, tx 1, rx 0,concurrency session not allowed
06-16 15:52:41.135   745  4508 D audio_route: Apply path: voice-rec-mic
06-16 15:52:41.136   745  4508 D soundtrigger: audio HAL using same device 195 as ST
06-16 15:52:41.136   745  4508 D soundtrigger: audio_extn_sound_trigger_update_stream_status: uc_info->id 23 of type 1 for Event 3, with Raise=1
06-16 15:52:41.136   745  4508 D soundtrigger: audio_extn_sound_trigger_update_stream_status: send event 13: usecase id 23, type 1
06-16 15:52:41.136   745  4508 I sound_trigger_platform: platform_stdev_check_and_update_concurrency: Received STREAM event, event type 13, usecase type 1
06-16 15:52:41.136   745  4508 D sound_trigger_platform: platform_stdev_check_and_update_concurrency: dedicated path 0, reset backend 1, tx 1, rx 0,concurrency session not allowed
06-16 15:52:41.136   745  4508 D audio_hw_utils: audio_extn_utils_send_app_type_cfg: usecase->in_snd_device voice-rec-mic
06-16 15:52:41.136   745  4508 D msm8974_platform: platform_split_snd_device: snd_device(195) num devices(0) new_snd_devices[0](0) ret=-22
06-16 15:52:41.136   745  4508 D msm8974_platform: platform_get_snd_device_backend_index: device 195 is hw_interface_name INT3_MI2S_TX is be_dai_id=152
06-16 15:52:41.136   745  4508 D audio_hw_utils: audio_extn_btsco_get_sample_rate:Not a BT SCO device, need not update sampling rate
06-16 15:52:41.136   745  4508 I audio_hw_utils: send_app_type_cfg_for_device CAPTURE app_type 69938, acdb_dev_id 11, sample_rate 16000, snd_device_be_idx 152
06-16 15:52:41.137   745  4508 D msm8974_platform: platform_split_snd_device: snd_device(195) num devices(1) new_snd_devices[0](0) ret=-22
06-16 15:52:41.137   745  4508 D audio_hw_utils: audio_extn_btsco_get_sample_rate:Not a BT SCO device, need not update sampling rate
06-16 15:52:41.137   745  4508 D ACDB-LOADER: ACDB -> send_audio_cal, acdb_id = 11, path = 1, app id = 0x11132, sample rate = 16000, afe_sample_rate = 48000
06-16 15:52:41.137   745  4508 D ACDB-LOADER: ACDB -> send_asm_topology
06-16 15:52:41.137   745  4508 D ACDB-LOADER: ACDB -> ACDB_CMD_GET_AUDPROC_STREAM_TOPOLOGY_ID
06-16 15:52:41.137   745  4508 D ACDB-LOADER: ACDB -> send_adm_topology
06-16 15:52:41.137   745  4508 D ACDB-LOADER: ACDB -> ACDB_CMD_GET_AUDPROC_COMMON_TOPOLOGY_ID
06-16 15:52:41.137   745  4508 D ACDB-LOADER: ACDB -> send_audtable
06-16 15:52:41.137   745  4508 D ACDB-LOADER: ACDB -> ACDB_CMD_GET_AUDPROC_COMMON_TABLE_SIZE
06-16 15:52:41.138   745  4508 D ACDB-LOADER: ACDB -> ACDB_CMD_GET_AUDPROC_COMMON_TABLE
06-16 15:52:41.138   745  4508 D ACDB-LOADER: ACDB -> AUDIO_SET_AUDPROC_CAL cal_type[11] acdb_id[11] app_type[69938]
06-16 15:52:41.138   745  4508 D ACDB-LOADER: ACDB -> ACDB_CMD_GET_AUDPROC_STREAM_TABLE_SIZE
06-16 15:52:41.138   745  4508 D ACDB-LOADER: ACDB -> send_audstrmtable
06-16 15:52:41.138   745  4508 D ACDB-LOADER: ACDB -> ACDB_CMD_GET_AUDPROC_STREAM_TABLE_V2
06-16 15:52:41.138   745  4508 D ACDB-LOADER: ACDB -> audstrm_cal->cal_type.cal_data.cal_size = 16
06-16 15:52:41.138   745  4508 D ACDB-LOADER: ACDB -> send_afe_topology
06-16 15:52:41.138   745  4508 D ACDB-LOADER: ACDB -> ACDB_CMD_GET_AFE_TOPOLOGY_ID
06-16 15:52:41.138   745  4508 D ACDB-LOADER: ACDB -> GET_AFE_TOPOLOGY_ID for adcd_id 11, Topology Id 112fb
06-16 15:52:41.138   745  4508 D ACDB-LOADER: ACDB -> send_afe_cal
06-16 15:52:41.138   745  4508 D ACDB-LOADER: ACDB -> ACDB_CMD_GET_AFE_COMMON_TABLE_SIZE
06-16 15:52:41.138   745  4508 D android.hardware.audio.service: Failed to fetch the lookup information of the device 000018EB 11
06-16 15:52:41.138   745  4508 D ACDB-LOADER: Error: ACDB_CMD_GET_AFE_COMMON_TABLE_SIZE Returned = -19
06-16 15:52:41.138   745  4508 D ACDB-LOADER: ACDB -> ACDB_CMD_GET_AFE_COMMON_TABLE
06-16 15:52:41.138   745  4508 D android.hardware.audio.service: Failed to fetch the lookup information of the device 000018EB 11
06-16 15:52:41.138   745  4508 D ACDB-LOADER: Error: ACDB AFE returned = -19
06-16 15:52:41.138   745  4508 D ACDB-LOADER: ACDB -> AUDIO_SET_AFE_CAL cal_type[17] acdb_id[11]
06-16 15:52:41.138   745  4508 D ACDB-LOADER: ACDB -> send_hw_delay : acdb_id = 11 path = 1
06-16 15:52:41.138   745  4508 D ACDB-LOADER: ACDB -> ACDB_AVSYNC_INFO: ACDB_CMD_GET_DEVICE_PROPERTY
06-16 15:52:41.138   745  4508 D audio_hw_primary: enable_audio_route: apply mixer and update path: audio-record
06-16 15:52:41.138   745  4508 D audio_route: Apply path: audio-record
06-16 15:52:41.139   745  4508 D audio_hw_primary: select_devices: done
06-16 15:52:41.152  3103  4506 I ContentValuesIterator: DCC item: CustomPhrase_Ortho->A
06-16 15:52:41.155  3103  4506 I ContentValuesIterator: DCC item: CustomPhrase_Ortho->B
06-16 15:52:41.155  3103  4506 I ContentValuesIterator: DCC item: CustomPhrase_Ortho->C
06-16 15:52:41.156  3103  4506 I ContentValuesIterator: DCC item: CustomPhrase_Ortho->D
06-16 15:52:41.157  3103  4506 I ContentValuesIterator: DCC item: CustomPhrase_Ortho->E
06-16 15:52:41.157  3103  4506 I ContentValuesIterator: DCC item: CustomPhrase_Ortho->F
06-16 15:52:41.158  3103  4506 I ContentValuesIterator: DCC item: CustomPhrase_Ortho->G
06-16 15:52:41.159  3103  4506 I ContentValuesIterator: DCC item: CustomPhrase_Ortho->H
06-16 15:52:41.159  3103  4506 I ContentValuesIterator: DCC item: CustomPhrase_Ortho->I
06-16 15:52:41.160  3103  4506 I ContentValuesIterator: DCC item: CustomPhrase_Ortho->J
06-16 15:52:41.161  3103  4506 I ContentValuesIterator: DCC item: CustomPhrase_Ortho->K
06-16 15:52:41.161  3103  4506 I ContentValuesIterator: DCC item: CustomPhrase_Ortho->L
06-16 15:52:41.162  3103  4506 I ContentValuesIterator: DCC item: CustomPhrase_Ortho->M
06-16 15:52:41.162  3103  4506 I ContentValuesIterator: DCC item: CustomPhrase_Ortho->1
06-16 15:52:41.163  3103  4506 I ContentValuesIterator: DCC item: CustomPhrase_Ortho->2
06-16 15:52:41.165  3103  4506 I ContentValuesIterator: DCC item: CustomPhrase_Ortho->3
06-16 15:52:41.166  3103  4506 I ContentValuesIterator: DCC item: CustomPhrase_Ortho->4
06-16 15:52:41.167  3103  4506 I ContentValuesIterator: DCC item: CustomPhrase_Ortho->5
06-16 15:52:41.168  3103  4506 I ContentValuesIterator: DCC item: CustomPhrase_Ortho->erase
06-16 15:52:41.168   745  4508 D audio_hw_primary: start_input_stream: exit
06-16 15:52:41.169  3103  4506 I ContentValuesIterator: DCC item: CustomPhrase_Ortho->scan code
06-16 15:52:41.170  3103  4506 I ContentValuesIterator: DCC item: CustomPhrase_Ortho->queue are code
06-16 15:52:41.172  3103  4506 I ContentValuesIterator: DCC item: CustomPhrase_Ortho->N
06-16 15:52:41.172  3103  4506 I ContentValuesIterator: DCC item: CustomPhrase_Ortho->O
06-16 15:52:41.173  3103  4506 I ContentValuesIterator: DCC item: CustomPhrase_Ortho->P
06-16 15:52:41.174  3103  4506 I ContentValuesIterator: DCC item: CustomPhrase_Ortho->Q
06-16 15:52:41.174  3103  4506 I ContentValuesIterator: DCC item: CustomPhrase_Ortho->R
06-16 15:52:41.175  3103  4506 I ContentValuesIterator: DCC item: CustomPhrase_Ortho->S
06-16 15:52:41.176  3103  4506 I ContentValuesIterator: DCC item: CustomPhrase_Ortho->T
06-16 15:52:41.176  3103  4506 I ContentValuesIterator: DCC item: CustomPhrase_Ortho->U
06-16 15:52:41.177  3103  4506 I ContentValuesIterator: DCC item: CustomPhrase_Ortho->V
06-16 15:52:41.178  3103  4506 I ContentValuesIterator: DCC item: CustomPhrase_Ortho->W
06-16 15:52:41.178  3103  4506 I ContentValuesIterator: DCC item: CustomPhrase_Ortho->X
06-16 15:52:41.179  3103  4506 I ContentValuesIterator: DCC item: CustomPhrase_Ortho->Y
06-16 15:52:41.180  3103  4506 I ContentValuesIterator: DCC item: CustomPhrase_Ortho->Z
06-16 15:52:41.180  3103  4506 I ContentValuesIterator: DCC item: CustomPhrase_Ortho->6
06-16 15:52:41.181  3103  4506 I ContentValuesIterator: DCC item: CustomPhrase_Ortho->7
06-16 15:52:41.182  3103  4506 I ContentValuesIterator: DCC item: CustomPhrase_Ortho->8
06-16 15:52:41.183  3103  4506 I ContentValuesIterator: DCC item: CustomPhrase_Ortho->9
06-16 15:52:41.184  3103  4506 I ContentValuesIterator: DCC item: CustomPhrase_Ortho->0
06-16 15:52:41.184  3103  4506 I ContentValuesIterator: DCC item: CustomPhrase_Ortho->space
06-16 15:52:41.185  3103  4506 I ContentValuesIterator: DCC item: CustomPhrase_Ortho->symbols
06-16 15:52:41.186  3103  4506 I ContentValuesIterator: DCC item: CustomPhrase_Ortho->shift
06-16 15:52:41.187  3103  4506 I ContentValuesIterator: DCC item: CustomPhrase_Ortho->caps
06-16 15:52:41.188  3103  4506 I ContentValuesIterator: DCC item: CustomPhrase_Ortho->forward slash
06-16 15:52:41.189  3103  4506 I ContentValuesIterator: DCC item: CustomPhrase_Ortho->at sign
06-16 15:52:41.190  3103  4506 I ContentValuesIterator: DCC item: CustomPhrase_Ortho->left parenthesis
06-16 15:52:41.192  3103  4506 I ContentValuesIterator: DCC item: CustomPhrase_Ortho->right parenthesis
06-16 15:52:41.192  2641  2641 D VuzixKeyboard: Received 4 overlay phrases
06-16 15:52:41.193  3103  4506 I ContentValuesIterator: DCC item: CustomPhrase_Ortho->apostrophe
06-16 15:52:41.194  3103  4506 I ContentValuesIterator: DCC item: CustomPhrase_Ortho->quotation mark
06-16 15:52:41.196  3103  4506 I ContentValuesIterator: DCC item: CustomPhrase_Ortho->comma
06-16 15:52:41.197  3103  4506 I ContentValuesIterator: DCC item: CustomPhrase_Ortho->period
06-16 15:52:41.198  3103  4506 I ContentValuesIterator: DCC item: CustomPhrase_Ortho->question mark
06-16 15:52:41.199  3103  4506 I ContentValuesIterator: DCC item: CustomPhrase_Ortho->exclamation point
06-16 15:52:41.200  3103  4506 I ContentValuesIterator: DCC item: CustomPhrase_Ortho->left
06-16 15:52:41.201  3103  4506 I ContentValuesIterator: DCC item: CustomPhrase_Ortho->right
06-16 15:52:41.202   745  1501 D audio_hw_primary: out_standby: enter: stream (0xeed04330) usecase(1: low-latency-playback)
06-16 15:52:41.202  3103  4506 I ContentValuesIterator: DCC item: CustomPhrase_Ortho->continue
06-16 15:52:41.204  3103  4506 I ContentValuesIterator: DCC item: CustomPhrase_Ortho->done
06-16 15:52:41.205  3103  4506 I ContentValuesIterator: DCC item: CustomPhrase_Ortho->enter
06-16 15:52:41.219  3103  4506 I DCCListener: DCC event: DCC_DATA_ID ()
06-16 15:52:41.219  3103  4506 I DCCListener: DCC event: DCC_DATA_PREPARATION_FINISHED (current_total_number=58  added=58  removed=0  failed_to_add=0  failed_to_remove=0)
06-16 15:52:41.219  3103  4494 I Asr     : Data prep finished event received; proceeding
06-16 15:52:41.276   745  1501 D audio_hw_primary: disable_audio_route: reset and update mixer path: low-latency-playback
06-16 15:52:41.277   745  1501 E soundtrigger: audio_extn_sound_trigger_update_stream_status: invalid input device 0x0, for event 2
06-16 15:52:41.277   745  1501 D soundtrigger: audio_extn_sound_trigger_update_stream_status: uc_info->id 1 of type 0 for Event 2, with Raise=0
06-16 15:52:41.277   745  1501 D msm8974_platform: platform_split_snd_device: snd_device(2) num devices(0) new_snd_devices[0](0) ret=-22
06-16 15:52:41.277   745  1501 I msm8974_platform: platform_get_custom_mtmx_params: no matching param with id 0 ip_ch 2 op_ch 2 uc_id 1 snd_dev 2
06-16 15:52:41.277   745  1501 D hardware_info: hw_info_append_hw_type : device_name = speaker
06-16 15:52:41.277   745  1501 D audio_hw_primary: disable_snd_device: snd_device(2: current(before decrease) ref_cnt 1) 
06-16 15:52:41.277   745  1501 D hardware_info: hw_info_append_hw_type : device_name = speaker
06-16 15:52:41.277   745  1501 D audio_hw_primary: disable_snd_device: snd_device(2: speaker)
06-16 15:52:41.277   745  1501 D msm8974_platform: platform_split_snd_device: snd_device(2) num devices(0) new_snd_devices[0](0) ret=-22
06-16 15:52:41.280   745  1501 I soundtrigger: audio_extn_sound_trigger_update_device_status: device 0x2 of type 0 for Event 0, with Raise=0
06-16 15:52:41.280   745  1501 D audio_hw_primary: out_standby: exit
06-16 15:52:41.281  1373  1387 I system_server: oneway function results will be dropped but finished with status OK and parcel size 4
06-16 15:52:41.334  2528  2528 W VuzixNotificationListener: onNotificationPosted: 0|com.vuzix.speechrecognitionservice|1|null|1000
06-16 15:52:41.335  2528  2528 I VuzixNotificationListener: notify: 0|com.vuzix.speechrecognitionservice|1|null|1000
06-16 15:52:41.335  2528  2528 W VuzixNotificationListener: shouldShowPopup 2 true
06-16 15:52:41.584   745  1501 D audio_hw_primary: in_standby: enter: stream (0xeee40d30) usecase(23: audio-record)
06-16 15:52:41.584  1373  1866 I system_server: oneway function results will be dropped but finished with status OK and parcel size 4
06-16 15:52:41.650   745  1501 D audio_hw_primary: disable_audio_route: reset and update mixer path: audio-record
06-16 15:52:41.652   745  1501 D soundtrigger: audio HAL using same device 195 as ST
06-16 15:52:41.652   745  1501 D soundtrigger: audio_extn_sound_trigger_update_stream_status: uc_info->id 23 of type 1 for Event 2, with Raise=1
06-16 15:52:41.652   745  1501 D soundtrigger: audio_extn_sound_trigger_update_stream_status: send event 12: usecase id 23, type 1
06-16 15:52:41.652   745  1501 I sound_trigger_platform: platform_stdev_check_and_update_concurrency: Received STREAM event, event type 12, usecase type 1
06-16 15:52:41.652   745  1501 D sound_trigger_platform: platform_stdev_check_and_update_concurrency: dedicated path 0, reset backend 1, tx 1, rx 0,concurrency session not allowed
06-16 15:52:41.652   745  1501 D hardware_info: hw_info_append_hw_type : device_name = voice-rec-mic
06-16 15:52:41.652   745  1501 D audio_hw_primary: disable_snd_device: snd_device(195: current(before decrease) ref_cnt 1) 
06-16 15:52:41.652   745  1501 E audio_hw_primary: disable_snd_device:1snd_device-195,count-0
06-16 15:52:41.652   745  1501 D hardware_info: hw_info_append_hw_type : device_name = voice-rec-mic
06-16 15:52:41.652   745  1501 D audio_hw_primary: disable_snd_device: snd_device(195: voice-rec-mic)
06-16 15:52:41.652   745  1501 D msm8974_platform: platform_split_snd_device: snd_device(195) num devices(0) new_snd_devices[0](0) ret=-22
06-16 15:52:41.656   745  1501 D soundtrigger: audio HAL using same device 195 as ST
06-16 15:52:41.656   745  1501 I soundtrigger: audio_extn_sound_trigger_update_device_status: device 0xc3 of type 1 for Event 0, with Raise=1
06-16 15:52:41.656   745  1501 D sound_trigger_platform: platform_stdev_check_and_update_concurrency: Received DEVICE event, event type 0
06-16 15:52:41.656   745  1501 D sound_trigger_platform: platform_stdev_check_and_update_concurrency: dedicated path 0, reset backend 1, tx 0, rx 0,concurrency session allowed
06-16 15:52:41.662  1373  1866 E AppOps  : Attribution not found: uid=1000 pkg=com.vuzix.speechrecognitionservice(null) op=RECORD_AUDIO
06-16 15:52:41.664  1373  1424 I system_server: oneway function results will be dropped but finished with status OK and parcel size 4
06-16 15:52:41.666   745  1501 D audio_hw_primary: adev_release_audio_patch: Remove patch with handle 36
06-16 15:52:41.666   745  1501 D audio_hw_primary: route_input_stream: exit: status(0)
06-16 15:52:41.669  1373  1424 I system_server: oneway function results will be dropped but finished with status OK and parcel size 4
06-16 15:52:41.669  1373  1424 I chatty  : uid=1000(system) Binder:1373_3 identical 1 line
06-16 15:52:41.670  1373  1424 I system_server: oneway function results will be dropped but finished with status OK and parcel size 4
06-16 15:52:41.672  1373  1866 I SoundTriggerMiddlewareLogging: setCaptureState[this=com.android.server.soundtrigger_middleware.SoundTriggerMiddlewareImpl@38ce48b, caller=1041/810](false)
06-16 15:52:41.693  3103  4494 D pal/stdout: StarRec_PAL_MutexDeInit(): pthread_mutex_destroy: EBUSY.
06-16 15:52:41.693  1373  1424 I SoundTriggerMiddlewareLogging: setCaptureState[this=com.android.server.soundtrigger_middleware.SoundTriggerMiddlewareImpl@38ce48b, caller=1041/810](false)
06-16 15:52:41.693  3103  4494 D pal/stdout: StarRec_PAL_MutexDeInit(): pthread_mutex_destroy: EDEADLK.
06-16 15:52:41.693  3103  4494 D pal/stdout: StarRec_PAL_MutexDeInit(): pthread_mutex_destroy: while: EBUSY.
06-16 15:52:41.695   745  1501 D audio_hw_primary: adev_close_input_stream: enter:stream_handle(0xeee40d30)
06-16 15:52:41.695   745  1501 D audio_hw_primary: io_streams_map_remove: Removed stream with handle 318
06-16 15:52:41.695   745  1501 D soundtrigger: audio_extn_sound_trigger_check_ec_ref_enable: EC Reference is disabled
06-16 15:52:41.695   745  1501 D sound_trigger_hw: handle_audio_ec_ref_enabled: Enter
06-16 15:52:41.695   745  1501 D sound_trigger_hw: handle_audio_ec_ref_enabled: Exit audio ec ref=0
06-16 15:52:41.695   745  1501 D soundtrigger: audio_extn_sound_trigger_update_ec_ref_status: update audio echo ref status false
06-16 15:52:41.695   745  1501 D audio_hw_primary: in_standby: enter: stream (0xeee40d30) usecase(23: audio-record)
06-16 15:52:41.695  1373  1866 I system_server: oneway function results will be dropped but finished with status OK and parcel size 4
06-16 15:52:41.696  1373  1866 I chatty  : uid=1000(system) Binder:1373_8 identical 1 line
06-16 15:52:41.697  1373  1866 I system_server: oneway function results will be dropped but finished with status OK and parcel size 4
06-16 15:52:41.698  3103  4494 D pal/stdout: StarRec_PAL_ThreadWait(): [DCC_NORMAL_0] thread with thread handle 0x0x7b37c1d810 is closed.
06-16 15:52:41.703  3103  4494 D pal/stdout: StarRec_PAL_ThreadWait(): [ASR5_CFG] thread with thread handle 0x0x7b37c1b350 is closed.
06-16 15:52:41.704  3103  4494 D pal/stdout: StarRec_PAL_ThreadWait(): [ASR5_FatalListener] thread with thread handle 0x0x7b37c19c10 is closed.
06-16 15:52:41.704  3103  4494 D pal/stdout: StarRec_PAL_ThreadWait(): [ASR5_Dispatcher] thread with thread handle 0x0x7b37c19fd0 is closed.
06-16 15:52:41.705  3103  4494 D pal/stdout: StarRec_PAL_ThreadWait(): [ASR5_Worker0] thread with thread handle 0x0x7b37c19d90 is closed.
06-16 15:52:41.705  3103  4494 D pal/stdout: StarRec_PAL_ThreadWait(): [ASR5_Worker1] thread with thread handle 0x0x7b37c17d50 is closed.
06-16 15:52:41.705  3103  4494 D pal/stdout: StarRec_PAL_ThreadWait(): [ASR5_Worker2] thread with thread handle 0x0x7b37c1af90 is closed.
06-16 15:52:41.706  3103  4494 D pal/stdout: StarRec_PAL_ThreadWait(): [ASR5_Worker3] thread with thread handle 0x0x7b37c19e50 is closed.
06-16 15:52:41.809  3103  4510 I pal/stdout: StarRec_PAL_ThreadInit(): [ASR5_CFG] initial priority level THREAD_PRIO_NORMAL.
06-16 15:52:41.809  3103  4510 I pal/stdout: StarRec_PAL_ThreadCreate(): [ASR5_CFG] DEFAULT SETTING: invert nice value [3 -> 3].
06-16 15:52:41.809  3103  4510 I pal/stdout: StarRec_PAL_ThreadCreate(): [ASR5_CFG] DEFAULT SETTING: policy [SCHED_OTHER], prio: default [0] + handed-over [3] + 1 = calculated [4].
06-16 15:52:41.809  3103  4510 I pal/stdout: StarRec_PAL_ThreadCreate(): [ASR5_CFG] THREAD CREATED: Policy [0,SCHED_OTHER,OTHER], prio: handed-over [3], final nice,prio [4,0], min [0], max [0]. 
06-16 15:52:41.810  3103  4510 I pal/stdout: StarRec_PAL_ThreadInit(): [ASR5_Worker0] initial priority level THREAD_PRIO_NORMAL.
06-16 15:52:41.810  3103  4510 I pal/stdout: StarRec_PAL_ThreadCreate(): [ASR5_Worker0] DEFAULT SETTING: invert nice value [3 -> 3].
06-16 15:52:41.810  3103  4510 I pal/stdout: StarRec_PAL_ThreadCreate(): [ASR5_Worker0] DEFAULT SETTING: policy [SCHED_OTHER], prio: default [0] + handed-over [3] + 1 = calculated [4].
06-16 15:52:41.810  3103  4510 I pal/stdout: StarRec_PAL_ThreadCreate(): [ASR5_Worker0] THREAD CREATED: Policy [0,SCHED_OTHER,OTHER], prio: handed-over [3], final nice,prio [4,0], min [0], max [0]. 
06-16 15:52:41.810  3103  4510 I pal/stdout: StarRec_PAL_ThreadInit(): [ASR5_Worker1] initial priority level THREAD_PRIO_NORMAL.
06-16 15:52:41.810  3103  4510 I pal/stdout: StarRec_PAL_ThreadCreate(): [ASR5_Worker1] DEFAULT SETTING: invert nice value [3 -> 3].
06-16 15:52:41.810  3103  4510 I pal/stdout: StarRec_PAL_ThreadCreate(): [ASR5_Worker1] DEFAULT SETTING: policy [SCHED_OTHER], prio: default [0] + handed-over [3] + 1 = calculated [4].
06-16 15:52:41.810  3103  4510 I pal/stdout: StarRec_PAL_ThreadCreate(): [ASR5_Worker1] THREAD CREATED: Policy [0,SCHED_OTHER,OTHER], prio: handed-over [3], final nice,prio [4,0], min [0], max [0]. 
06-16 15:52:41.810  3103  4510 I pal/stdout: StarRec_PAL_ThreadInit(): [ASR5_Worker2] initial priority level THREAD_PRIO_NORMAL.
06-16 15:52:41.810  3103  4510 I pal/stdout: StarRec_PAL_ThreadCreate(): [ASR5_Worker2] DEFAULT SETTING: invert nice value [3 -> 3].
06-16 15:52:41.810  3103  4510 I pal/stdout: StarRec_PAL_ThreadCreate(): [ASR5_Worker2] DEFAULT SETTING: policy [SCHED_OTHER], prio: default [0] + handed-over [3] + 1 = calculated [4].
06-16 15:52:41.810  3103  4510 I pal/stdout: StarRec_PAL_ThreadCreate(): [ASR5_Worker2] THREAD CREATED: Policy [0,SCHED_OTHER,OTHER], prio: handed-over [3], final nice,prio [4,0], min [0], max [0]. 
06-16 15:52:41.810  3103  4510 I pal/stdout: StarRec_PAL_ThreadInit(): [ASR5_Worker3] initial priority level THREAD_PRIO_NORMAL.
06-16 15:52:41.810  3103  4510 I pal/stdout: StarRec_PAL_ThreadCreate(): [ASR5_Worker3] DEFAULT SETTING: invert nice value [3 -> 3].
06-16 15:52:41.811  3103  4510 I pal/stdout: StarRec_PAL_ThreadCreate(): [ASR5_Worker3] DEFAULT SETTING: policy [SCHED_OTHER], prio: default [0] + handed-over [3] + 1 = calculated [4].
06-16 15:52:41.811  3103  4510 I pal/stdout: StarRec_PAL_ThreadCreate(): [ASR5_Worker3] THREAD CREATED: Policy [0,SCHED_OTHER,OTHER], prio: handed-over [3], final nice,prio [4,0], min [0], max [0]. 
06-16 15:52:41.811  3103  4510 I pal/stdout: StarRec_PAL_ThreadInit(): [ASR5_Dispatcher] initial priority level THREAD_PRIO_NORMAL.
06-16 15:52:41.811  3103  4512 I pal/stdout: fpThreadRoutine_setThreadName(): [ASR5_Worker0] ok -> set/getpriority (4)/(4) - hdl [-1727116096] ID [4512].
06-16 15:52:41.811  3103  4510 I pal/stdout: StarRec_PAL_ThreadCreate(): [ASR5_Dispatcher] DEFAULT SETTING: invert nice value [3 -> 3].
06-16 15:52:41.811  3103  4510 I pal/stdout: StarRec_PAL_ThreadCreate(): [ASR5_Dispatcher] DEFAULT SETTING: policy [SCHED_OTHER], prio: default [0] + handed-over [3] + 1 = calculated [4].
06-16 15:52:41.811  3103  4514 I pal/stdout: fpThreadRoutine_setThreadName(): [ASR5_Worker2] ok -> set/getpriority (4)/(4) - hdl [-1747239744] ID [4514].
06-16 15:52:41.811  3103  4514 I pal/stdout: sMainWrapper_PrintPrio(): 
06-16 15:52:41.811  3103  4514 I pal/stdout: 	 pid 4514's priority: 4, name: ASR5_Worker2
06-16 15:52:41.811  3103  4514 I pal/stdout: sMainWrapper_PrintPrio(): 	 scheduling class: 
06-16 15:52:41.811  3103  4514 I pal/stdout: sMainWrapper_PrintPrio(): 	 OTHER / Normal 
06-16 15:52:41.811  3103  4514 I pal/stdout: sMainWrapper_PrintPrio(): 	 RT prio: 0 (of 0 to 0)
06-16 15:52:41.811  3103  4510 I pal/stdout: StarRec_PAL_ThreadCreate(): [ASR5_Dispatcher] THREAD CREATED: Policy [0,SCHED_OTHER,OTHER], prio: handed-over [3], final nice,prio [4,0], min [0], max [0]. 
06-16 15:52:41.811  3103  4515 I pal/stdout: fpThreadRoutine_setThreadName(): [ASR5_Worker3] ok -> set/getpriority (4)/(4) - hdl [-1748280128] ID [4515].
06-16 15:52:41.811  3103  4515 I pal/stdout: sMainWrapper_PrintPrio(): 
06-16 15:52:41.811  3103  4515 I pal/stdout: 	 pid 4515's priority: 4, name: ASR5_Worker3
06-16 15:52:41.811  3103  4515 I pal/stdout: sMainWrapper_PrintPrio(): 	 scheduling class: 
06-16 15:52:41.811  3103  4515 I pal/stdout: sMainWrapper_PrintPrio(): 	 OTHER / Normal 
06-16 15:52:41.811  3103  4515 I pal/stdout: sMainWrapper_PrintPrio(): 	 RT prio: 0 (of 0 to 0)
06-16 15:52:41.811  3103  4513 I pal/stdout: fpThreadRoutine_setThreadName(): [ASR5_Worker1] ok -> set/getpriority (4)/(4) - hdl [-1746199360] ID [4513].
06-16 15:52:41.811  3103  4513 I pal/stdout: sMainWrapper_PrintPrio(): 
06-16 15:52:41.811  3103  4513 I pal/stdout: 	 pid 4513's priority: 4, name: ASR5_Worker1
06-16 15:52:41.811  3103  4513 I pal/stdout: sMainWrapper_PrintPrio(): 	 scheduling class: 
06-16 15:52:41.811  3103  4512 I pal/stdout: sMainWrapper_PrintPrio(): 
06-16 15:52:41.811  3103  4512 I pal/stdout: 	 pid 4512's priority: 4, name: ASR5_Worker0
06-16 15:52:41.811  3103  4511 I pal/stdout: fpThreadRoutine_setThreadName(): [ASR5_CFG] ok -> set/getpriority (4)/(4) - hdl [-1725813568] ID [4511].
06-16 15:52:41.811  3103  4511 I pal/stdout: sMainWrapper_PrintPrio(): 
06-16 15:52:41.811  3103  4511 I pal/stdout: 	 pid 4511's priority: 4, name: ASR5_CFG
06-16 15:52:41.811  3103  4511 I pal/stdout: sMainWrapper_PrintPrio(): 	 scheduling class: 
06-16 15:52:41.811  3103  4511 I pal/stdout: sMainWrapper_PrintPrio(): 	 OTHER / Normal 
06-16 15:52:41.811  3103  4511 I pal/stdout: sMainWrapper_PrintPrio(): 	 RT prio: 0 (of 0 to 0)
06-16 15:52:41.811  3103  4513 I pal/stdout: sMainWrapper_PrintPrio(): 	 OTHER / Normal 
06-16 15:52:41.811  3103  4513 I pal/stdout: sMainWrapper_PrintPrio(): 	 RT prio: 0 (of 0 to 0)
06-16 15:52:41.811  3103  4512 I pal/stdout: sMainWrapper_PrintPrio(): 	 scheduling class: 
06-16 15:52:41.811  3103  4512 I pal/stdout: sMainWrapper_PrintPrio(): 	 OTHER / Normal 
06-16 15:52:41.811  3103  4512 I pal/stdout: sMainWrapper_PrintPrio(): 	 RT prio: 0 (of 0 to 0)
06-16 15:52:41.811  3103  4510 I pal/stdout: StarRec_PAL_ThreadInit(): [ASR5_FatalListener] initial priority level THREAD_PRIO_NORMAL.
06-16 15:52:41.811  3103  4510 I pal/stdout: StarRec_PAL_ThreadCreate(): [ASR5_FatalListener] DEFAULT SETTING: invert nice value [3 -> 3].
06-16 15:52:41.811  3103  4510 I pal/stdout: StarRec_PAL_ThreadCreate(): [ASR5_FatalListener] DEFAULT SETTING: policy [SCHED_OTHER], prio: default [0] + handed-over [3] + 1 = calculated [4].
06-16 15:52:41.811  3103  4510 I pal/stdout: StarRec_PAL_ThreadCreate(): [ASR5_FatalListener] THREAD CREATED: Policy [0,SCHED_OTHER,OTHER], prio: handed-over [3], final nice,prio [4,0], min [0], max [0]. 
06-16 15:52:41.812  3103  4516 I pal/stdout: fpThreadRoutine_setThreadName(): [ASR5_Dispatcher] ok -> set/getpriority (4)/(4) - hdl [-1766097728] ID [4516].
06-16 15:52:41.812  3103  4516 I pal/stdout: sMainWrapper_PrintPrio(): 
06-16 15:52:41.812  3103  4516 I pal/stdout: 	 pid 4516's priority: 4, name: ASR5_Dispatcher
06-16 15:52:41.812  3103  4516 I pal/stdout: sMainWrapper_PrintPrio(): 	 scheduling class: 
06-16 15:52:41.812  3103  4516 I pal/stdout: sMainWrapper_PrintPrio(): 	 OTHER / Normal 
06-16 15:52:41.812  3103  4516 I pal/stdout: sMainWrapper_PrintPrio(): 	 RT prio: 0 (of 0 to 0)
06-16 15:52:41.812  3103  4517 I pal/stdout: fpThreadRoutine_setThreadName(): [ASR5_FatalListener] ok -> set/getpriority (4)/(4) - hdl [-1767138112] ID [4517].
06-16 15:52:41.812  3103  4517 I pal/stdout: sMainWrapper_PrintPrio(): 
06-16 15:52:41.812  3103  4517 I pal/stdout: 	 pid 4517's priority: 4, name: ASR5_FatalListener
06-16 15:52:41.812  3103  4517 I pal/stdout: sMainWrapper_PrintPrio(): 	 scheduling class: 
06-16 15:52:41.812  3103  4517 I pal/stdout: sMainWrapper_PrintPrio(): 	 OTHER / Normal 
06-16 15:52:41.812  3103  4517 I pal/stdout: sMainWrapper_PrintPrio(): 	 RT prio: 0 (of 0 to 0)
06-16 15:52:41.841  3103  4510 I pal/stdout: StarRec_PAL_ThreadInit(): [DCC_CREATION_0] initial priority level THREAD_PRIO_NORMAL.
06-16 15:52:41.841  3103  4510 I pal/stdout: StarRec_PAL_ThreadCreate(): [DCC_CREATION_0] DEFAULT SETTING: invert nice value [3 -> 3].
06-16 15:52:41.841  3103  4510 I pal/stdout: StarRec_PAL_ThreadCreate(): [DCC_CREATION_0] DEFAULT SETTING: policy [SCHED_OTHER], prio: default [0] + handed-over [3] + 1 = calculated [4].
06-16 15:52:41.842  3103  4510 I pal/stdout: StarRec_PAL_ThreadCreate(): [DCC_CREATION_0] THREAD CREATED: Policy [0,SCHED_OTHER,OTHER], prio: handed-over [3], final nice,prio [4,0], min [0], max [0]. 
06-16 15:52:41.842  3103  4518 I pal/stdout: fpThreadRoutine_setThreadName(): [DCC_CREATION_0] ok -> set/getpriority (4)/(4) - hdl [1011920064] ID [4518].
06-16 15:52:41.842  3103  4518 I pal/stdout: sMainWrapper_PrintPrio(): 
06-16 15:52:41.842  3103  4518 I pal/stdout: 	 pid 4518's priority: 4, name: DCC_CREATION_0
06-16 15:52:41.842  3103  4518 I pal/stdout: sMainWrapper_PrintPrio(): 	 scheduling class: 
06-16 15:52:41.842  3103  4518 I pal/stdout: sMainWrapper_PrintPrio(): 	 OTHER / Normal 
06-16 15:52:41.842  3103  4518 I pal/stdout: sMainWrapper_PrintPrio(): 	 RT prio: 0 (of 0 to 0)
06-16 15:52:41.846  3103  4518 I DCCListener: DCC event: DCC_CREATION_STARTED ()
06-16 15:52:41.848  3103  4518 I DCCListener: DCC event: DCC_DATA_ID ()
06-16 15:52:41.848  3103  4518 I DCCListener: DCC event: DCC_WITH_N_ENTRIES (58)
06-16 15:52:41.848  3103  4518 I DCCListener: DCC event: DCC_CREATION_FINISHED ()
06-16 15:52:41.849   745   785 D audio_hw_primary: adev_open_input_stream: enter: sample_rate(16000) channel_mask(0x10) devices(0x80000004)        stream_handle(0xeee46bb0) io_handle(326) source(6) format 1
06-16 15:52:41.849   745   785 D audio_hw_primary: io_streams_map_insert: Added stream in io_streams_map with handle 326
06-16 15:52:41.849   745   785 E device_utils: update_device_list: Invalid device: 0
06-16 15:52:41.853   810  4520 I AudioFlinger: AudioFlinger's thread 0x7bc9069040 tid=4520 ready to run
06-16 15:52:41.853   745   785 D audio_hw_primary: in_standby: enter: stream (0xeee46bb0) usecase(23: audio-record)
06-16 15:52:41.853  3103  4510 I pal/stdout: StarRec_PAL_ThreadInit(): [DCC_NORMAL_0] initial priority level THREAD_PRIO_NORMAL.
06-16 15:52:41.854  3103  4510 I pal/stdout: StarRec_PAL_ThreadCreate(): [DCC_NORMAL_0] DEFAULT SETTING: invert nice value [3 -> 3].
06-16 15:52:41.854  3103  4510 I pal/stdout: StarRec_PAL_ThreadCreate(): [DCC_NORMAL_0] DEFAULT SETTING: policy [SCHED_OTHER], prio: default [0] + handed-over [3] + 1 = calculated [4].
06-16 15:52:41.854  3103  4510 I pal/stdout: StarRec_PAL_ThreadCreate(): [DCC_NORMAL_0] THREAD CREATED: Policy [0,SCHED_OTHER,OTHER], prio: handed-over [3], final nice,prio [4,0], min [0], max [0]. 
06-16 15:52:41.854  3103  4510 I AsrConfiguration: Add app: VuzixApp-en
06-16 15:52:41.854  3103  4521 I pal/stdout: fpThreadRoutine_setThreadName(): [DCC_NORMAL_0] ok -> set/getpriority (4)/(4) - hdl [789159104] ID [4521].
06-16 15:52:41.854  3103  4521 I pal/stdout: sMainWrapper_PrintPrio(): 
06-16 15:52:41.854  3103  4521 I pal/stdout: 	 pid 4521's priority: 4, name: DCC_NORMAL_0
06-16 15:52:41.854  3103  4521 I pal/stdout: sMainWrapper_PrintPrio(): 	 scheduling class: 
06-16 15:52:41.854  3103  4521 I pal/stdout: sMainWrapper_PrintPrio(): 	 OTHER / Normal 
06-16 15:52:41.854  3103  4521 I pal/stdout: sMainWrapper_PrintPrio(): 	 RT prio: 0 (of 0 to 0)
06-16 15:52:41.855  3103  4521 D pal/stdout: StarRec_PAL_ThreadWait(): [DCC_CREATION_0] thread with thread handle 0x0x7b37c1ca90 is closed.
06-16 15:52:41.855   745   785 D audio_hw_primary: in_standby: enter: stream (0xeee46bb0) usecase(23: audio-record)
06-16 15:52:41.856  3103  4521 I DCCListener: DCC event: DCC_DATA_PREPARATION_STARTED ()
06-16 15:52:41.857  1373  1866 I system_server: oneway function results will be dropped but finished with status OK and parcel size 4
06-16 15:52:41.857  1373  1866 I chatty  : uid=1000(system) Binder:1373_8 identical 1 line
06-16 15:52:41.858  1373  1866 I system_server: oneway function results will be dropped but finished with status OK and parcel size 4
06-16 15:52:41.877  3103  3103 D VzxSrSpeechRecognitionService: Icon IconStatusSleep
06-16 15:52:41.880   745   785 D audio_hw_primary: adev_create_audio_patch: enter: num sources 1, num_sinks 1, handle 0
06-16 15:52:41.880   745   785 D audio_hw_primary: adev_create_audio_patch: Capture patch from device 80000004 to mix 326
06-16 15:52:41.880   745   785 D audio_hw_primary: update_patch: enter
06-16 15:52:41.880   745   785 D audio_hw_primary: route_input_stream: exit: status(0)
06-16 15:52:41.880   745   785 D audio_hw_primary: adev_create_audio_patch: Added a new patch with handle 37
06-16 15:52:41.881   745  1501 E device_utils: update_device_list: Invalid device: 0
06-16 15:52:41.882  1373  1424 I system_server: oneway function results will be dropped but finished with status OK and parcel size 4
06-16 15:52:41.883  1373  1424 I system_server: oneway function results will be dropped but finished with status OK and parcel size 4
06-16 15:52:41.884  1373  1387 I SoundTriggerMiddlewareLogging: setCaptureState[this=com.android.server.soundtrigger_middleware.SoundTriggerMiddlewareImpl@38ce48b, caller=1041/810](true)
06-16 15:52:41.886   745   785 E FMQ     : grantorIdx must be less than 3
06-16 15:52:41.886   745   785 E FMQ     : grantorIdx must be less than 3
06-16 15:52:41.886   810  4520 E FMQ     : grantorIdx must be less than 3
06-16 15:52:41.886   810  4520 E FMQ     : grantorIdx must be less than 3
06-16 15:52:41.886   745  4523 D audio_hw_primary: start_input_stream: enter: stream(0xeee46bb0)usecase(23: audio-record), source 6
06-16 15:52:41.887   745  4523 D audio_hw_primary: select_devices for use case (audio-record)
06-16 15:52:41.887   745  4523 I msm8974_platform: platform_check_and_set_capture_codec_backend_cfg:txbecf: afe: bitwidth 16, samplerate 16000, channel 1 format 1, backend_idx 8 usecase = 23 device (voice-rec-mic)
06-16 15:52:41.887   745  4523 I msm8974_platform: platform_check_capture_codec_backend_cfg:txbecf: afe: Codec selected backend: 8 current bit width: 16 and sample rate: 16000, channels 1 format 1
06-16 15:52:41.887   745  4523 I msm8974_platform: platform_check_capture_codec_backend_cfg:txbecf: afe: current backend bit_width 16 sample_rate 48000 channels 1, format 0
06-16 15:52:41.887   745  4523 I msm8974_platform: platform_check_capture_codec_backend_cfg:txbecf: afe: Codec backend needs to be updated. new bit width: 16 new sample rate: 48000 new channel: 1 new format: 1
06-16 15:52:41.887   745  4523 I msm8974_platform: platform_set_codec_backend_cfg:becf: afe: bitwidth 16, samplerate 48000 channels 1 format 1, backend_idx 8 device (voice-rec-mic)
06-16 15:52:41.887   745  4523 D audio_hw_primary: check_usecases_capture_codec_backend:becf: force routing 0
06-16 15:52:41.887   745  4523 E audio_hw_primary: enable_snd_device: addcheck2 other record usecase's dev
06-16 15:52:41.887   745  4523 D hardware_info: hw_info_append_hw_type : device_name = voice-rec-mic
06-16 15:52:41.887   745  4523 D audio_hw_primary: enable_snd_device: snd_device(195: current(before increase) ref_cnt 0)
06-16 15:52:41.887   745  4523 D msm8974_platform: platform_split_snd_device: snd_device(195) num devices(0) new_snd_devices[0](0) ret=-22
06-16 15:52:41.887   745  4523 D audio_hw_primary: enable_snd_device: snd_device(195: voice-rec-mic)
06-16 15:52:41.887   745  4523 D msm8974_platform: platform_get_island_cfg_on_device:island cfg status on snd_device = (voice-rec-mic 0)
06-16 15:52:41.887   745  4523 D soundtrigger: audio HAL using same device 195 as ST
06-16 15:52:41.887   745  4523 I soundtrigger: audio_extn_sound_trigger_update_device_status: device 0xc3 of type 1 for Event 1, with Raise=1
06-16 15:52:41.887   745  4523 D sound_trigger_platform: platform_stdev_check_and_update_concurrency: Received DEVICE event, event type 1
06-16 15:52:41.887   745  4523 D sound_trigger_platform: platform_stdev_check_and_update_concurrency: dedicated path 0, reset backend 1, tx 1, rx 0,concurrency session not allowed
06-16 15:52:41.887   745  4523 D audio_route: Apply path: voice-rec-mic
06-16 15:52:41.888   745  4523 D soundtrigger: audio HAL using same device 195 as ST
06-16 15:52:41.888   745  4523 D soundtrigger: audio_extn_sound_trigger_update_stream_status: uc_info->id 23 of type 1 for Event 3, with Raise=1
06-16 15:52:41.888   745  4523 D soundtrigger: audio_extn_sound_trigger_update_stream_status: send event 13: usecase id 23, type 1
06-16 15:52:41.888   745  4523 I sound_trigger_platform: platform_stdev_check_and_update_concurrency: Received STREAM event, event type 13, usecase type 1
06-16 15:52:41.888   745  4523 D sound_trigger_platform: platform_stdev_check_and_update_concurrency: dedicated path 0, reset backend 1, tx 1, rx 0,concurrency session not allowed
06-16 15:52:41.888   745  4523 D audio_hw_utils: audio_extn_utils_send_app_type_cfg: usecase->in_snd_device voice-rec-mic
06-16 15:52:41.888   745  4523 D msm8974_platform: platform_split_snd_device: snd_device(195) num devices(0) new_snd_devices[0](0) ret=-22
06-16 15:52:41.888   745  4523 D msm8974_platform: platform_get_snd_device_backend_index: device 195 is hw_interface_name INT3_MI2S_TX is be_dai_id=152
06-16 15:52:41.888   745  4523 D audio_hw_utils: audio_extn_btsco_get_sample_rate:Not a BT SCO device, need not update sampling rate
06-16 15:52:41.888   745  4523 I audio_hw_utils: send_app_type_cfg_for_device CAPTURE app_type 69938, acdb_dev_id 11, sample_rate 16000, snd_device_be_idx 152
06-16 15:52:41.889   745  4523 D msm8974_platform: platform_split_snd_device: snd_device(195) num devices(1) new_snd_devices[0](0) ret=-22
06-16 15:52:41.889   745  4523 D audio_hw_utils: audio_extn_btsco_get_sample_rate:Not a BT SCO device, need not update sampling rate
06-16 15:52:41.889   745  4523 D ACDB-LOADER: ACDB -> send_audio_cal, acdb_id = 11, path = 1, app id = 0x11132, sample rate = 16000, afe_sample_rate = 48000
06-16 15:52:41.889   745  4523 D ACDB-LOADER: ACDB -> send_asm_topology
06-16 15:52:41.889   745  4523 D ACDB-LOADER: ACDB -> ACDB_CMD_GET_AUDPROC_STREAM_TOPOLOGY_ID
06-16 15:52:41.889   745  4523 D ACDB-LOADER: ACDB -> send_adm_topology
06-16 15:52:41.889   745  4523 D ACDB-LOADER: ACDB -> ACDB_CMD_GET_AUDPROC_COMMON_TOPOLOGY_ID
06-16 15:52:41.889   745  4523 D ACDB-LOADER: ACDB -> send_audtable
06-16 15:52:41.889   745  4523 D ACDB-LOADER: ACDB -> ACDB_CMD_GET_AUDPROC_COMMON_TABLE_SIZE
06-16 15:52:41.889   745  4523 D ACDB-LOADER: ACDB -> ACDB_CMD_GET_AUDPROC_COMMON_TABLE
06-16 15:52:41.889   745  4523 D ACDB-LOADER: ACDB -> AUDIO_SET_AUDPROC_CAL cal_type[11] acdb_id[11] app_type[69938]
06-16 15:52:41.889   745  4523 D ACDB-LOADER: ACDB -> ACDB_CMD_GET_AUDPROC_STREAM_TABLE_SIZE
06-16 15:52:41.889   745  4523 D ACDB-LOADER: ACDB -> send_audstrmtable
06-16 15:52:41.889   745  4523 D ACDB-LOADER: ACDB -> ACDB_CMD_GET_AUDPROC_STREAM_TABLE_V2
06-16 15:52:41.889   745  4523 D ACDB-LOADER: ACDB -> audstrm_cal->cal_type.cal_data.cal_size = 16
06-16 15:52:41.889   745  4523 D ACDB-LOADER: ACDB -> send_afe_topology
06-16 15:52:41.889   745  4523 D ACDB-LOADER: ACDB -> ACDB_CMD_GET_AFE_TOPOLOGY_ID
06-16 15:52:41.889   745  4523 D ACDB-LOADER: ACDB -> GET_AFE_TOPOLOGY_ID for adcd_id 11, Topology Id 112fb
06-16 15:52:41.889   745  4523 D ACDB-LOADER: ACDB -> send_afe_cal
06-16 15:52:41.889   745  4523 D ACDB-LOADER: ACDB -> ACDB_CMD_GET_AFE_COMMON_TABLE_SIZE
06-16 15:52:41.889   745  4523 D android.hardware.audio.service: Failed to fetch the lookup information of the device 000018EB 11
06-16 15:52:41.889   745  4523 D ACDB-LOADER: Error: ACDB_CMD_GET_AFE_COMMON_TABLE_SIZE Returned = -19
06-16 15:52:41.889   745  4523 D ACDB-LOADER: ACDB -> ACDB_CMD_GET_AFE_COMMON_TABLE
06-16 15:52:41.890   745  4523 D android.hardware.audio.service: Failed to fetch the lookup information of the device 000018EB 11
06-16 15:52:41.890   745  4523 D ACDB-LOADER: Error: ACDB AFE returned = -19
06-16 15:52:41.890   745  4523 D ACDB-LOADER: ACDB -> AUDIO_SET_AFE_CAL cal_type[17] acdb_id[11]
06-16 15:52:41.890   745  4523 D ACDB-LOADER: ACDB -> send_hw_delay : acdb_id = 11 path = 1
06-16 15:52:41.890   745  4523 D ACDB-LOADER: ACDB -> ACDB_AVSYNC_INFO: ACDB_CMD_GET_DEVICE_PROPERTY
06-16 15:52:41.890   745  4523 D audio_hw_primary: enable_audio_route: apply mixer and update path: audio-record
06-16 15:52:41.890   745  4523 D audio_route: Apply path: audio-record
06-16 15:52:41.891   745  4523 D audio_hw_primary: select_devices: done
06-16 15:52:41.897  3103  4521 I ContentValuesIterator: DCC item: CustomPhrase_Ortho->hello view-zix
06-16 15:52:41.899  3103  4521 I ContentValuesIterator: DCC item: CustomPhrase_Ortho->Voice off
06-16 15:52:41.901  3103  4521 I ContentValuesIterator: DCC item: CustomPhrase_Ortho->Go back
06-16 15:52:41.902  3103  4521 I ContentValuesIterator: DCC item: CustomPhrase_Ortho->Close
06-16 15:52:41.903  3103  4521 I ContentValuesIterator: DCC item: CustomPhrase_Ortho->A
06-16 15:52:41.904  3103  4521 I ContentValuesIterator: DCC item: CustomPhrase_Ortho->B
06-16 15:52:41.905  3103  4521 I ContentValuesIterator: DCC item: CustomPhrase_Ortho->C
06-16 15:52:41.905  3103  4521 I ContentValuesIterator: DCC item: CustomPhrase_Ortho->D
06-16 15:52:41.906  3103  4521 I ContentValuesIterator: DCC item: CustomPhrase_Ortho->E
06-16 15:52:41.906  3103  4521 I ContentValuesIterator: DCC item: CustomPhrase_Ortho->F
06-16 15:52:41.907  3103  4521 I ContentValuesIterator: DCC item: CustomPhrase_Ortho->G
06-16 15:52:41.908  3103  4521 I ContentValuesIterator: DCC item: CustomPhrase_Ortho->H
06-16 15:52:41.908  3103  4521 I ContentValuesIterator: DCC item: CustomPhrase_Ortho->I
06-16 15:52:41.909  3103  4521 I ContentValuesIterator: DCC item: CustomPhrase_Ortho->J
06-16 15:52:41.910  3103  4521 I ContentValuesIterator: DCC item: CustomPhrase_Ortho->K
06-16 15:52:41.911  3103  4521 I ContentValuesIterator: DCC item: CustomPhrase_Ortho->L
06-16 15:52:41.912  3103  4521 I ContentValuesIterator: DCC item: CustomPhrase_Ortho->M
06-16 15:52:41.912  3103  4521 I ContentValuesIterator: DCC item: CustomPhrase_Ortho->1
06-16 15:52:41.913  3103  4521 I ContentValuesIterator: DCC item: CustomPhrase_Ortho->2
06-16 15:52:41.914  3103  4521 I ContentValuesIterator: DCC item: CustomPhrase_Ortho->3
06-16 15:52:41.915  3103  4521 I ContentValuesIterator: DCC item: CustomPhrase_Ortho->4
06-16 15:52:41.916  3103  4521 I ContentValuesIterator: DCC item: CustomPhrase_Ortho->5
06-16 15:52:41.917   745  4523 D audio_hw_primary: start_input_stream: exit
06-16 15:52:41.917  3103  4521 I ContentValuesIterator: DCC item: CustomPhrase_Ortho->erase
06-16 15:52:41.918  3103  4521 I ContentValuesIterator: DCC item: CustomPhrase_Ortho->scan code
06-16 15:52:41.919  3103  4521 I ContentValuesIterator: DCC item: CustomPhrase_Ortho->queue are code
06-16 15:52:41.920  3103  4521 I ContentValuesIterator: DCC item: CustomPhrase_Ortho->N
06-16 15:52:41.921  3103  4521 I ContentValuesIterator: DCC item: CustomPhrase_Ortho->O
06-16 15:52:41.921  3103  4521 I ContentValuesIterator: DCC item: CustomPhrase_Ortho->P
06-16 15:52:41.922  3103  4521 I ContentValuesIterator: DCC item: CustomPhrase_Ortho->Q
06-16 15:52:41.922  3103  4521 I ContentValuesIterator: DCC item: CustomPhrase_Ortho->R
06-16 15:52:41.923  3103  4521 I ContentValuesIterator: DCC item: CustomPhrase_Ortho->S
06-16 15:52:41.923  3103  4521 I ContentValuesIterator: DCC item: CustomPhrase_Ortho->T
06-16 15:52:41.924  3103  4521 I ContentValuesIterator: DCC item: CustomPhrase_Ortho->U
06-16 15:52:41.925  3103  4521 I ContentValuesIterator: DCC item: CustomPhrase_Ortho->V
06-16 15:52:41.925  3103  4521 I ContentValuesIterator: DCC item: CustomPhrase_Ortho->W
06-16 15:52:41.926  3103  4521 I ContentValuesIterator: DCC item: CustomPhrase_Ortho->X
06-16 15:52:41.927  3103  4521 I ContentValuesIterator: DCC item: CustomPhrase_Ortho->Y
06-16 15:52:41.928  3103  4521 I ContentValuesIterator: DCC item: CustomPhrase_Ortho->Z
06-16 15:52:41.928  3103  4521 I ContentValuesIterator: DCC item: CustomPhrase_Ortho->6
06-16 15:52:41.929  3103  4521 I ContentValuesIterator: DCC item: CustomPhrase_Ortho->7
06-16 15:52:41.930  3103  4521 I ContentValuesIterator: DCC item: CustomPhrase_Ortho->8
06-16 15:52:41.931  3103  4521 I ContentValuesIterator: DCC item: CustomPhrase_Ortho->9
06-16 15:52:41.932  3103  4521 I ContentValuesIterator: DCC item: CustomPhrase_Ortho->0
06-16 15:52:41.933  3103  4521 I ContentValuesIterator: DCC item: CustomPhrase_Ortho->space
06-16 15:52:41.933  3103  4521 I ContentValuesIterator: DCC item: CustomPhrase_Ortho->symbols
06-16 15:52:41.934  3103  4521 I ContentValuesIterator: DCC item: CustomPhrase_Ortho->shift
06-16 15:52:41.935  3103  4521 I ContentValuesIterator: DCC item: CustomPhrase_Ortho->caps
06-16 15:52:41.936  3103  4521 I ContentValuesIterator: DCC item: CustomPhrase_Ortho->forward slash
06-16 15:52:41.937  3103  4521 I ContentValuesIterator: DCC item: CustomPhrase_Ortho->at sign
06-16 15:52:41.938  3103  4521 I ContentValuesIterator: DCC item: CustomPhrase_Ortho->left parenthesis
06-16 15:52:41.939  3103  4521 I ContentValuesIterator: DCC item: CustomPhrase_Ortho->right parenthesis
06-16 15:52:41.940  3103  4521 I ContentValuesIterator: DCC item: CustomPhrase_Ortho->apostrophe
06-16 15:52:41.941  3103  4521 I ContentValuesIterator: DCC item: CustomPhrase_Ortho->quotation mark
06-16 15:52:41.942  3103  4521 I ContentValuesIterator: DCC item: CustomPhrase_Ortho->comma
06-16 15:52:41.943  3103  4521 I ContentValuesIterator: DCC item: CustomPhrase_Ortho->period
06-16 15:52:41.944  3103  4521 I ContentValuesIterator: DCC item: CustomPhrase_Ortho->question mark
06-16 15:52:41.945  3103  4521 I ContentValuesIterator: DCC item: CustomPhrase_Ortho->exclamation point
06-16 15:52:41.947  3103  4521 I ContentValuesIterator: DCC item: CustomPhrase_Ortho->left
06-16 15:52:41.948  3103  4521 I ContentValuesIterator: DCC item: CustomPhrase_Ortho->right
06-16 15:52:41.948  3103  4521 I ContentValuesIterator: DCC item: CustomPhrase_Ortho->continue
06-16 15:52:41.949  3103  4521 I ContentValuesIterator: DCC item: CustomPhrase_Ortho->done
06-16 15:52:41.950  3103  4521 I ContentValuesIterator: DCC item: CustomPhrase_Ortho->enter
06-16 15:52:41.965  3103  4521 I DCCListener: DCC event: DCC_DATA_ID ()
06-16 15:52:41.965  3103  4521 I DCCListener: DCC event: DCC_DATA_PREPARATION_FINISHED (current_total_number=62  added=62  removed=0  failed_to_add=0  failed_to_remove=0)
06-16 15:52:41.965  3103  4510 I Asr     : Data prep finished event received; proceeding
06-16 15:52:42.087  2528  2528 W VuzixNotificationListener: onNotificationPosted: 0|com.vuzix.speechrecognitionservice|1|null|1000
06-16 15:52:42.088  2528  2528 I VuzixNotificationListener: notify: 0|com.vuzix.speechrecognitionservice|1|null|1000
06-16 15:52:42.088  2528  2528 W VuzixNotificationListener: shouldShowPopup 2 true
06-16 15:52:42.218  1373  1461 D InputDispatcher: Waiting to send key to Window{3520562 u0 org.chromium.webview_shell/org.chromium.webview_shell.WebViewBrowserActivity} because there are unprocessed events that may cause focus to change
06-16 15:52:44.011  1118  1118 W /system/vendor/bin/ipacm: type=1400 audit(0.0:807): avc: denied { write } for comm=6E65746C696E6B20736F636B6574 name="ipacm_log_file" dev="tmpfs" ino=18235 scontext=u:r:ipacm:s0 tcontext=u:object_r:ipacm_socket:s0 tclass=sock_file permissive=0
06-16 15:52:45.211  1373  1461 D InputDispatcher: Waiting to send key to Window{3520562 u0 org.chromium.webview_shell/org.chromium.webview_shell.WebViewBrowserActivity} because there are unprocessed events that may cause focus to change
06-16 15:52:47.765  1373  1461 D InputDispatcher: Waiting to send key to Window{3520562 u0 org.chromium.webview_shell/org.chromium.webview_shell.WebViewBrowserActivity} because there are unprocessed events that may cause focus to change
06-16 15:52:49.596  2641  2641 D VuzixKeyboard: onStartInputView: android.view.inputmethod.EditorInfo@45f3e2a true
06-16 15:52:49.646  3506  3506 E WebViewShell: https://dartlab.org/assets/pdf/mirage.pdf
06-16 15:52:49.656  3506  3506 W IInputConnectionWrapper: getExtractedText on inactive InputConnection
06-16 15:52:49.661  3506  3506 W IInputConnectionWrapper: getTextBeforeCursor on inactive InputConnection
06-16 15:52:49.665  2641  2641 D VuzixKeyboard: onFinishInputView: true
06-16 15:52:49.666  2641  2641 D VuzixKeyboard: onStartInputView: android.view.inputmethod.EditorInfo@ffa741b false
06-16 15:52:49.674  2641  2641 D VuzixKeyboard: onFinishInputView: false
06-16 15:52:49.690   745   785 D audio_hw_primary: in_standby: enter: stream (0xeee46bb0) usecase(23: audio-record)
06-16 15:52:49.690  1373  1866 I system_server: oneway function results will be dropped but finished with status OK and parcel size 4
06-16 15:52:49.740   745   785 D audio_hw_primary: disable_audio_route: reset and update mixer path: audio-record
06-16 15:52:49.741   745   785 D soundtrigger: audio HAL using same device 195 as ST
06-16 15:52:49.741   745   785 D soundtrigger: audio_extn_sound_trigger_update_stream_status: uc_info->id 23 of type 1 for Event 2, with Raise=1
06-16 15:52:49.741   745   785 D soundtrigger: audio_extn_sound_trigger_update_stream_status: send event 12: usecase id 23, type 1
06-16 15:52:49.741   745   785 I sound_trigger_platform: platform_stdev_check_and_update_concurrency: Received STREAM event, event type 12, usecase type 1
06-16 15:52:49.741   745   785 D sound_trigger_platform: platform_stdev_check_and_update_concurrency: dedicated path 0, reset backend 1, tx 1, rx 0,concurrency session not allowed
06-16 15:52:49.742   745   785 D hardware_info: hw_info_append_hw_type : device_name = voice-rec-mic
06-16 15:52:49.742   745   785 D audio_hw_primary: disable_snd_device: snd_device(195: current(before decrease) ref_cnt 1) 
06-16 15:52:49.742   745   785 E audio_hw_primary: disable_snd_device:1snd_device-195,count-0
06-16 15:52:49.742   745   785 D hardware_info: hw_info_append_hw_type : device_name = voice-rec-mic
06-16 15:52:49.742   745   785 D audio_hw_primary: disable_snd_device: snd_device(195: voice-rec-mic)
06-16 15:52:49.742   745   785 D msm8974_platform: platform_split_snd_device: snd_device(195) num devices(0) new_snd_devices[0](0) ret=-22
06-16 15:52:49.743   745   785 D soundtrigger: audio HAL using same device 195 as ST
06-16 15:52:49.743   745   785 I soundtrigger: audio_extn_sound_trigger_update_device_status: device 0xc3 of type 1 for Event 0, with Raise=1
06-16 15:52:49.743   745   785 D sound_trigger_platform: platform_stdev_check_and_update_concurrency: Received DEVICE event, event type 0
06-16 15:52:49.743   745   785 D sound_trigger_platform: platform_stdev_check_and_update_concurrency: dedicated path 0, reset backend 1, tx 0, rx 0,concurrency session allowed
06-16 15:52:49.745  1373  1424 E AppOps  : Attribution not found: uid=1000 pkg=com.vuzix.speechrecognitionservice(null) op=RECORD_AUDIO
06-16 15:52:49.747   745  1501 D audio_hw_primary: adev_release_audio_patch: Remove patch with handle 37
06-16 15:52:49.747   745  1501 D audio_hw_primary: route_input_stream: exit: status(0)
06-16 15:52:49.748  1373  1425 I SoundTriggerMiddlewareLogging: setCaptureState[this=com.android.server.soundtrigger_middleware.SoundTriggerMiddlewareImpl@38ce48b, caller=1041/810](false)
06-16 15:52:49.749  1373  1424 I system_server: oneway function results will be dropped but finished with status OK and parcel size 4
06-16 15:52:49.765  1373  1387 I SoundTriggerMiddlewareLogging: setCaptureState[this=com.android.server.soundtrigger_middleware.SoundTriggerMiddlewareImpl@38ce48b, caller=1041/810](false)
06-16 15:52:49.766  1373  1425 I system_server: oneway function results will be dropped but finished with status OK and parcel size 4
06-16 15:52:49.767  1373  1425 I system_server: oneway function results will be dropped but finished with status OK and parcel size 4
06-16 15:52:49.767  3103  4510 D pal/stdout: StarRec_PAL_MutexDeInit(): pthread_mutex_destroy: EBUSY.
06-16 15:52:49.767  3103  4510 D pal/stdout: StarRec_PAL_MutexDeInit(): pthread_mutex_destroy: EDEADLK.
06-16 15:52:49.767  3103  4510 D pal/stdout: StarRec_PAL_MutexDeInit(): pthread_mutex_destroy: while: EBUSY.
06-16 15:52:49.767   745  1501 D audio_hw_primary: adev_close_input_stream: enter:stream_handle(0xeee46bb0)
06-16 15:52:49.767   745  1501 D audio_hw_primary: io_streams_map_remove: Removed stream with handle 326
06-16 15:52:49.767   745  1501 D soundtrigger: audio_extn_sound_trigger_check_ec_ref_enable: EC Reference is disabled
06-16 15:52:49.767   745  1501 D sound_trigger_hw: handle_audio_ec_ref_enabled: Enter
06-16 15:52:49.767   745  1501 D sound_trigger_hw: handle_audio_ec_ref_enabled: Exit audio ec ref=0
06-16 15:52:49.767   745  1501 D soundtrigger: audio_extn_sound_trigger_update_ec_ref_status: update audio echo ref status false
06-16 15:52:49.767   745  1501 D audio_hw_primary: in_standby: enter: stream (0xeee46bb0) usecase(23: audio-record)
06-16 15:52:49.767  1373  1425 I system_server: oneway function results will be dropped but finished with status OK and parcel size 4
06-16 15:52:49.770  3103  4510 D pal/stdout: StarRec_PAL_ThreadWait(): [DCC_NORMAL_0] thread with thread handle 0x0x7b37c16790 is closed.
06-16 15:52:49.778  3103  4510 D pal/stdout: StarRec_PAL_ThreadWait(): [ASR5_CFG] thread with thread handle 0x0x7b37c1b7d0 is closed.
06-16 15:52:49.779  3103  4510 D pal/stdout: StarRec_PAL_ThreadWait(): [ASR5_FatalListener] thread with thread handle 0x0x7b37c19c10 is closed.
06-16 15:52:49.780  3103  4510 D pal/stdout: StarRec_PAL_ThreadWait(): [ASR5_Dispatcher] thread with thread handle 0x0x7b37c19fd0 is closed.
06-16 15:52:49.780  1373  2576 D CompatibilityInfo: mCompatibilityFlags - 0
06-16 15:52:49.780  1373  2576 D CompatibilityInfo: applicationDensity - 212
06-16 15:52:49.780  1373  2576 D CompatibilityInfo: applicationScale - 1.0
06-16 15:52:49.780  3103  4510 D pal/stdout: StarRec_PAL_ThreadWait(): [ASR5_Worker0] thread with thread handle 0x0x7b37c19e50 is closed.
06-16 15:52:49.781  3103  4510 D pal/stdout: StarRec_PAL_ThreadWait(): [ASR5_Worker1] thread with thread handle 0x0x7b37c1af90 is closed.
06-16 15:52:49.781  3103  4510 D pal/stdout: StarRec_PAL_ThreadWait(): [ASR5_Worker2] thread with thread handle 0x0x7b37c17d50 is closed.
06-16 15:52:49.782  3103  4510 D pal/stdout: StarRec_PAL_ThreadWait(): [ASR5_Worker3] thread with thread handle 0x0x7b37c19d90 is closed.
06-16 15:52:49.799  2423  4526 D DownloadManager: [10] Starting
06-16 15:52:49.826  2423  4526 D NetworkSecurityConfig: Using Network Security Config from resource network_security_config debugBuild: false
06-16 15:52:49.828  2423  4526 D NetworkSecurityConfig: Using Network Security Config from resource network_security_config debugBuild: false
06-16 15:52:49.830  2423  4526 I DpmTcmClient: RegisterTcmMonitor from: $Proxy1
06-16 15:52:49.875  3103  4527 I pal/stdout: StarRec_PAL_ThreadInit(): [ASR5_CFG] initial priority level THREAD_PRIO_NORMAL.
06-16 15:52:49.875  3103  4527 I pal/stdout: StarRec_PAL_ThreadCreate(): [ASR5_CFG] DEFAULT SETTING: invert nice value [3 -> 3].
06-16 15:52:49.875  3103  4527 I pal/stdout: StarRec_PAL_ThreadCreate(): [ASR5_CFG] DEFAULT SETTING: policy [SCHED_OTHER], prio: default [0] + handed-over [3] + 1 = calculated [4].
06-16 15:52:49.875  3103  4527 I pal/stdout: StarRec_PAL_ThreadCreate(): [ASR5_CFG] THREAD CREATED: Policy [0,SCHED_OTHER,OTHER], prio: handed-over [3], final nice,prio [4,0], min [0], max [0]. 
06-16 15:52:49.875  3103  4530 I pal/stdout: fpThreadRoutine_setThreadName(): [ASR5_CFG] ok -> set/getpriority (4)/(4) - hdl [-1725813568] ID [4530].
06-16 15:52:49.875  3103  4530 I pal/stdout: sMainWrapper_PrintPrio(): 
06-16 15:52:49.875  3103  4530 I pal/stdout: 	 pid 4530's priority: 4, name: ASR5_CFG
06-16 15:52:49.875  3103  4530 I pal/stdout: sMainWrapper_PrintPrio(): 	 scheduling class: 
06-16 15:52:49.875  3103  4530 I pal/stdout: sMainWrapper_PrintPrio(): 	 OTHER / Normal 
06-16 15:52:49.875  3103  4530 I pal/stdout: sMainWrapper_PrintPrio(): 	 RT prio: 0 (of 0 to 0)
06-16 15:52:49.876  3103  4527 I pal/stdout: StarRec_PAL_ThreadInit(): [ASR5_Worker0] initial priority level THREAD_PRIO_NORMAL.
06-16 15:52:49.876  3103  4527 I pal/stdout: StarRec_PAL_ThreadCreate(): [ASR5_Worker0] DEFAULT SETTING: invert nice value [3 -> 3].
06-16 15:52:49.876  3103  4527 I pal/stdout: StarRec_PAL_ThreadCreate(): [ASR5_Worker0] DEFAULT SETTING: policy [SCHED_OTHER], prio: default [0] + handed-over [3] + 1 = calculated [4].
06-16 15:52:49.876  3103  4527 I pal/stdout: StarRec_PAL_ThreadCreate(): [ASR5_Worker0] THREAD CREATED: Policy [0,SCHED_OTHER,OTHER], prio: handed-over [3], final nice,prio [4,0], min [0], max [0]. 
06-16 15:52:49.876  3103  4527 I pal/stdout: StarRec_PAL_ThreadInit(): [ASR5_Worker1] initial priority level THREAD_PRIO_NORMAL.
06-16 15:52:49.876  3103  4527 I pal/stdout: StarRec_PAL_ThreadCreate(): [ASR5_Worker1] DEFAULT SETTING: invert nice value [3 -> 3].
06-16 15:52:49.876  3103  4527 I pal/stdout: StarRec_PAL_ThreadCreate(): [ASR5_Worker1] DEFAULT SETTING: policy [SCHED_OTHER], prio: default [0] + handed-over [3] + 1 = calculated [4].
06-16 15:52:49.877  3103  4527 I pal/stdout: StarRec_PAL_ThreadCreate(): [ASR5_Worker1] THREAD CREATED: Policy [0,SCHED_OTHER,OTHER], prio: handed-over [3], final nice,prio [4,0], min [0], max [0]. 
06-16 15:52:49.877  3103  4531 I pal/stdout: fpThreadRoutine_setThreadName(): [ASR5_Worker0] ok -> set/getpriority (4)/(4) - hdl [-1727116096] ID [4531].
06-16 15:52:49.877  3103  4531 I pal/stdout: sMainWrapper_PrintPrio(): 
06-16 15:52:49.877  3103  4531 I pal/stdout: 	 pid 4531's priority: 4, name: ASR5_Worker0
06-16 15:52:49.877  3103  4531 I pal/stdout: sMainWrapper_PrintPrio(): 	 scheduling class: 
06-16 15:52:49.877  3103  4532 I pal/stdout: fpThreadRoutine_setThreadName(): [ASR5_Worker1] ok -> set/getpriority (4)/(4) - hdl [-1762976576] ID [4532].
06-16 15:52:49.877  3103  4532 I pal/stdout: sMainWrapper_PrintPrio(): 
06-16 15:52:49.877  3103  4532 I pal/stdout: 	 pid 4532's priority: 4, name: ASR5_Worker1
06-16 15:52:49.877  3103  4532 I pal/stdout: sMainWrapper_PrintPrio(): 	 scheduling class: 
06-16 15:52:49.877  3103  4532 I pal/stdout: sMainWrapper_PrintPrio(): 	 OTHER / Normal 
06-16 15:52:49.877  3103  4532 I pal/stdout: sMainWrapper_PrintPrio(): 	 RT prio: 0 (of 0 to 0)
06-16 15:52:49.877  3103  4531 I pal/stdout: sMainWrapper_PrintPrio(): 	 OTHER / Normal 
06-16 15:52:49.877  3103  4531 I pal/stdout: sMainWrapper_PrintPrio(): 	 RT prio: 0 (of 0 to 0)
06-16 15:52:49.878  3103  4527 I pal/stdout: StarRec_PAL_ThreadInit(): [ASR5_Worker2] initial priority level THREAD_PRIO_NORMAL.
06-16 15:52:49.878  3103  4527 I pal/stdout: StarRec_PAL_ThreadCreate(): [ASR5_Worker2] DEFAULT SETTING: invert nice value [3 -> 3].
06-16 15:52:49.878  3103  4527 I pal/stdout: StarRec_PAL_ThreadCreate(): [ASR5_Worker2] DEFAULT SETTING: policy [SCHED_OTHER], prio: default [0] + handed-over [3] + 1 = calculated [4].
06-16 15:52:49.878  3103  4527 I pal/stdout: StarRec_PAL_ThreadCreate(): [ASR5_Worker2] THREAD CREATED: Policy [0,SCHED_OTHER,OTHER], prio: handed-over [3], final nice,prio [4,0], min [0], max [0]. 
06-16 15:52:49.878  3103  4527 I pal/stdout: StarRec_PAL_ThreadInit(): [ASR5_Worker3] initial priority level THREAD_PRIO_NORMAL.
06-16 15:52:49.878  3103  4527 I pal/stdout: StarRec_PAL_ThreadCreate(): [ASR5_Worker3] DEFAULT SETTING: invert nice value [3 -> 3].
06-16 15:52:49.878  3103  4527 I pal/stdout: StarRec_PAL_ThreadCreate(): [ASR5_Worker3] DEFAULT SETTING: policy [SCHED_OTHER], prio: default [0] + handed-over [3] + 1 = calculated [4].
06-16 15:52:49.878  3103  4533 I pal/stdout: fpThreadRoutine_setThreadName(): [ASR5_Worker2] ok -> set/getpriority (4)/(4) - hdl [-1764016960] ID [4533].
06-16 15:52:49.878  3103  4533 I pal/stdout: sMainWrapper_PrintPrio(): 
06-16 15:52:49.878  3103  4533 I pal/stdout: 	 pid 4533's priority: 4, name: ASR5_Worker2
06-16 15:52:49.878  3103  4533 I pal/stdout: sMainWrapper_PrintPrio(): 	 scheduling class: 
06-16 15:52:49.878  3103  4527 I pal/stdout: StarRec_PAL_ThreadCreate(): [ASR5_Worker3] THREAD CREATED: Policy [0,SCHED_OTHER,OTHER], prio: handed-over [3], final nice,prio [4,0], min [0], max [0]. 
06-16 15:52:49.878  3103  4533 I pal/stdout: sMainWrapper_PrintPrio(): 	 OTHER / Normal 
06-16 15:52:49.878  3103  4527 I pal/stdout: StarRec_PAL_ThreadInit(): [ASR5_Dispatcher] initial priority level THREAD_PRIO_NORMAL.
06-16 15:52:49.878  3103  4527 I pal/stdout: StarRec_PAL_ThreadCreate(): [ASR5_Dispatcher] DEFAULT SETTING: invert nice value [3 -> 3].
06-16 15:52:49.878  3103  4527 I pal/stdout: StarRec_PAL_ThreadCreate(): [ASR5_Dispatcher] DEFAULT SETTING: policy [SCHED_OTHER], prio: default [0] + handed-over [3] + 1 = calculated [4].
06-16 15:52:49.878  3103  4533 I pal/stdout: sMainWrapper_PrintPrio(): 	 RT prio: 0 (of 0 to 0)
06-16 15:52:49.878  3103  4527 I pal/stdout: StarRec_PAL_ThreadCreate(): [ASR5_Dispatcher] THREAD CREATED: Policy [0,SCHED_OTHER,OTHER], prio: handed-over [3], final nice,prio [4,0], min [0], max [0]. 
06-16 15:52:49.878  3103  4535 I pal/stdout: fpThreadRoutine_setThreadName(): [ASR5_Dispatcher] ok -> set/getpriority (4)/(4) - hdl [-1766097728] ID [4535].
06-16 15:52:49.878  3103  4535 I pal/stdout: sMainWrapper_PrintPrio(): 
06-16 15:52:49.878  3103  4535 I pal/stdout: 	 pid 4535's priority: 4, name: ASR5_Dispatcher
06-16 15:52:49.878  3103  4535 I pal/stdout: sMainWrapper_PrintPrio(): 	 scheduling class: 
06-16 15:52:49.878  3103  4535 I pal/stdout: sMainWrapper_PrintPrio(): 	 OTHER / Normal 
06-16 15:52:49.878  3103  4535 I pal/stdout: sMainWrapper_PrintPrio(): 	 RT prio: 0 (of 0 to 0)
06-16 15:52:49.878  3103  4527 I pal/stdout: StarRec_PAL_ThreadInit(): [ASR5_FatalListener] initial priority level THREAD_PRIO_NORMAL.
06-16 15:52:49.878  3103  4527 I pal/stdout: StarRec_PAL_ThreadCreate(): [ASR5_FatalListener] DEFAULT SETTING: invert nice value [3 -> 3].
06-16 15:52:49.878  3103  4527 I pal/stdout: StarRec_PAL_ThreadCreate(): [ASR5_FatalListener] DEFAULT SETTING: policy [SCHED_OTHER], prio: default [0] + handed-over [3] + 1 = calculated [4].
06-16 15:52:49.879  3103  4527 I pal/stdout: StarRec_PAL_ThreadCreate(): [ASR5_FatalListener] THREAD CREATED: Policy [0,SCHED_OTHER,OTHER], prio: handed-over [3], final nice,prio [4,0], min [0], max [0]. 
06-16 15:52:49.879  3103  4536 I pal/stdout: fpThreadRoutine_setThreadName(): [ASR5_FatalListener] ok -> set/getpriority (4)/(4) - hdl [-1767138112] ID [4536].
06-16 15:52:49.879  3103  4536 I pal/stdout: sMainWrapper_PrintPrio(): 
06-16 15:52:49.879  3103  4536 I pal/stdout: 	 pid 4536's priority: 4, name: ASR5_FatalListener
06-16 15:52:49.879  3103  4536 I pal/stdout: sMainWrapper_PrintPrio(): 	 scheduling class: 
06-16 15:52:49.879  3103  4534 I pal/stdout: fpThreadRoutine_setThreadName(): [ASR5_Worker3] ok -> set/getpriority (4)/(4) - hdl [-1765057344] ID [4534].
06-16 15:52:49.879  3103  4534 I pal/stdout: sMainWrapper_PrintPrio(): 
06-16 15:52:49.879  3103  4534 I pal/stdout: 	 pid 4534's priority: 4, name: ASR5_Worker3
06-16 15:52:49.879  3103  4534 I pal/stdout: sMainWrapper_PrintPrio(): 	 scheduling class: 
06-16 15:52:49.879  3103  4534 I pal/stdout: sMainWrapper_PrintPrio(): 	 OTHER / Normal 
06-16 15:52:49.879  3103  4534 I pal/stdout: sMainWrapper_PrintPrio(): 	 RT prio: 0 (of 0 to 0)
06-16 15:52:49.879  3103  4536 I pal/stdout: sMainWrapper_PrintPrio(): 	 OTHER / Normal 
06-16 15:52:49.879  3103  4536 I pal/stdout: sMainWrapper_PrintPrio(): 	 RT prio: 0 (of 0 to 0)
06-16 15:52:49.891  3506  3662 W Choreographer: Frame time is 0.071832 ms in the future!  Check that graphics HAL is generating vsync timestamps using the correct timebase.
06-16 15:52:49.908  3103  4527 I pal/stdout: StarRec_PAL_ThreadInit(): [DCC_CREATION_0] initial priority level THREAD_PRIO_NORMAL.
06-16 15:52:49.908  3103  4527 I pal/stdout: StarRec_PAL_ThreadCreate(): [DCC_CREATION_0] DEFAULT SETTING: invert nice value [3 -> 3].
06-16 15:52:49.908  3103  4527 I pal/stdout: StarRec_PAL_ThreadCreate(): [DCC_CREATION_0] DEFAULT SETTING: policy [SCHED_OTHER], prio: default [0] + handed-over [3] + 1 = calculated [4].
06-16 15:52:49.908  3103  4527 I pal/stdout: StarRec_PAL_ThreadCreate(): [DCC_CREATION_0] THREAD CREATED: Policy [0,SCHED_OTHER,OTHER], prio: handed-over [3], final nice,prio [4,0], min [0], max [0]. 
06-16 15:52:49.909  3103  4537 I pal/stdout: fpThreadRoutine_setThreadName(): [DCC_CREATION_0] ok -> set/getpriority (4)/(4) - hdl [1011920064] ID [4537].
06-16 15:52:49.909  3103  4537 I pal/stdout: sMainWrapper_PrintPrio(): 
06-16 15:52:49.909  3103  4537 I pal/stdout: 	 pid 4537's priority: 4, name: DCC_CREATION_0
06-16 15:52:49.909  3103  4537 I pal/stdout: sMainWrapper_PrintPrio(): 	 scheduling class: 
06-16 15:52:49.909  3103  4537 I pal/stdout: sMainWrapper_PrintPrio(): 	 OTHER / Normal 
06-16 15:52:49.909  3103  4537 I pal/stdout: sMainWrapper_PrintPrio(): 	 RT prio: 0 (of 0 to 0)
06-16 15:52:49.912  3103  4537 I DCCListener: DCC event: DCC_CREATION_STARTED ()
06-16 15:52:49.916   745  1501 D audio_hw_primary: adev_open_input_stream: enter: sample_rate(16000) channel_mask(0x10) devices(0x80000004)        stream_handle(0xeee446f0) io_handle(334) source(6) format 1
06-16 15:52:49.916   745  1501 D audio_hw_primary: io_streams_map_insert: Added stream in io_streams_map with handle 334
06-16 15:52:49.916   745  1501 E device_utils: update_device_list: Invalid device: 0
06-16 15:52:49.918  3103  4537 I DCCListener: DCC event: DCC_DATA_ID ()
06-16 15:52:49.918  3103  4537 I DCCListener: DCC event: DCC_WITH_N_ENTRIES (62)
06-16 15:52:49.918  3103  4537 I DCCListener: DCC event: DCC_CREATION_FINISHED ()
06-16 15:52:49.918   810  4539 I AudioFlinger: AudioFlinger's thread 0x7bc9069040 tid=4539 ready to run
06-16 15:52:49.918   745  1501 D audio_hw_primary: in_standby: enter: stream (0xeee446f0) usecase(23: audio-record)
06-16 15:52:49.920  3103  4527 I pal/stdout: StarRec_PAL_ThreadInit(): [DCC_NORMAL_0] initial priority level THREAD_PRIO_NORMAL.
06-16 15:52:49.920  3103  4527 I pal/stdout: StarRec_PAL_ThreadCreate(): [DCC_NORMAL_0] DEFAULT SETTING: invert nice value [3 -> 3].
06-16 15:52:49.920  3103  4527 I pal/stdout: StarRec_PAL_ThreadCreate(): [DCC_NORMAL_0] DEFAULT SETTING: policy [SCHED_OTHER], prio: default [0] + handed-over [3] + 1 = calculated [4].
06-16 15:52:49.920  3103  4527 I pal/stdout: StarRec_PAL_ThreadCreate(): [DCC_NORMAL_0] THREAD CREATED: Policy [0,SCHED_OTHER,OTHER], prio: handed-over [3], final nice,prio [4,0], min [0], max [0]. 
06-16 15:52:49.920  3103  4540 I pal/stdout: fpThreadRoutine_setThreadName(): [DCC_NORMAL_0] ok -> set/getpriority (4)/(4) - hdl [789159104] ID [4540].
06-16 15:52:49.920  3103  4540 I pal/stdout: sMainWrapper_PrintPrio(): 
06-16 15:52:49.920  3103  4540 I pal/stdout: 	 pid 4540's priority: 4, name: DCC_NORMAL_0
06-16 15:52:49.920  3103  4540 I pal/stdout: sMainWrapper_PrintPrio(): 	 scheduling class: 
06-16 15:52:49.920  3103  4540 I pal/stdout: sMainWrapper_PrintPrio(): 	 OTHER / Normal 
06-16 15:52:49.920  3103  4540 I pal/stdout: sMainWrapper_PrintPrio(): 	 RT prio: 0 (of 0 to 0)
06-16 15:52:49.920  1373  1425 I system_server: oneway function results will be dropped but finished with status OK and parcel size 4
06-16 15:52:49.920  3103  4527 I AsrConfiguration: Add app: VuzixApp-en
06-16 15:52:49.921  3103  4540 D pal/stdout: StarRec_PAL_ThreadWait(): [DCC_CREATION_0] thread with thread handle 0x0x7b37c178d0 is closed.
06-16 15:52:49.922   745  1501 D audio_hw_primary: in_standby: enter: stream (0xeee446f0) usecase(23: audio-record)
06-16 15:52:49.922  1373  1425 I system_server: oneway function results will be dropped but finished with status OK and parcel size 4
06-16 15:52:49.922  3103  4540 I DCCListener: DCC event: DCC_DATA_PREPARATION_STARTED ()
06-16 15:52:49.923  1373  1425 I system_server: oneway function results will be dropped but finished with status OK and parcel size 4
06-16 15:52:49.937  3103  3103 D VzxSrSpeechRecognitionService: Icon IconStatusSleep
06-16 15:52:49.939   745  1501 D audio_hw_primary: adev_create_audio_patch: enter: num sources 1, num_sinks 1, handle 0
06-16 15:52:49.939  1373  1387 I system_server: oneway function results will be dropped but finished with status OK and parcel size 4
06-16 15:52:49.940   745  1501 D audio_hw_primary: adev_create_audio_patch: Capture patch from device 80000004 to mix 334
06-16 15:52:49.940   745  1501 D audio_hw_primary: update_patch: enter
06-16 15:52:49.940   745  1501 D audio_hw_primary: route_input_stream: exit: status(0)
06-16 15:52:49.940   745  1501 D audio_hw_primary: adev_create_audio_patch: Added a new patch with handle 38
06-16 15:52:49.940   745   785 E device_utils: update_device_list: Invalid device: 0
06-16 15:52:49.940  1373  1387 I system_server: oneway function results will be dropped but finished with status OK and parcel size 4
06-16 15:52:49.941  1373  1425 I SoundTriggerMiddlewareLogging: setCaptureState[this=com.android.server.soundtrigger_middleware.SoundTriggerMiddlewareImpl@38ce48b, caller=1041/810](true)
06-16 15:52:49.942   745  1501 E FMQ     : grantorIdx must be less than 3
06-16 15:52:49.942   745  1501 E FMQ     : grantorIdx must be less than 3
06-16 15:52:49.943   810  4539 E FMQ     : grantorIdx must be less than 3
06-16 15:52:49.943   810  4539 E FMQ     : grantorIdx must be less than 3
06-16 15:52:49.943   745  4542 D audio_hw_primary: start_input_stream: enter: stream(0xeee446f0)usecase(23: audio-record), source 6
06-16 15:52:49.943   745  4542 D audio_hw_primary: select_devices for use case (audio-record)
06-16 15:52:49.943   745  4542 I msm8974_platform: platform_check_and_set_capture_codec_backend_cfg:txbecf: afe: bitwidth 16, samplerate 16000, channel 1 format 1, backend_idx 8 usecase = 23 device (voice-rec-mic)
06-16 15:52:49.943   745  4542 I msm8974_platform: platform_check_capture_codec_backend_cfg:txbecf: afe: Codec selected backend: 8 current bit width: 16 and sample rate: 16000, channels 1 format 1
06-16 15:52:49.943   745  4542 I msm8974_platform: platform_check_capture_codec_backend_cfg:txbecf: afe: current backend bit_width 16 sample_rate 48000 channels 1, format 0
06-16 15:52:49.943   745  4542 I msm8974_platform: platform_check_capture_codec_backend_cfg:txbecf: afe: Codec backend needs to be updated. new bit width: 16 new sample rate: 48000 new channel: 1 new format: 1
06-16 15:52:49.943   745  4542 I msm8974_platform: platform_set_codec_backend_cfg:becf: afe: bitwidth 16, samplerate 48000 channels 1 format 1, backend_idx 8 device (voice-rec-mic)
06-16 15:52:49.943   745  4542 D audio_hw_primary: check_usecases_capture_codec_backend:becf: force routing 0
06-16 15:52:49.943   745  4542 E audio_hw_primary: enable_snd_device: addcheck2 other record usecase's dev
06-16 15:52:49.944   745  4542 D hardware_info: hw_info_append_hw_type : device_name = voice-rec-mic
06-16 15:52:49.944   745  4542 D audio_hw_primary: enable_snd_device: snd_device(195: current(before increase) ref_cnt 0)
06-16 15:52:49.944   745  4542 D msm8974_platform: platform_split_snd_device: snd_device(195) num devices(0) new_snd_devices[0](0) ret=-22
06-16 15:52:49.944   745  4542 D audio_hw_primary: enable_snd_device: snd_device(195: voice-rec-mic)
06-16 15:52:49.944   745  4542 D msm8974_platform: platform_get_island_cfg_on_device:island cfg status on snd_device = (voice-rec-mic 0)
06-16 15:52:49.944   745  4542 D soundtrigger: audio HAL using same device 195 as ST
06-16 15:52:49.944   745  4542 I soundtrigger: audio_extn_sound_trigger_update_device_status: device 0xc3 of type 1 for Event 1, with Raise=1
06-16 15:52:49.944   745  4542 D sound_trigger_platform: platform_stdev_check_and_update_concurrency: Received DEVICE event, event type 1
06-16 15:52:49.944   745  4542 D sound_trigger_platform: platform_stdev_check_and_update_concurrency: dedicated path 0, reset backend 1, tx 1, rx 0,concurrency session not allowed
06-16 15:52:49.944   745  4542 D audio_route: Apply path: voice-rec-mic
06-16 15:52:49.948   745  4542 D soundtrigger: audio HAL using same device 195 as ST
06-16 15:52:49.948   745  4542 D soundtrigger: audio_extn_sound_trigger_update_stream_status: uc_info->id 23 of type 1 for Event 3, with Raise=1
06-16 15:52:49.948   745  4542 D soundtrigger: audio_extn_sound_trigger_update_stream_status: send event 13: usecase id 23, type 1
06-16 15:52:49.948   745  4542 I sound_trigger_platform: platform_stdev_check_and_update_concurrency: Received STREAM event, event type 13, usecase type 1
06-16 15:52:49.948   745  4542 D sound_trigger_platform: platform_stdev_check_and_update_concurrency: dedicated path 0, reset backend 1, tx 1, rx 0,concurrency session not allowed
06-16 15:52:49.948   745  4542 D audio_hw_utils: audio_extn_utils_send_app_type_cfg: usecase->in_snd_device voice-rec-mic
06-16 15:52:49.948   745  4542 D msm8974_platform: platform_split_snd_device: snd_device(195) num devices(0) new_snd_devices[0](0) ret=-22
06-16 15:52:49.948   745  4542 D msm8974_platform: platform_get_snd_device_backend_index: device 195 is hw_interface_name INT3_MI2S_TX is be_dai_id=152
06-16 15:52:49.948   745  4542 D audio_hw_utils: audio_extn_btsco_get_sample_rate:Not a BT SCO device, need not update sampling rate
06-16 15:52:49.948   745  4542 I audio_hw_utils: send_app_type_cfg_for_device CAPTURE app_type 69938, acdb_dev_id 11, sample_rate 16000, snd_device_be_idx 152
06-16 15:52:49.949   745  4542 D msm8974_platform: platform_split_snd_device: snd_device(195) num devices(1) new_snd_devices[0](0) ret=-22
06-16 15:52:49.949   745  4542 D audio_hw_utils: audio_extn_btsco_get_sample_rate:Not a BT SCO device, need not update sampling rate
06-16 15:52:49.949   745  4542 D ACDB-LOADER: ACDB -> send_audio_cal, acdb_id = 11, path = 1, app id = 0x11132, sample rate = 16000, afe_sample_rate = 48000
06-16 15:52:49.949   745  4542 D ACDB-LOADER: ACDB -> send_asm_topology
06-16 15:52:49.949   745  4542 D ACDB-LOADER: ACDB -> ACDB_CMD_GET_AUDPROC_STREAM_TOPOLOGY_ID
06-16 15:52:49.949   745  4542 D ACDB-LOADER: ACDB -> send_adm_topology
06-16 15:52:49.949   745  4542 D ACDB-LOADER: ACDB -> ACDB_CMD_GET_AUDPROC_COMMON_TOPOLOGY_ID
06-16 15:52:49.949   745  4542 D ACDB-LOADER: ACDB -> send_audtable
06-16 15:52:49.949   745  4542 D ACDB-LOADER: ACDB -> ACDB_CMD_GET_AUDPROC_COMMON_TABLE_SIZE
06-16 15:52:49.949   745  4542 D ACDB-LOADER: ACDB -> ACDB_CMD_GET_AUDPROC_COMMON_TABLE
06-16 15:52:49.949   745  4542 D ACDB-LOADER: ACDB -> AUDIO_SET_AUDPROC_CAL cal_type[11] acdb_id[11] app_type[69938]
06-16 15:52:49.949   745  4542 D ACDB-LOADER: ACDB -> ACDB_CMD_GET_AUDPROC_STREAM_TABLE_SIZE
06-16 15:52:49.949   745  4542 D ACDB-LOADER: ACDB -> send_audstrmtable
06-16 15:52:49.949   745  4542 D ACDB-LOADER: ACDB -> ACDB_CMD_GET_AUDPROC_STREAM_TABLE_V2
06-16 15:52:49.949   745  4542 D ACDB-LOADER: ACDB -> audstrm_cal->cal_type.cal_data.cal_size = 16
06-16 15:52:49.949   745  4542 D ACDB-LOADER: ACDB -> send_afe_topology
06-16 15:52:49.949   745  4542 D ACDB-LOADER: ACDB -> ACDB_CMD_GET_AFE_TOPOLOGY_ID
06-16 15:52:49.949   745  4542 D ACDB-LOADER: ACDB -> GET_AFE_TOPOLOGY_ID for adcd_id 11, Topology Id 112fb
06-16 15:52:49.949   745  4542 D ACDB-LOADER: ACDB -> send_afe_cal
06-16 15:52:49.949   745  4542 D ACDB-LOADER: ACDB -> ACDB_CMD_GET_AFE_COMMON_TABLE_SIZE
06-16 15:52:49.949   745  4542 D android.hardware.audio.service: Failed to fetch the lookup information of the device 000018EB 11
06-16 15:52:49.949   745  4542 D ACDB-LOADER: Error: ACDB_CMD_GET_AFE_COMMON_TABLE_SIZE Returned = -19
06-16 15:52:49.949   745  4542 D ACDB-LOADER: ACDB -> ACDB_CMD_GET_AFE_COMMON_TABLE
06-16 15:52:49.949   745  4542 D android.hardware.audio.service: Failed to fetch the lookup information of the device 000018EB 11
06-16 15:52:49.949   745  4542 D ACDB-LOADER: Error: ACDB AFE returned = -19
06-16 15:52:49.949   745  4542 D ACDB-LOADER: ACDB -> AUDIO_SET_AFE_CAL cal_type[17] acdb_id[11]
06-16 15:52:49.949   745  4542 D ACDB-LOADER: ACDB -> send_hw_delay : acdb_id = 11 path = 1
06-16 15:52:49.949   745  4542 D ACDB-LOADER: ACDB -> ACDB_AVSYNC_INFO: ACDB_CMD_GET_DEVICE_PROPERTY
06-16 15:52:49.949   745  4542 D audio_hw_primary: enable_audio_route: apply mixer and update path: audio-record
06-16 15:52:49.949   745  4542 D audio_route: Apply path: audio-record
06-16 15:52:49.950   745  4542 D audio_hw_primary: select_devices: done
06-16 15:52:49.966  2423  4526 W StorageManager: fallocate() not supported; falling back to ftruncate()
06-16 15:52:49.970  3103  4540 I ContentValuesIterator: DCC item: CustomPhrase_Ortho->hello view-zix
06-16 15:52:49.974  3103  4540 I ContentValuesIterator: DCC item: CustomPhrase_Ortho->Voice off
06-16 15:52:49.976  3103  4540 I ContentValuesIterator: DCC item: CustomPhrase_Ortho->Please enter evaluation mode
06-16 15:52:49.978  3103  4540 I ContentValuesIterator: DCC item: CustomPhrase_Ortho->Please exit evaluation mode
06-16 15:52:49.980  3103  4540 I ContentValuesIterator: DCC item: CustomPhrase_Ortho->Speech settings
06-16 15:52:49.982  3103  4540 I ContentValuesIterator: DCC item: CustomPhrase_Ortho->Speech commands
06-16 15:52:49.983   745  4542 D audio_hw_primary: start_input_stream: exit
06-16 15:52:49.984  3103  4540 I ContentValuesIterator: DCC item: CustomPhrase_Ortho->Command list
06-16 15:52:49.985  3103  4540 I ContentValuesIterator: DCC item: CustomPhrase_Ortho->Torch on
06-16 15:52:49.987  3103  4540 I ContentValuesIterator: DCC item: CustomPhrase_Ortho->Flashlight on
06-16 15:52:49.988  3103  4540 I ContentValuesIterator: DCC item: CustomPhrase_Ortho->Torch off
06-16 15:52:49.989  3103  4540 I ContentValuesIterator: DCC item: CustomPhrase_Ortho->Flashlight off
06-16 15:52:49.991  3103  4540 I ContentValuesIterator: DCC item: CustomPhrase_Ortho->Go to sleep
06-16 15:52:49.993  3103  4540 I ContentValuesIterator: DCC item: CustomPhrase_Ortho->View notifications
06-16 15:52:49.994  3103  4540 I ContentValuesIterator: DCC item: CustomPhrase_Ortho->Open notifications
06-16 15:52:49.996  3103  4540 I ContentValuesIterator: DCC item: CustomPhrase_Ortho->Take a picture
06-16 15:52:49.998  3103  4540 I ContentValuesIterator: DCC item: CustomPhrase_Ortho->Start recording
06-16 15:52:50.000  3103  4540 I ContentValuesIterator: DCC item: CustomPhrase_Ortho->Take a video
06-16 15:52:50.001  3103  4540 I ContentValuesIterator: DCC item: CustomPhrase_Ortho->Okay
06-16 15:52:50.002  3103  4540 I ContentValuesIterator: DCC item: CustomPhrase_Ortho->Open
06-16 15:52:50.003  3103  4540 I ContentValuesIterator: DCC item: CustomPhrase_Ortho->Confirm
06-16 15:52:50.004  3103  4540 I ContentValuesIterator: DCC item: CustomPhrase_Ortho->Select this
06-16 15:52:50.005  3103  4540 I ContentValuesIterator: DCC item: CustomPhrase_Ortho->Pick this
06-16 15:52:50.007  3103  4540 I ContentValuesIterator: DCC item: CustomPhrase_Ortho->Move left
06-16 15:52:50.008  3103  4540 I ContentValuesIterator: DCC item: CustomPhrase_Ortho->Go left
06-16 15:52:50.009  3103  4540 I ContentValuesIterator: DCC item: CustomPhrase_Ortho->Scroll left
06-16 15:52:50.011  3103  4540 I ContentValuesIterator: DCC item: CustomPhrase_Ortho->Move right
06-16 15:52:50.012  3103  4540 I ContentValuesIterator: DCC item: CustomPhrase_Ortho->Go right
06-16 15:52:50.014  3103  4540 I ContentValuesIterator: DCC item: CustomPhrase_Ortho->Scroll right
06-16 15:52:50.015  3103  4540 I ContentValuesIterator: DCC item: CustomPhrase_Ortho->Move up
06-16 15:52:50.017  3103  4540 I ContentValuesIterator: DCC item: CustomPhrase_Ortho->Go up
06-16 15:52:50.018  3103  4540 I ContentValuesIterator: DCC item: CustomPhrase_Ortho->Scroll up
06-16 15:52:50.019  3103  4540 I ContentValuesIterator: DCC item: CustomPhrase_Ortho->Move down
06-16 15:52:50.021  3103  4540 I ContentValuesIterator: DCC item: CustomPhrase_Ortho->Go down
06-16 15:52:50.022  3103  4540 I ContentValuesIterator: DCC item: CustomPhrase_Ortho->Scroll down
06-16 15:52:50.024  3103  4540 I ContentValuesIterator: DCC item: CustomPhrase_Ortho->Go back
06-16 15:52:50.025  3103  4540 I ContentValuesIterator: DCC item: CustomPhrase_Ortho->Close
06-16 15:52:50.026  3103  4540 I ContentValuesIterator: DCC item: CustomPhrase_Ortho->Cancel
06-16 15:52:50.027  3103  4540 I ContentValuesIterator: DCC item: CustomPhrase_Ortho->Go home
06-16 15:52:50.029  3103  4540 I ContentValuesIterator: DCC item: CustomPhrase_Ortho->Quit
06-16 15:52:50.030  3103  4540 I ContentValuesIterator: DCC item: CustomPhrase_Ortho->Show menu
06-16 15:52:50.031  3103  4540 I ContentValuesIterator: DCC item: CustomPhrase_Ortho->Page down
06-16 15:52:50.031  1373  1373 D NotificationService: 0|com.android.providers.downloads|0|1:org.chromium.webview_shell|10008: granting content://settings/system/notification_sound
06-16 15:52:50.032  3103  4540 I ContentValuesIterator: DCC item: CustomPhrase_Ortho->Page up
06-16 15:52:50.034  3103  4540 I ContentValuesIterator: DCC item: CustomPhrase_Ortho->Volume down
06-16 15:52:50.035  3103  4540 I ContentValuesIterator: DCC item: CustomPhrase_Ortho->Volume up
06-16 15:52:50.037  3103  4540 I ContentValuesIterator: DCC item: CustomPhrase_Ortho->Stop
06-16 15:52:50.032  1373  1373 I chatty  : uid=1000 system_server identical 2 lines
06-16 15:52:50.032  1373  1373 D NotificationService: 0|com.android.providers.downloads|0|1:org.chromium.webview_shell|10008: granting content://settings/system/notification_sound
06-16 15:52:50.037  1373  1373 W NotificationHistory: Attempted to add notif for locked/gone/disabled user 0
06-16 15:52:50.038  3103  4540 I ContentValuesIterator: DCC item: CustomPhrase_Ortho->1
06-16 15:52:50.039  3103  4540 I ContentValuesIterator: DCC item: CustomPhrase_Ortho->2
06-16 15:52:50.040  3103  4540 I ContentValuesIterator: DCC item: CustomPhrase_Ortho->3
06-16 15:52:50.041  3103  4540 I ContentValuesIterator: DCC item: CustomPhrase_Ortho->4
06-16 15:52:50.041  2528  2528 W VuzixNotificationListener: onNotificationPosted: 0|com.android.providers.downloads|0|1:org.chromium.webview_shell|10008
06-16 15:52:50.041  2528  2528 I VuzixNotificationListener: notify: 0|com.android.providers.downloads|0|1:org.chromium.webview_shell|10008
06-16 15:52:50.041  2528  2528 W VuzixNotificationListener: shouldShowPopup 1 true
06-16 15:52:50.042  3103  4540 I ContentValuesIterator: DCC item: CustomPhrase_Ortho->5
06-16 15:52:50.043  3103  4540 I ContentValuesIterator: DCC item: CustomPhrase_Ortho->6
06-16 15:52:50.044  3103  4540 I ContentValuesIterator: DCC item: CustomPhrase_Ortho->7
06-16 15:52:50.045  3103  4540 I ContentValuesIterator: DCC item: CustomPhrase_Ortho->8
06-16 15:52:50.046  3103  4540 I ContentValuesIterator: DCC item: CustomPhrase_Ortho->9
06-16 15:52:50.047  3103  4540 I ContentValuesIterator: DCC item: CustomPhrase_Ortho->10
06-16 15:52:50.048  3103  4540 I ContentValuesIterator: DCC item: CustomPhrase_Ortho->11
06-16 15:52:50.049  3103  4540 I ContentValuesIterator: DCC item: CustomPhrase_Ortho->12
06-16 15:52:50.050  3103  4540 I ContentValuesIterator: DCC item: CustomPhrase_Ortho->13
06-16 15:52:50.051  3103  4540 I ContentValuesIterator: DCC item: CustomPhrase_Ortho->14
06-16 15:52:50.052  3103  4540 I ContentValuesIterator: DCC item: CustomPhrase_Ortho->15
06-16 15:52:50.053  3103  4540 I ContentValuesIterator: DCC item: CustomPhrase_Ortho->16
06-16 15:52:50.054  3103  4540 I ContentValuesIterator: DCC item: CustomPhrase_Ortho->17
06-16 15:52:50.056  3103  4540 I ContentValuesIterator: DCC item: CustomPhrase_Ortho->18
06-16 15:52:50.057  3103  4540 I ContentValuesIterator: DCC item: CustomPhrase_Ortho->19
06-16 15:52:50.058  3103  4540 I ContentValuesIterator: DCC item: CustomPhrase_Ortho->20
06-16 15:52:50.059  3103  4540 I ContentValuesIterator: DCC item: CustomPhrase_Ortho->21
06-16 15:52:50.060  3103  4540 I ContentValuesIterator: DCC item: CustomPhrase_Ortho->22
06-16 15:52:50.061  3103  4540 I ContentValuesIterator: DCC item: CustomPhrase_Ortho->23
06-16 15:52:50.062  3103  4540 I ContentValuesIterator: DCC item: CustomPhrase_Ortho->24
06-16 15:52:50.064  3103  4540 I ContentValuesIterator: DCC item: CustomPhrase_Ortho->25
06-16 15:52:50.065  3103  4540 I ContentValuesIterator: DCC item: CustomPhrase_Ortho->26
06-16 15:52:50.066  3103  4540 I ContentValuesIterator: DCC item: CustomPhrase_Ortho->27
06-16 15:52:50.067  3103  4540 I ContentValuesIterator: DCC item: CustomPhrase_Ortho->28
06-16 15:52:50.068  3103  4540 I ContentValuesIterator: DCC item: CustomPhrase_Ortho->29
06-16 15:52:50.069  3103  4540 I ContentValuesIterator: DCC item: CustomPhrase_Ortho->30
06-16 15:52:50.070  3103  4540 I ContentValuesIterator: DCC item: CustomPhrase_Ortho->31
06-16 15:52:50.073  3103  4540 I ContentValuesIterator: DCC item: CustomPhrase_Ortho->32
06-16 15:52:50.074  3103  4540 I ContentValuesIterator: DCC item: CustomPhrase_Ortho->33
06-16 15:52:50.075  3103  4540 I ContentValuesIterator: DCC item: CustomPhrase_Ortho->34
06-16 15:52:50.076  3103  4540 I ContentValuesIterator: DCC item: CustomPhrase_Ortho->35
06-16 15:52:50.078  3103  4540 I ContentValuesIterator: DCC item: CustomPhrase_Ortho->36
06-16 15:52:50.079  3103  4540 I ContentValuesIterator: DCC item: CustomPhrase_Ortho->37
06-16 15:52:50.080  3103  4540 I ContentValuesIterator: DCC item: CustomPhrase_Ortho->38
06-16 15:52:50.081  3103  4540 I ContentValuesIterator: DCC item: CustomPhrase_Ortho->39
06-16 15:52:50.082  3103  4540 I ContentValuesIterator: DCC item: CustomPhrase_Ortho->40
06-16 15:52:50.083  3103  4540 I ContentValuesIterator: DCC item: CustomPhrase_Ortho->41
06-16 15:52:50.085  3103  4540 I ContentValuesIterator: DCC item: CustomPhrase_Ortho->42
06-16 15:52:50.086  3103  4540 I ContentValuesIterator: DCC item: CustomPhrase_Ortho->43
06-16 15:52:50.087  3103  4540 I ContentValuesIterator: DCC item: CustomPhrase_Ortho->44
06-16 15:52:50.088  3103  4540 I ContentValuesIterator: DCC item: CustomPhrase_Ortho->45
06-16 15:52:50.088  3103  4540 I ContentValuesIterator: DCC item: CustomPhrase_Ortho->46
06-16 15:52:50.089  3103  4540 I ContentValuesIterator: DCC item: CustomPhrase_Ortho->47
06-16 15:52:50.090  3103  4540 I ContentValuesIterator: DCC item: CustomPhrase_Ortho->48
06-16 15:52:50.110  3103  4540 I DCCListener: DCC event: DCC_DATA_ID ()
06-16 15:52:50.110  3103  4540 I DCCListener: DCC event: DCC_DATA_PREPARATION_FINISHED (current_total_number=93  added=93  removed=0  failed_to_add=0  failed_to_remove=0)
06-16 15:52:50.110  3103  4527 I Asr     : Data prep finished event received; proceeding
06-16 15:52:50.116  2528  2528 W VuzixNotificationListener: onNotificationPosted: 0|com.android.providers.downloads|0|1:org.chromium.webview_shell|10008
06-16 15:52:50.116  2528  2528 I VuzixNotificationListener: notify: 0|com.android.providers.downloads|0|1:org.chromium.webview_shell|10008
06-16 15:52:50.116  2528  2528 W VuzixNotificationListener: shouldShowPopup 1 true
06-16 15:52:50.118  2423  4526 D DownloadManager: [10] Finished with status SUCCESS
06-16 15:52:50.145  2528  2528 W VuzixNotificationListener: onNotificationPosted: 0|com.vuzix.speechrecognitionservice|1|null|1000
06-16 15:52:50.145  2528  2528 I VuzixNotificationListener: notify: 0|com.vuzix.speechrecognitionservice|1|null|1000
06-16 15:52:50.145  2528  2528 W VuzixNotificationListener: shouldShowPopup 2 true
06-16 15:52:50.155  2528  2528 W VuzixNotificationListener: onNotificationPosted: 0|com.android.providers.downloads|0|1:org.chromium.webview_shell|10008
06-16 15:52:50.155  2528  2528 I VuzixNotificationListener: notify: 0|com.android.providers.downloads|0|1:org.chromium.webview_shell|10008
06-16 15:52:50.155  2528  2528 W VuzixNotificationListener: shouldShowPopup 1 true
06-16 15:52:50.160  2528  2528 W VuzixNotificationListener: onNotificationPosted: 0|com.android.providers.downloads|0|1:org.chromium.webview_shell|10008
06-16 15:52:50.160  2528  2528 I VuzixNotificationListener: notify: 0|com.android.providers.downloads|0|1:org.chromium.webview_shell|10008
06-16 15:52:50.160  2528  2528 W VuzixNotificationListener: shouldShowPopup 1 true
06-16 15:52:50.223  2528  2528 W VuzixNotificationListener: onNotificationPosted: 0|com.android.providers.downloads|0|1:org.chromium.webview_shell|10008
06-16 15:52:50.223  2528  2528 I VuzixNotificationListener: notify: 0|com.android.providers.downloads|0|1:org.chromium.webview_shell|10008
06-16 15:52:50.223  2528  2528 W VuzixNotificationListener: shouldShowPopup 1 true
06-16 15:52:50.224  2528  2528 W VuzixNotificationListener: onNotificationRemoved: 0|com.android.providers.downloads|0|1:org.chromium.webview_shell|10008
06-16 15:52:50.224  2528  2528 I VuzixNotificationListener: remove: 0|com.android.providers.downloads|0|1:org.chromium.webview_shell|10008
06-16 15:52:50.149  1373  1373 W NotificationHistory: Attempted to add notif for locked/gone/disabled user 0
06-16 15:52:50.360  1373  1373 D NotificationService: 0|com.android.providers.downloads|0|3:10|10008: granting content://settings/system/notification_sound
06-16 15:52:50.361  1373  1373 I chatty  : uid=1000 system_server identical 2 lines
06-16 15:52:50.362  1373  1373 D NotificationService: 0|com.android.providers.downloads|0|3:10|10008: granting content://settings/system/notification_sound
06-16 15:52:50.365  1373  1373 W NotificationHistory: Attempted to add notif for locked/gone/disabled user 0
06-16 15:52:50.375  2528  2528 W VuzixNotificationListener: onNotificationPosted: 0|com.android.providers.downloads|0|3:10|10008
06-16 15:52:50.376  2528  2528 I VuzixNotificationListener: notify: 0|com.android.providers.downloads|0|3:10|10008
06-16 15:52:50.376  2528  2528 W VuzixNotificationListener: shouldShowPopup 3 false
06-16 15:52:50.388  2528  2528 W VuzixNotificationListener: onNotificationPosted: 0|com.android.providers.downloads|0|3:10|10008
06-16 15:52:50.388  2528  2528 I VuzixNotificationListener: notify: 0|com.android.providers.downloads|0|3:10|10008
06-16 15:52:50.388  2528  2528 W VuzixNotificationListener: shouldShowPopup 3 false
06-16 15:52:50.431  2528  2528 W VuzixNotificationListener: onNotificationPosted: 0|com.android.providers.downloads|0|3:10|10008
06-16 15:52:50.431  2528  2528 I VuzixNotificationListener: notify: 0|com.android.providers.downloads|0|3:10|10008
06-16 15:52:50.431  2528  2528 W VuzixNotificationListener: shouldShowPopup 3 false
06-16 15:52:50.437  2528  2528 W VuzixNotificationListener: onNotificationPosted: 0|com.android.providers.downloads|0|3:10|10008
06-16 15:52:50.437  2528  2528 I VuzixNotificationListener: notify: 0|com.android.providers.downloads|0|3:10|10008
06-16 15:52:50.438  2528  2528 W VuzixNotificationListener: shouldShowPopup 3 false
06-16 15:52:53.341  1373  2576 W NotificationService: Toast already killed. pkg=org.chromium.webview_shell token=android.os.BinderProxy@c33842c
06-16 15:52:53.347  1556  1556 V ShadeControllerImpl: NotificationShadeWindow: com.android.systemui.statusbar.phone.NotificationShadeWindowView{bb55225 I.E...... ......ID 0,0-854,480} canPanelBeCollapsed(): false
06-16 15:52:53.355  1373  1389 I ActivityTaskManager: START u0 {act=android.intent.action.MAIN cat=[android.intent.category.HOME] flg=0x10000100 cmp=com.vuzix.launcher.m400/com.vuzix.launcher.common.activity.LauncherActivity (has extras)} from uid 0
06-16 15:52:53.361  1373  1389 D CompatibilityInfo: mCompatibilityFlags - 10
06-16 15:52:53.361  1373  1389 D CompatibilityInfo: applicationDensity - 212
06-16 15:52:53.361  1373  1389 D CompatibilityInfo: applicationScale - 1.0
06-16 15:52:53.363  1373  1389 D ActivityTrigger: ActivityTrigger activityPauseTrigger 
06-16 15:52:53.380  1373  1553 E ANDR-PERF-JNI: UXEngine Trigger - Returning null
06-16 15:52:53.400  3506  3506 W InputMethodManager: InputMethodManager.peekInstance() is deprecated because it cannot be compatible with multi-display. Use context.getSystemService(InputMethodManager.class) instead.
06-16 15:52:53.400  3506  3506 W InputMethodManager: java.lang.Throwable
06-16 15:52:53.400  3506  3506 W InputMethodManager: 	at android.view.inputmethod.InputMethodManager.peekInstance(InputMethodManager.java:1254)
06-16 15:52:53.400  3506  3506 W InputMethodManager: 	at android.widget.EditText.onWindowFocusChanged(EditText.java:199)
06-16 15:52:53.400  3506  3506 W InputMethodManager: 	at android.view.View.dispatchWindowFocusChanged(View.java:14639)
06-16 15:52:53.400  3506  3506 W InputMethodManager: 	at android.view.ViewGroup.dispatchWindowFocusChanged(ViewGroup.java:1513)
06-16 15:52:53.400  3506  3506 W InputMethodManager: 	at android.view.ViewGroup.dispatchWindowFocusChanged(ViewGroup.java:1513)
06-16 15:52:53.400  3506  3506 W InputMethodManager: 	at android.view.ViewGroup.dispatchWindowFocusChanged(ViewGroup.java:1513)
06-16 15:52:53.400  3506  3506 W InputMethodManager: 	at android.view.ViewGroup.dispatchWindowFocusChanged(ViewGroup.java:1513)
06-16 15:52:53.400  3506  3506 W InputMethodManager: 	at android.view.ViewGroup.dispatchWindowFocusChanged(ViewGroup.java:1513)
06-16 15:52:53.400  3506  3506 W InputMethodManager: 	at android.view.ViewGroup.dispatchWindowFocusChanged(ViewGroup.java:1513)
06-16 15:52:53.400  3506  3506 W InputMethodManager: 	at android.view.ViewGroup.dispatchWindowFocusChanged(ViewGroup.java:1513)
06-16 15:52:53.400  3506  3506 W InputMethodManager: 	at android.view.ViewGroup.dispatchWindowFocusChanged(ViewGroup.java:1513)
06-16 15:52:53.400  3506  3506 W InputMethodManager: 	at android.view.ViewRootImpl.handleWindowFocusChanged(ViewRootImpl.java:3273)
06-16 15:52:53.400  3506  3506 W InputMethodManager: 	at android.view.ViewRootImpl.access$1200(ViewRootImpl.java:201)
06-16 15:52:53.400  3506  3506 W InputMethodManager: 	at android.view.ViewRootImpl$ViewRootHandler.handleMessage(ViewRootImpl.java:5064)
06-16 15:52:53.400  3506  3506 W InputMethodManager: 	at android.os.Handler.dispatchMessage(Handler.java:106)
06-16 15:52:53.400  3506  3506 W InputMethodManager: 	at android.os.Looper.loop(Looper.java:223)
06-16 15:52:53.400  3506  3506 W InputMethodManager: 	at android.app.ActivityThread.main(ActivityThread.java:7705)
06-16 15:52:53.400  3506  3506 W InputMethodManager: 	at java.lang.reflect.Method.invoke(Native Method)
06-16 15:52:53.400  3506  3506 W InputMethodManager: 	at com.android.internal.os.RuntimeInit$MethodAndArgsCaller.run(RuntimeInit.java:592)
06-16 15:52:53.400  3506  3506 W InputMethodManager: 	at com.android.internal.os.ZygoteInit.main(ZygoteInit.java:952)
06-16 15:52:53.412   745  1501 D audio_hw_primary: in_standby: enter: stream (0xeee446f0) usecase(23: audio-record)
06-16 15:52:53.412  1373  1425 I system_server: oneway function results will be dropped but finished with status OK and parcel size 4
06-16 15:52:53.471   745  1501 D audio_hw_primary: disable_audio_route: reset and update mixer path: audio-record
06-16 15:52:53.472   745  1501 D soundtrigger: audio HAL using same device 195 as ST
06-16 15:52:53.472   745  1501 D soundtrigger: audio_extn_sound_trigger_update_stream_status: uc_info->id 23 of type 1 for Event 2, with Raise=1
06-16 15:52:53.472   745  1501 D soundtrigger: audio_extn_sound_trigger_update_stream_status: send event 12: usecase id 23, type 1
06-16 15:52:53.472   745  1501 I sound_trigger_platform: platform_stdev_check_and_update_concurrency: Received STREAM event, event type 12, usecase type 1
06-16 15:52:53.472   745  1501 D sound_trigger_platform: platform_stdev_check_and_update_concurrency: dedicated path 0, reset backend 1, tx 1, rx 0,concurrency session not allowed
06-16 15:52:53.472   745  1501 D hardware_info: hw_info_append_hw_type : device_name = voice-rec-mic
06-16 15:52:53.472   745  1501 D audio_hw_primary: disable_snd_device: snd_device(195: current(before decrease) ref_cnt 1) 
06-16 15:52:53.472   745  1501 E audio_hw_primary: disable_snd_device:1snd_device-195,count-0
06-16 15:52:53.472   745  1501 D hardware_info: hw_info_append_hw_type : device_name = voice-rec-mic
06-16 15:52:53.472   745  1501 D audio_hw_primary: disable_snd_device: snd_device(195: voice-rec-mic)
06-16 15:52:53.472   745  1501 D msm8974_platform: platform_split_snd_device: snd_device(195) num devices(0) new_snd_devices[0](0) ret=-22
06-16 15:52:53.473   745  1501 D soundtrigger: audio HAL using same device 195 as ST
06-16 15:52:53.473   745  1501 I soundtrigger: audio_extn_sound_trigger_update_device_status: device 0xc3 of type 1 for Event 0, with Raise=1
06-16 15:52:53.473   745  1501 D sound_trigger_platform: platform_stdev_check_and_update_concurrency: Received DEVICE event, event type 0
06-16 15:52:53.473   745  1501 D sound_trigger_platform: platform_stdev_check_and_update_concurrency: dedicated path 0, reset backend 1, tx 0, rx 0,concurrency session allowed
06-16 15:52:53.474  1373  1425 E AppOps  : Attribution not found: uid=1000 pkg=com.vuzix.speechrecognitionservice(null) op=RECORD_AUDIO
06-16 15:52:53.475   745   785 D audio_hw_primary: adev_release_audio_patch: Remove patch with handle 38
06-16 15:52:53.475   745   785 D audio_hw_primary: route_input_stream: exit: status(0)
06-16 15:52:53.477  1373  1425 I system_server: oneway function results will be dropped but finished with status OK and parcel size 4
06-16 15:52:53.477  1373  1386 I SoundTriggerMiddlewareLogging: setCaptureState[this=com.android.server.soundtrigger_middleware.SoundTriggerMiddlewareImpl@38ce48b, caller=1041/810](false)
06-16 15:52:53.488  3103  4527 D pal/stdout: StarRec_PAL_MutexDeInit(): pthread_mutex_destroy: EBUSY.
06-16 15:52:53.488  3103  4527 D pal/stdout: StarRec_PAL_MutexDeInit(): pthread_mutex_destroy: EDEADLK.
06-16 15:52:53.488  3103  4527 D pal/stdout: StarRec_PAL_MutexDeInit(): pthread_mutex_destroy: while: EBUSY.
06-16 15:52:53.489  3103  4527 D pal/stdout: StarRec_PAL_ThreadWait(): [DCC_NORMAL_0] thread with thread handle 0x0x7b37c1a090 is closed.
06-16 15:52:53.490  1373  1386 I SoundTriggerMiddlewareLogging: setCaptureState[this=com.android.server.soundtrigger_middleware.SoundTriggerMiddlewareImpl@38ce48b, caller=1041/810](false)
06-16 15:52:53.491   745   785 D audio_hw_primary: adev_close_input_stream: enter:stream_handle(0xeee446f0)
06-16 15:52:53.491   745   785 D audio_hw_primary: io_streams_map_remove: Removed stream with handle 334
06-16 15:52:53.491   745   785 D soundtrigger: audio_extn_sound_trigger_check_ec_ref_enable: EC Reference is disabled
06-16 15:52:53.491   745   785 D sound_trigger_hw: handle_audio_ec_ref_enabled: Enter
06-16 15:52:53.491   745   785 D sound_trigger_hw: handle_audio_ec_ref_enabled: Exit audio ec ref=0
06-16 15:52:53.491   745   785 D soundtrigger: audio_extn_sound_trigger_update_ec_ref_status: update audio echo ref status false
06-16 15:52:53.491   745   785 D audio_hw_primary: in_standby: enter: stream (0xeee446f0) usecase(23: audio-record)
06-16 15:52:53.493  1373  1424 I system_server: oneway function results will be dropped but finished with status OK and parcel size 4
06-16 15:52:53.493  3103  4527 D pal/stdout: StarRec_PAL_ThreadWait(): [ASR5_CFG] thread with thread handle 0x0x7b37c17e10 is closed.
06-16 15:52:53.493  1373  1424 I system_server: oneway function results will be dropped but finished with status OK and parcel size 4
06-16 15:52:53.494  3103  4527 D pal/stdout: StarRec_PAL_ThreadWait(): [ASR5_FatalListener] thread with thread handle 0x0x7b37c1b1d0 is closed.
06-16 15:52:53.494  1373  1424 I system_server: oneway function results will be dropped but finished with status OK and parcel size 4
06-16 15:52:53.495  3103  4527 D pal/stdout: StarRec_PAL_ThreadWait(): [ASR5_Dispatcher] thread with thread handle 0x0x7b37c16790 is closed.
06-16 15:52:53.498  3103  4527 D pal/stdout: StarRec_PAL_ThreadWait(): [ASR5_Worker0] thread with thread handle 0x0x7b37c19790 is closed.
06-16 15:52:53.498  3103  4527 D pal/stdout: StarRec_PAL_ThreadWait(): [ASR5_Worker1] thread with thread handle 0x0x7b37c169d0 is closed.
06-16 15:52:53.498  3103  4527 D pal/stdout: StarRec_PAL_ThreadWait(): [ASR5_Worker2] thread with thread handle 0x0x7b37c1abd0 is closed.
06-16 15:52:53.499  3103  4527 D pal/stdout: StarRec_PAL_ThreadWait(): [ASR5_Worker3] thread with thread handle 0x0x7b37c1c010 is closed.
06-16 15:52:53.589  3103  4545 I pal/stdout: StarRec_PAL_ThreadInit(): [ASR5_CFG] initial priority level THREAD_PRIO_NORMAL.
06-16 15:52:53.589  3103  4545 I pal/stdout: StarRec_PAL_ThreadCreate(): [ASR5_CFG] DEFAULT SETTING: invert nice value [3 -> 3].
06-16 15:52:53.589  3103  4545 I pal/stdout: StarRec_PAL_ThreadCreate(): [ASR5_CFG] DEFAULT SETTING: policy [SCHED_OTHER], prio: default [0] + handed-over [3] + 1 = calculated [4].
06-16 15:52:53.589  3103  4545 I pal/stdout: StarRec_PAL_ThreadCreate(): [ASR5_CFG] THREAD CREATED: Policy [0,SCHED_OTHER,OTHER], prio: handed-over [3], final nice,prio [4,0], min [0], max [0]. 
06-16 15:52:53.589  3103  4546 I pal/stdout: fpThreadRoutine_setThreadName(): [ASR5_CFG] ok -> set/getpriority (4)/(4) - hdl [-1725813568] ID [4546].
06-16 15:52:53.589  3103  4546 I pal/stdout: sMainWrapper_PrintPrio(): 
06-16 15:52:53.589  3103  4546 I pal/stdout: 	 pid 4546's priority: 4, name: ASR5_CFG
06-16 15:52:53.589  3103  4546 I pal/stdout: sMainWrapper_PrintPrio(): 	 scheduling class: 
06-16 15:52:53.589  3103  4546 I pal/stdout: sMainWrapper_PrintPrio(): 	 OTHER / Normal 
06-16 15:52:53.589  3103  4546 I pal/stdout: sMainWrapper_PrintPrio(): 	 RT prio: 0 (of 0 to 0)
06-16 15:52:53.590  3103  4545 I pal/stdout: StarRec_PAL_ThreadInit(): [ASR5_Worker0] initial priority level THREAD_PRIO_NORMAL.
06-16 15:52:53.590  3103  4545 I pal/stdout: StarRec_PAL_ThreadCreate(): [ASR5_Worker0] DEFAULT SETTING: invert nice value [3 -> 3].
06-16 15:52:53.590  3103  4545 I pal/stdout: StarRec_PAL_ThreadCreate(): [ASR5_Worker0] DEFAULT SETTING: policy [SCHED_OTHER], prio: default [0] + handed-over [3] + 1 = calculated [4].
06-16 15:52:53.590  3103  4545 I pal/stdout: StarRec_PAL_ThreadCreate(): [ASR5_Worker0] THREAD CREATED: Policy [0,SCHED_OTHER,OTHER], prio: handed-over [3], final nice,prio [4,0], min [0], max [0]. 
06-16 15:52:53.590  3103  4545 I pal/stdout: StarRec_PAL_ThreadInit(): [ASR5_Worker1] initial priority level THREAD_PRIO_NORMAL.
06-16 15:52:53.590  3103  4545 I pal/stdout: StarRec_PAL_ThreadCreate(): [ASR5_Worker1] DEFAULT SETTING: invert nice value [3 -> 3].
06-16 15:52:53.590  3103  4545 I pal/stdout: StarRec_PAL_ThreadCreate(): [ASR5_Worker1] DEFAULT SETTING: policy [SCHED_OTHER], prio: default [0] + handed-over [3] + 1 = calculated [4].
06-16 15:52:53.590  3103  4547 I pal/stdout: fpThreadRoutine_setThreadName(): [ASR5_Worker0] ok -> set/getpriority (4)/(4) - hdl [-1727116096] ID [4547].
06-16 15:52:53.590  3103  4547 I pal/stdout: sMainWrapper_PrintPrio(): 
06-16 15:52:53.590  3103  4547 I pal/stdout: 	 pid 4547's priority: 4, name: ASR5_Worker0
06-16 15:52:53.590  3103  4547 I pal/stdout: sMainWrapper_PrintPrio(): 	 scheduling class: 
06-16 15:52:53.590  3103  4547 I pal/stdout: sMainWrapper_PrintPrio(): 	 OTHER / Normal 
06-16 15:52:53.590  3103  4547 I pal/stdout: sMainWrapper_PrintPrio(): 	 RT prio: 0 (of 0 to 0)
06-16 15:52:53.591  3103  4545 I pal/stdout: StarRec_PAL_ThreadCreate(): [ASR5_Worker1] THREAD CREATED: Policy [0,SCHED_OTHER,OTHER], prio: handed-over [3], final nice,prio [4,0], min [0], max [0]. 
06-16 15:52:53.591  3103  4548 I pal/stdout: fpThreadRoutine_setThreadName(): [ASR5_Worker1] ok -> set/getpriority (4)/(4) - hdl [-1762976576] ID [4548].
06-16 15:52:53.591  3103  4548 I pal/stdout: sMainWrapper_PrintPrio(): 
06-16 15:52:53.591  3103  4548 I pal/stdout: 	 pid 4548's priority: 4, name: ASR5_Worker1
06-16 15:52:53.591  3103  4548 I pal/stdout: sMainWrapper_PrintPrio(): 	 scheduling class: 
06-16 15:52:53.591  3103  4548 I pal/stdout: sMainWrapper_PrintPrio(): 	 OTHER / Normal 
06-16 15:52:53.591  3103  4548 I pal/stdout: sMainWrapper_PrintPrio(): 	 RT prio: 0 (of 0 to 0)
06-16 15:52:53.592  3103  4545 I pal/stdout: StarRec_PAL_ThreadInit(): [ASR5_Worker2] initial priority level THREAD_PRIO_NORMAL.
06-16 15:52:53.592  3103  4545 I pal/stdout: StarRec_PAL_ThreadCreate(): [ASR5_Worker2] DEFAULT SETTING: invert nice value [3 -> 3].
06-16 15:52:53.592  3103  4545 I pal/stdout: StarRec_PAL_ThreadCreate(): [ASR5_Worker2] DEFAULT SETTING: policy [SCHED_OTHER], prio: default [0] + handed-over [3] + 1 = calculated [4].
06-16 15:52:53.592  3103  4545 I pal/stdout: StarRec_PAL_ThreadCreate(): [ASR5_Worker2] THREAD CREATED: Policy [0,SCHED_OTHER,OTHER], prio: handed-over [3], final nice,prio [4,0], min [0], max [0]. 
06-16 15:52:53.593  3103  4545 I pal/stdout: StarRec_PAL_ThreadInit(): [ASR5_Worker3] initial priority level THREAD_PRIO_NORMAL.
06-16 15:52:53.593  3103  4545 I pal/stdout: StarRec_PAL_ThreadCreate(): [ASR5_Worker3] DEFAULT SETTING: invert nice value [3 -> 3].
06-16 15:52:53.593  3103  4545 I pal/stdout: StarRec_PAL_ThreadCreate(): [ASR5_Worker3] DEFAULT SETTING: policy [SCHED_OTHER], prio: default [0] + handed-over [3] + 1 = calculated [4].
06-16 15:52:53.593  3103  4549 I pal/stdout: fpThreadRoutine_setThreadName(): [ASR5_Worker2] ok -> set/getpriority (4)/(4) - hdl [-1764016960] ID [4549].
06-16 15:52:53.593  3103  4549 I pal/stdout: sMainWrapper_PrintPrio(): 
06-16 15:52:53.593  3103  4549 I pal/stdout: 	 pid 4549's priority: 4, name: ASR5_Worker2
06-16 15:52:53.593  3103  4549 I pal/stdout: sMainWrapper_PrintPrio(): 	 scheduling class: 
06-16 15:52:53.593  3103  4549 I pal/stdout: sMainWrapper_PrintPrio(): 	 OTHER / Normal 
06-16 15:52:53.593  3103  4550 I pal/stdout: fpThreadRoutine_setThreadName(): [ASR5_Worker3] ok -> set/getpriority (4)/(4) - hdl [-1765057344] ID [4550].
06-16 15:52:53.593  3103  4550 I pal/stdout: sMainWrapper_PrintPrio(): 
06-16 15:52:53.593  3103  4550 I pal/stdout: 	 pid 4550's priority: 4, name: ASR5_Worker3
06-16 15:52:53.593  3103  4550 I pal/stdout: sMainWrapper_PrintPrio(): 	 scheduling class: 
06-16 15:52:53.593  3103  4550 I pal/stdout: sMainWrapper_PrintPrio(): 	 OTHER / Normal 
06-16 15:52:53.593  3103  4550 I pal/stdout: sMainWrapper_PrintPrio(): 	 RT prio: 0 (of 0 to 0)
06-16 15:52:53.594  3103  4545 I pal/stdout: StarRec_PAL_ThreadCreate(): [ASR5_Worker3] THREAD CREATED: Policy [0,SCHED_OTHER,OTHER], prio: handed-over [3], final nice,prio [4,0], min [0], max [0]. 
06-16 15:52:53.594  3103  4549 I pal/stdout: sMainWrapper_PrintPrio(): 	 RT prio: 0 (of 0 to 0)
06-16 15:52:53.595  3103  4545 I pal/stdout: StarRec_PAL_ThreadInit(): [ASR5_Dispatcher] initial priority level THREAD_PRIO_NORMAL.
06-16 15:52:53.595  3103  4545 I pal/stdout: StarRec_PAL_ThreadCreate(): [ASR5_Dispatcher] DEFAULT SETTING: invert nice value [3 -> 3].
06-16 15:52:53.595  3103  4545 I pal/stdout: StarRec_PAL_ThreadCreate(): [ASR5_Dispatcher] DEFAULT SETTING: policy [SCHED_OTHER], prio: default [0] + handed-over [3] + 1 = calculated [4].
06-16 15:52:53.595  3103  4545 I pal/stdout: StarRec_PAL_ThreadCreate(): [ASR5_Dispatcher] THREAD CREATED: Policy [0,SCHED_OTHER,OTHER], prio: handed-over [3], final nice,prio [4,0], min [0], max [0]. 
06-16 15:52:53.595  3103  4545 I pal/stdout: StarRec_PAL_ThreadInit(): [ASR5_FatalListener] initial priority level THREAD_PRIO_NORMAL.
06-16 15:52:53.595  3103  4545 I pal/stdout: StarRec_PAL_ThreadCreate(): [ASR5_FatalListener] DEFAULT SETTING: invert nice value [3 -> 3].
06-16 15:52:53.595  3103  4545 I pal/stdout: StarRec_PAL_ThreadCreate(): [ASR5_FatalListener] DEFAULT SETTING: policy [SCHED_OTHER], prio: default [0] + handed-over [3] + 1 = calculated [4].
06-16 15:52:53.595  3103  4545 I pal/stdout: StarRec_PAL_ThreadCreate(): [ASR5_FatalListener] THREAD CREATED: Policy [0,SCHED_OTHER,OTHER], prio: handed-over [3], final nice,prio [4,0], min [0], max [0]. 
06-16 15:52:53.595  3103  4551 I pal/stdout: fpThreadRoutine_setThreadName(): [ASR5_Dispatcher] ok -> set/getpriority (4)/(4) - hdl [-1766097728] ID [4551].
06-16 15:52:53.595  3103  4551 I pal/stdout: sMainWrapper_PrintPrio(): 
06-16 15:52:53.595  3103  4551 I pal/stdout: 	 pid 4551's priority: 4, name: ASR5_Dispatcher
06-16 15:52:53.595  3103  4551 I pal/stdout: sMainWrapper_PrintPrio(): 	 scheduling class: 
06-16 15:52:53.595  3103  4551 I pal/stdout: sMainWrapper_PrintPrio(): 	 OTHER / Normal 
06-16 15:52:53.595  3103  4551 I pal/stdout: sMainWrapper_PrintPrio(): 	 RT prio: 0 (of 0 to 0)
06-16 15:52:53.595  3103  4552 I pal/stdout: fpThreadRoutine_setThreadName(): [ASR5_FatalListener] ok -> set/getpriority (4)/(4) - hdl [-1767138112] ID [4552].
06-16 15:52:53.595  3103  4552 I pal/stdout: sMainWrapper_PrintPrio(): 
06-16 15:52:53.595  3103  4552 I pal/stdout: 	 pid 4552's priority: 4, name: ASR5_FatalListener
06-16 15:52:53.595  3103  4552 I pal/stdout: sMainWrapper_PrintPrio(): 	 scheduling class: 
06-16 15:52:53.595  3103  4552 I pal/stdout: sMainWrapper_PrintPrio(): 	 OTHER / Normal 
06-16 15:52:53.595  3103  4552 I pal/stdout: sMainWrapper_PrintPrio(): 	 RT prio: 0 (of 0 to 0)
06-16 15:52:53.626  3103  4545 I pal/stdout: StarRec_PAL_ThreadInit(): [DCC_CREATION_0] initial priority level THREAD_PRIO_NORMAL.
06-16 15:52:53.626  3103  4545 I pal/stdout: StarRec_PAL_ThreadCreate(): [DCC_CREATION_0] DEFAULT SETTING: invert nice value [3 -> 3].
06-16 15:52:53.626  3103  4545 I pal/stdout: StarRec_PAL_ThreadCreate(): [DCC_CREATION_0] DEFAULT SETTING: policy [SCHED_OTHER], prio: default [0] + handed-over [3] + 1 = calculated [4].
06-16 15:52:53.626  3103  4545 I pal/stdout: StarRec_PAL_ThreadCreate(): [DCC_CREATION_0] THREAD CREATED: Policy [0,SCHED_OTHER,OTHER], prio: handed-over [3], final nice,prio [4,0], min [0], max [0]. 
06-16 15:52:53.626  3103  4553 I pal/stdout: fpThreadRoutine_setThreadName(): [DCC_CREATION_0] ok -> set/getpriority (4)/(4) - hdl [1011920064] ID [4553].
06-16 15:52:53.626  3103  4553 I pal/stdout: sMainWrapper_PrintPrio(): 
06-16 15:52:53.626  3103  4553 I pal/stdout: 	 pid 4553's priority: 4, name: DCC_CREATION_0
06-16 15:52:53.626  3103  4553 I pal/stdout: sMainWrapper_PrintPrio(): 	 scheduling class: 
06-16 15:52:53.626  3103  4553 I pal/stdout: sMainWrapper_PrintPrio(): 	 OTHER / Normal 
06-16 15:52:53.626  3103  4553 I pal/stdout: sMainWrapper_PrintPrio(): 	 RT prio: 0 (of 0 to 0)
06-16 15:52:53.631  3103  4553 I DCCListener: DCC event: DCC_CREATION_STARTED ()
06-16 15:52:53.632  3103  4553 I DCCListener: DCC event: DCC_DATA_ID ()
06-16 15:52:53.632  3103  4553 I DCCListener: DCC event: DCC_WITH_N_ENTRIES (93)
06-16 15:52:53.632  3103  4553 I DCCListener: DCC event: DCC_CREATION_FINISHED ()
06-16 15:52:53.633   745   785 D audio_hw_primary: adev_open_input_stream: enter: sample_rate(16000) channel_mask(0x10) devices(0x80000004)        stream_handle(0xeee46bb0) io_handle(342) source(6) format 1
06-16 15:52:53.633   745   785 D audio_hw_primary: io_streams_map_insert: Added stream in io_streams_map with handle 342
06-16 15:52:53.634   745   785 E device_utils: update_device_list: Invalid device: 0
06-16 15:52:53.635   810  4555 I AudioFlinger: AudioFlinger's thread 0x7bc9069040 tid=4555 ready to run
06-16 15:52:53.635   745   785 D audio_hw_primary: in_standby: enter: stream (0xeee46bb0) usecase(23: audio-record)
06-16 15:52:53.636   745   785 D audio_hw_primary: in_standby: enter: stream (0xeee46bb0) usecase(23: audio-record)
06-16 15:52:53.637  1373  2576 I system_server: oneway function results will be dropped but finished with status OK and parcel size 4
06-16 15:52:53.638  1373  2576 I chatty  : uid=1000(system) Binder:1373_A identical 1 line
06-16 15:52:53.638  1373  2576 I system_server: oneway function results will be dropped but finished with status OK and parcel size 4
06-16 15:52:53.639  3103  4545 I pal/stdout: StarRec_PAL_ThreadInit(): [DCC_NORMAL_0] initial priority level THREAD_PRIO_NORMAL.
06-16 15:52:53.639  3103  4545 I pal/stdout: StarRec_PAL_ThreadCreate(): [DCC_NORMAL_0] DEFAULT SETTING: invert nice value [3 -> 3].
06-16 15:52:53.639  3103  4545 I pal/stdout: StarRec_PAL_ThreadCreate(): [DCC_NORMAL_0] DEFAULT SETTING: policy [SCHED_OTHER], prio: default [0] + handed-over [3] + 1 = calculated [4].
06-16 15:52:53.640  3103  4545 I pal/stdout: StarRec_PAL_ThreadCreate(): [DCC_NORMAL_0] THREAD CREATED: Policy [0,SCHED_OTHER,OTHER], prio: handed-over [3], final nice,prio [4,0], min [0], max [0]. 
06-16 15:52:53.640  3103  4556 I pal/stdout: fpThreadRoutine_setThreadName(): [DCC_NORMAL_0] ok -> set/getpriority (4)/(4) - hdl [789159104] ID [4556].
06-16 15:52:53.640  3103  4545 I AsrConfiguration: Add app: VuzixApp-en
06-16 15:52:53.640  3103  4556 I pal/stdout: sMainWrapper_PrintPrio(): 
06-16 15:52:53.640  3103  4556 I pal/stdout: 	 pid 4556's priority: 4, name: DCC_NORMAL_0
06-16 15:52:53.640  3103  4556 I pal/stdout: sMainWrapper_PrintPrio(): 	 scheduling class: 
06-16 15:52:53.640  3103  4556 I pal/stdout: sMainWrapper_PrintPrio(): 	 OTHER / Normal 
06-16 15:52:53.640  3103  4556 I pal/stdout: sMainWrapper_PrintPrio(): 	 RT prio: 0 (of 0 to 0)
06-16 15:52:53.640  3103  4556 D pal/stdout: StarRec_PAL_ThreadWait(): [DCC_CREATION_0] thread with thread handle 0x0x7b37c19e50 is closed.
06-16 15:52:53.641  3103  4556 I DCCListener: DCC event: DCC_DATA_PREPARATION_STARTED ()
06-16 15:52:53.657  3103  3103 D VzxSrSpeechRecognitionService: Icon IconStatusSleep
06-16 15:52:53.659   745   785 D audio_hw_primary: adev_create_audio_patch: enter: num sources 1, num_sinks 1, handle 0
06-16 15:52:53.660   745   785 D audio_hw_primary: adev_create_audio_patch: Capture patch from device 80000004 to mix 342
06-16 15:52:53.660   745   785 D audio_hw_primary: update_patch: enter
06-16 15:52:53.660   745   785 D audio_hw_primary: route_input_stream: exit: status(0)
06-16 15:52:53.660   745   785 D audio_hw_primary: adev_create_audio_patch: Added a new patch with handle 39
06-16 15:52:53.661  1373  1424 I system_server: oneway function results will be dropped but finished with status OK and parcel size 4
06-16 15:52:53.662  1373  1424 I system_server: oneway function results will be dropped but finished with status OK and parcel size 4
06-16 15:52:53.663   745   785 E device_utils: update_device_list: Invalid device: 0
06-16 15:52:53.665  1373  1424 I SoundTriggerMiddlewareLogging: setCaptureState[this=com.android.server.soundtrigger_middleware.SoundTriggerMiddlewareImpl@38ce48b, caller=1041/810](true)
06-16 15:52:53.667   745   785 E FMQ     : grantorIdx must be less than 3
06-16 15:52:53.667   745   785 E FMQ     : grantorIdx must be less than 3
06-16 15:52:53.667   810  4555 E FMQ     : grantorIdx must be less than 3
06-16 15:52:53.667   810  4555 E FMQ     : grantorIdx must be less than 3
06-16 15:52:53.667   745  4558 D audio_hw_primary: start_input_stream: enter: stream(0xeee46bb0)usecase(23: audio-record), source 6
06-16 15:52:53.668   745  4558 D audio_hw_primary: select_devices for use case (audio-record)
06-16 15:52:53.668   745  4558 I msm8974_platform: platform_check_and_set_capture_codec_backend_cfg:txbecf: afe: bitwidth 16, samplerate 16000, channel 1 format 1, backend_idx 8 usecase = 23 device (voice-rec-mic)
06-16 15:52:53.668   745  4558 I msm8974_platform: platform_check_capture_codec_backend_cfg:txbecf: afe: Codec selected backend: 8 current bit width: 16 and sample rate: 16000, channels 1 format 1
06-16 15:52:53.668   745  4558 I msm8974_platform: platform_check_capture_codec_backend_cfg:txbecf: afe: current backend bit_width 16 sample_rate 48000 channels 1, format 0
06-16 15:52:53.668   745  4558 I msm8974_platform: platform_check_capture_codec_backend_cfg:txbecf: afe: Codec backend needs to be updated. new bit width: 16 new sample rate: 48000 new channel: 1 new format: 1
06-16 15:52:53.668   745  4558 I msm8974_platform: platform_set_codec_backend_cfg:becf: afe: bitwidth 16, samplerate 48000 channels 1 format 1, backend_idx 8 device (voice-rec-mic)
06-16 15:52:53.668   745  4558 D audio_hw_primary: check_usecases_capture_codec_backend:becf: force routing 0
06-16 15:52:53.668   745  4558 E audio_hw_primary: enable_snd_device: addcheck2 other record usecase's dev
06-16 15:52:53.668   745  4558 D hardware_info: hw_info_append_hw_type : device_name = voice-rec-mic
06-16 15:52:53.668   745  4558 D audio_hw_primary: enable_snd_device: snd_device(195: current(before increase) ref_cnt 0)
06-16 15:52:53.668   745  4558 D msm8974_platform: platform_split_snd_device: snd_device(195) num devices(0) new_snd_devices[0](0) ret=-22
06-16 15:52:53.668   745  4558 D audio_hw_primary: enable_snd_device: snd_device(195: voice-rec-mic)
06-16 15:52:53.668   745  4558 D msm8974_platform: platform_get_island_cfg_on_device:island cfg status on snd_device = (voice-rec-mic 0)
06-16 15:52:53.668   745  4558 D soundtrigger: audio HAL using same device 195 as ST
06-16 15:52:53.668   745  4558 I soundtrigger: audio_extn_sound_trigger_update_device_status: device 0xc3 of type 1 for Event 1, with Raise=1
06-16 15:52:53.668   745  4558 D sound_trigger_platform: platform_stdev_check_and_update_concurrency: Received DEVICE event, event type 1
06-16 15:52:53.668   745  4558 D sound_trigger_platform: platform_stdev_check_and_update_concurrency: dedicated path 0, reset backend 1, tx 1, rx 0,concurrency session not allowed
06-16 15:52:53.668   745  4558 D audio_route: Apply path: voice-rec-mic
06-16 15:52:53.669   745  4558 D soundtrigger: audio HAL using same device 195 as ST
06-16 15:52:53.669   745  4558 D soundtrigger: audio_extn_sound_trigger_update_stream_status: uc_info->id 23 of type 1 for Event 3, with Raise=1
06-16 15:52:53.669   745  4558 D soundtrigger: audio_extn_sound_trigger_update_stream_status: send event 13: usecase id 23, type 1
06-16 15:52:53.669   745  4558 I sound_trigger_platform: platform_stdev_check_and_update_concurrency: Received STREAM event, event type 13, usecase type 1
06-16 15:52:53.669   745  4558 D sound_trigger_platform: platform_stdev_check_and_update_concurrency: dedicated path 0, reset backend 1, tx 1, rx 0,concurrency session not allowed
06-16 15:52:53.669   745  4558 D audio_hw_utils: audio_extn_utils_send_app_type_cfg: usecase->in_snd_device voice-rec-mic
06-16 15:52:53.669   745  4558 D msm8974_platform: platform_split_snd_device: snd_device(195) num devices(0) new_snd_devices[0](0) ret=-22
06-16 15:52:53.669   745  4558 D msm8974_platform: platform_get_snd_device_backend_index: device 195 is hw_interface_name INT3_MI2S_TX is be_dai_id=152
06-16 15:52:53.669   745  4558 D audio_hw_utils: audio_extn_btsco_get_sample_rate:Not a BT SCO device, need not update sampling rate
06-16 15:52:53.669   745  4558 I audio_hw_utils: send_app_type_cfg_for_device CAPTURE app_type 69938, acdb_dev_id 11, sample_rate 16000, snd_device_be_idx 152
06-16 15:52:53.670   745  4558 D msm8974_platform: platform_split_snd_device: snd_device(195) num devices(1) new_snd_devices[0](0) ret=-22
06-16 15:52:53.670   745  4558 D audio_hw_utils: audio_extn_btsco_get_sample_rate:Not a BT SCO device, need not update sampling rate
06-16 15:52:53.670   745  4558 D ACDB-LOADER: ACDB -> send_audio_cal, acdb_id = 11, path = 1, app id = 0x11132, sample rate = 16000, afe_sample_rate = 48000
06-16 15:52:53.670   745  4558 D ACDB-LOADER: ACDB -> send_asm_topology
06-16 15:52:53.670   745  4558 D ACDB-LOADER: ACDB -> ACDB_CMD_GET_AUDPROC_STREAM_TOPOLOGY_ID
06-16 15:52:53.670   745  4558 D ACDB-LOADER: ACDB -> send_adm_topology
06-16 15:52:53.670   745  4558 D ACDB-LOADER: ACDB -> ACDB_CMD_GET_AUDPROC_COMMON_TOPOLOGY_ID
06-16 15:52:53.670   745  4558 D ACDB-LOADER: ACDB -> send_audtable
06-16 15:52:53.670   745  4558 D ACDB-LOADER: ACDB -> ACDB_CMD_GET_AUDPROC_COMMON_TABLE_SIZE
06-16 15:52:53.670   745  4558 D ACDB-LOADER: ACDB -> ACDB_CMD_GET_AUDPROC_COMMON_TABLE
06-16 15:52:53.670   745  4558 D ACDB-LOADER: ACDB -> AUDIO_SET_AUDPROC_CAL cal_type[11] acdb_id[11] app_type[69938]
06-16 15:52:53.670   745  4558 D ACDB-LOADER: ACDB -> ACDB_CMD_GET_AUDPROC_STREAM_TABLE_SIZE
06-16 15:52:53.670   745  4558 D ACDB-LOADER: ACDB -> send_audstrmtable
06-16 15:52:53.670   745  4558 D ACDB-LOADER: ACDB -> ACDB_CMD_GET_AUDPROC_STREAM_TABLE_V2
06-16 15:52:53.670   745  4558 D ACDB-LOADER: ACDB -> audstrm_cal->cal_type.cal_data.cal_size = 16
06-16 15:52:53.670   745  4558 D ACDB-LOADER: ACDB -> send_afe_topology
06-16 15:52:53.670   745  4558 D ACDB-LOADER: ACDB -> ACDB_CMD_GET_AFE_TOPOLOGY_ID
06-16 15:52:53.670   745  4558 D ACDB-LOADER: ACDB -> GET_AFE_TOPOLOGY_ID for adcd_id 11, Topology Id 112fb
06-16 15:52:53.670   745  4558 D ACDB-LOADER: ACDB -> send_afe_cal
06-16 15:52:53.670   745  4558 D ACDB-LOADER: ACDB -> ACDB_CMD_GET_AFE_COMMON_TABLE_SIZE
06-16 15:52:53.670   745  4558 D android.hardware.audio.service: Failed to fetch the lookup information of the device 000018EB 11
06-16 15:52:53.670   745  4558 D ACDB-LOADER: Error: ACDB_CMD_GET_AFE_COMMON_TABLE_SIZE Returned = -19
06-16 15:52:53.670   745  4558 D ACDB-LOADER: ACDB -> ACDB_CMD_GET_AFE_COMMON_TABLE
06-16 15:52:53.670   745  4558 D android.hardware.audio.service: Failed to fetch the lookup information of the device 000018EB 11
06-16 15:52:53.670   745  4558 D ACDB-LOADER: Error: ACDB AFE returned = -19
06-16 15:52:53.670   745  4558 D ACDB-LOADER: ACDB -> AUDIO_SET_AFE_CAL cal_type[17] acdb_id[11]
06-16 15:52:53.670   745  4558 D ACDB-LOADER: ACDB -> send_hw_delay : acdb_id = 11 path = 1
06-16 15:52:53.670   745  4558 D ACDB-LOADER: ACDB -> ACDB_AVSYNC_INFO: ACDB_CMD_GET_DEVICE_PROPERTY
06-16 15:52:53.670   745  4558 D audio_hw_primary: enable_audio_route: apply mixer and update path: audio-record
06-16 15:52:53.670   745  4558 D audio_route: Apply path: audio-record
06-16 15:52:53.671   745  4558 D audio_hw_primary: select_devices: done
06-16 15:52:53.683  3103  4556 I ContentValuesIterator: DCC item: CustomPhrase_Ortho->hello view-zix
06-16 15:52:53.686  3103  4556 I ContentValuesIterator: DCC item: CustomPhrase_Ortho->Voice off
06-16 15:52:53.687  3103  4556 I ContentValuesIterator: DCC item: CustomPhrase_Ortho->Please enter evaluation mode
06-16 15:52:53.689  3103  4556 I ContentValuesIterator: DCC item: CustomPhrase_Ortho->Please exit evaluation mode
06-16 15:52:53.692  3103  4556 I ContentValuesIterator: DCC item: CustomPhrase_Ortho->Speech settings
06-16 15:52:53.693  3103  4556 I ContentValuesIterator: DCC item: CustomPhrase_Ortho->Speech commands
06-16 15:52:53.695  3103  4556 I ContentValuesIterator: DCC item: CustomPhrase_Ortho->Command list
06-16 15:52:53.697  3103  4556 I ContentValuesIterator: DCC item: CustomPhrase_Ortho->Torch on
06-16 15:52:53.698   745  4558 D audio_hw_primary: start_input_stream: exit
06-16 15:52:53.698  3103  4556 I ContentValuesIterator: DCC item: CustomPhrase_Ortho->Flashlight on
06-16 15:52:53.700  3103  4556 I ContentValuesIterator: DCC item: CustomPhrase_Ortho->Torch off
06-16 15:52:53.701  3103  4556 I ContentValuesIterator: DCC item: CustomPhrase_Ortho->Flashlight off
06-16 15:52:53.702  3103  4556 I ContentValuesIterator: DCC item: CustomPhrase_Ortho->Go to sleep
06-16 15:52:53.704  3103  4556 I ContentValuesIterator: DCC item: CustomPhrase_Ortho->View notifications
06-16 15:52:53.705  3103  4556 I ContentValuesIterator: DCC item: CustomPhrase_Ortho->Open notifications
06-16 15:52:53.707  3103  4556 I ContentValuesIterator: DCC item: CustomPhrase_Ortho->Take a picture
06-16 15:52:53.708  3103  4556 I ContentValuesIterator: DCC item: CustomPhrase_Ortho->Start recording
06-16 15:52:53.710  3103  4556 I ContentValuesIterator: DCC item: CustomPhrase_Ortho->Take a video
06-16 15:52:53.712  3103  4556 I ContentValuesIterator: DCC item: CustomPhrase_Ortho->Okay
06-16 15:52:53.713  3103  4556 I ContentValuesIterator: DCC item: CustomPhrase_Ortho->Open
06-16 15:52:53.714  3103  4556 I ContentValuesIterator: DCC item: CustomPhrase_Ortho->Confirm
06-16 15:52:53.715  3103  4556 I ContentValuesIterator: DCC item: CustomPhrase_Ortho->Select this
06-16 15:52:53.717  3103  4556 I ContentValuesIterator: DCC item: CustomPhrase_Ortho->Pick this
06-16 15:52:53.718  3103  4556 I ContentValuesIterator: DCC item: CustomPhrase_Ortho->Move left
06-16 15:52:53.719  3103  4556 I ContentValuesIterator: DCC item: CustomPhrase_Ortho->Go left
06-16 15:52:53.720  3103  4556 I ContentValuesIterator: DCC item: CustomPhrase_Ortho->Scroll left
06-16 15:52:53.721  3103  4556 I ContentValuesIterator: DCC item: CustomPhrase_Ortho->Move right
06-16 15:52:53.723  3103  4556 I ContentValuesIterator: DCC item: CustomPhrase_Ortho->Go right
06-16 15:52:53.724  3103  4556 I ContentValuesIterator: DCC item: CustomPhrase_Ortho->Scroll right
06-16 15:52:53.725  3103  4556 I ContentValuesIterator: DCC item: CustomPhrase_Ortho->Move up
06-16 15:52:53.726  3103  4556 I ContentValuesIterator: DCC item: CustomPhrase_Ortho->Go up
06-16 15:52:53.728  3103  4556 I ContentValuesIterator: DCC item: CustomPhrase_Ortho->Scroll up
06-16 15:52:53.729  3103  4556 I ContentValuesIterator: DCC item: CustomPhrase_Ortho->Move down
06-16 15:52:53.730  3103  4556 I ContentValuesIterator: DCC item: CustomPhrase_Ortho->Go down
06-16 15:52:53.732  3103  4556 I ContentValuesIterator: DCC item: CustomPhrase_Ortho->Scroll down
06-16 15:52:53.733  3103  4556 I ContentValuesIterator: DCC item: CustomPhrase_Ortho->Go back
06-16 15:52:53.735  3103  4556 I ContentValuesIterator: DCC item: CustomPhrase_Ortho->Close
06-16 15:52:53.736  3103  4556 I ContentValuesIterator: DCC item: CustomPhrase_Ortho->Cancel
06-16 15:52:53.737  3103  4556 I ContentValuesIterator: DCC item: CustomPhrase_Ortho->Go home
06-16 15:52:53.738  3103  4556 I ContentValuesIterator: DCC item: CustomPhrase_Ortho->Quit
06-16 15:52:53.738  3103  4556 I ContentValuesIterator: DCC item: CustomPhrase_Ortho->Show menu
06-16 15:52:53.739  3103  4556 I ContentValuesIterator: DCC item: CustomPhrase_Ortho->Page down
06-16 15:52:53.741  3103  4556 I ContentValuesIterator: DCC item: CustomPhrase_Ortho->Page up
06-16 15:52:53.742  3103  4556 I ContentValuesIterator: DCC item: CustomPhrase_Ortho->Volume down
06-16 15:52:53.743  3103  4556 I ContentValuesIterator: DCC item: CustomPhrase_Ortho->Volume up
06-16 15:52:53.744  3103  4556 I ContentValuesIterator: DCC item: CustomPhrase_Ortho->Stop
06-16 15:52:53.745  3103  4556 I ContentValuesIterator: DCC item: CustomPhrase_Ortho->Assist AR
06-16 15:52:53.748  3103  4556 I ContentValuesIterator: DCC item: CustomPhrase_Ortho->Browser
06-16 15:52:53.749  3103  4556 I ContentValuesIterator: DCC item: CustomPhrase_Ortho->Camera
06-16 15:52:53.750  3103  4556 I ContentValuesIterator: DCC item: CustomPhrase_Ortho->camstrm
06-16 15:52:53.752  3103  4556 I ContentValuesIterator: DCC item: CustomPhrase_Ortho->Cognitive EMS
06-16 15:52:53.753  3103  4556 I ContentValuesIterator: DCC item: CustomPhrase_Ortho->Downloads
06-16 15:52:53.754  3103  4556 I ContentValuesIterator: DCC item: CustomPhrase_Ortho->Files
06-16 15:52:53.755  3103  4556 I ContentValuesIterator: DCC item: CustomPhrase_Ortho->Gallery
06-16 15:52:53.756  3103  4556 I ContentValuesIterator: DCC item: CustomPhrase_Ortho->HelloAR Java
06-16 15:52:53.758  3103  4556 I ContentValuesIterator: DCC item: CustomPhrase_Ortho->Notifications
06-16 15:52:53.759  3103  4556 I ContentValuesIterator: DCC item: CustomPhrase_Ortho->Quick Start
06-16 15:52:53.761  3103  4556 I ContentValuesIterator: DCC item: CustomPhrase_Ortho->Scanner
06-16 15:52:53.762  3103  4556 I ContentValuesIterator: DCC item: CustomPhrase_Ortho->Screen Cam
06-16 15:52:53.763  3103  4556 I ContentValuesIterator: DCC item: CustomPhrase_Ortho->Settings
06-16 15:52:53.779  3103  4556 I DCCListener: DCC event: DCC_DATA_ID ()
06-16 15:52:53.779  3103  4556 I DCCListener: DCC event: DCC_DATA_PREPARATION_FINISHED (current_total_number=59  added=59  removed=0  failed_to_add=0  failed_to_remove=0)
06-16 15:52:53.779  3103  4545 I Asr     : Data prep finished event received; proceeding
06-16 15:52:53.871  2528  2528 W VuzixNotificationListener: onNotificationPosted: 0|com.vuzix.speechrecognitionservice|1|null|1000
06-16 15:52:53.871  2528  2528 I VuzixNotificationListener: notify: 0|com.vuzix.speechrecognitionservice|1|null|1000
06-16 15:52:53.871  2528  2528 W VuzixNotificationListener: shouldShowPopup 2 true
06-16 15:52:54.651  1118  1118 W /system/vendor/bin/ipacm: type=1400 audit(0.0:815): avc: denied { write } for comm=6E65746C696E6B20736F636B6574 name="ipacm_log_file" dev="tmpfs" ino=18235 scontext=u:r:ipacm:s0 tcontext=u:object_r:ipacm_socket:s0 tclass=sock_file permissive=0
06-16 15:52:54.651  1118  1118 I chatty  : uid=1001(radio) /system/vendor/bin/ipacm identical 1 line
06-16 15:52:54.651  1118  1118 W /system/vendor/bin/ipacm: type=1400 audit(0.0:817): avc: denied { write } for comm=6E65746C696E6B20736F636B6574 name="ipacm_log_file" dev="tmpfs" ino=18235 scontext=u:r:ipacm:s0 tcontext=u:object_r:ipacm_socket:s0 tclass=sock_file permissive=0
06-16 15:52:54.651  1118  1118 W ipacm   : type=1400 audit(0.0:818): avc: denied { write } for name="ipacm_log_file" dev="tmpfs" ino=18235 scontext=u:r:ipacm:s0 tcontext=u:object_r:ipacm_socket:s0 tclass=sock_file permissive=0
06-16 15:52:58.305  1373  1424 I ActivityTaskManager: START u0 {act=android.intent.action.MAIN cat=[android.intent.category.LAUNCHER] flg=0x10000000 pkg=com.vuzix.downloadslauncher cmp=com.vuzix.downloadslauncher/.Downloads} from uid 10014
06-16 15:52:54.651  1118  1118 W ipacm   : type=1400 audit(0.0:819): avc: denied { write } for name="ipacm_log_file" dev="tmpfs" ino=18235 scontext=u:r:ipacm:s0 tcontext=u:object_r:ipacm_socket:s0 tclass=sock_file permissive=0
06-16 15:52:58.307   745  3503 D audio_hw_primary: start_output_stream: enter: stream(0xeed04330)usecase(1: low-latency-playback) devices(0x2) is_haptic_usecase(0)
06-16 15:52:58.308  1373  1425 I system_server: oneway function results will be dropped but finished with status OK and parcel size 4
06-16 15:52:58.308   745  3503 D audio_hw_primary: select_devices for use case (low-latency-playback)
06-16 15:52:58.308   745  3503 D msm8974_platform: platform_get_snd_device_backend_index: device 2 is hw_interface_name INT4_MI2S_RX is be_dai_id=153
06-16 15:52:58.308   745  3503 I msm8974_platform: platform_check_and_set_codec_backend_cfg:becf: afe: bitwidth 16, samplerate 48000 channels 2, backend_idx 0 usecase = 1 device (speaker)
06-16 15:52:58.308   745  3503 D msm8974_platform: platform_split_snd_device: snd_device(2) num devices(1) new_snd_devices[0](0) ret=-22
06-16 15:52:58.308   745  3503 I msm8974_platform: platform_check_and_set_codec_backend_cfg: new_snd_devices[0] is 2
06-16 15:52:58.308   745  3503 I msm8974_platform: platform_check_codec_backend_cfg:becf: afe: bitwidth 16, samplerate 48000 channels 2, backend_idx 0 usecase = 1 device (speaker)
06-16 15:52:58.309   745  3503 E audio_hw_extn: audio_extn_enable_hifi_filter: Could not get ctl for mixer cmd - HiFi Filter, using default control
06-16 15:52:58.309   745  3503 D msm8974_platform: platform_check_codec_backend_cfg:becf: updated afe: bitwidth 16, samplerate 48000 channels 2,backend_idx 0 usecase = 1 device (speaker)
06-16 15:52:58.309   745  3503 D msm8974_platform: platform_check_codec_backend_cfg:becf: afe: playback on codec device not supporting native playback set default Sample Rate(48k)
06-16 15:52:58.309   745  3503 I msm8974_platform: platform_check_codec_backend_cfg:becf: afe: Codec selected backend: 0 updated bit width: 16 and sample rate: 48000
06-16 15:52:58.309   745  3503 D audio_hw_primary: check_usecases_codec_backend:becf: force routing 0
06-16 15:52:58.309   745  3503 E msm8974_platform: platform_check_backends_match: Invalid snd_device2 = none
06-16 15:52:58.309   745  3503 D audio_hw_primary: check_usecases_codec_backend:becf: (78) check_usecases curr device: speaker, usecase device:none backends match 0
06-16 15:52:58.309   745  3503 E msm8974_platform: platform_check_backends_match: Invalid snd_device2 = none
06-16 15:52:58.309   745  3503 D audio_hw_primary: check_usecases_codec_backend:becf: (78) check_usecases curr device: speaker, usecase device:none backends match 0
06-16 15:52:58.309   745  3503 D audio_hw_primary: check_usecases_codec_backend:becf: check_usecases num.of Usecases to switch 0
06-16 15:52:58.309   745  3503 D hardware_info: hw_info_append_hw_type : device_name = speaker
06-16 15:52:58.309   745  3503 D audio_hw_primary: enable_snd_device: snd_device(2: current(before increase) ref_cnt 0)
06-16 15:52:58.309   745  3503 D msm8974_platform: platform_split_snd_device: snd_device(2) num devices(0) new_snd_devices[0](0) ret=-22
06-16 15:52:58.309   745  3503 D audio_hw_primary: enable_snd_device: snd_device(2: speaker)
06-16 15:52:58.309   745  3503 D msm8974_platform: platform_get_island_cfg_on_device:island cfg status on snd_device = (speaker 0)
06-16 15:52:58.309   745  3503 I soundtrigger: audio_extn_sound_trigger_update_device_status: device 0x2 of type 0 for Event 1, with Raise=0
06-16 15:52:58.309   745  3503 D audio_route: Apply path: speaker
06-16 15:52:58.309  1373  2576 I system_server: oneway function results will be dropped but finished with status OK and parcel size 4
06-16 15:52:58.315   745  3503 I audio_hw_utils: audio_extn_utils_update_stream_output_app_type_cfg Allowing 24 and above bits playback on speaker ONLY at default sampling rate
06-16 15:52:58.315   745  3503 D audio_hw_primary: audio_is_true_native_stream_active:napb: (0) (low-latency-playback)id (1) sr 48000 bw (16) device speaker
06-16 15:52:58.315   745  3503 E soundtrigger: audio_extn_sound_trigger_update_stream_status: invalid input device 0x0, for event 3
06-16 15:52:58.315   745  3503 D soundtrigger: audio_extn_sound_trigger_update_stream_status: uc_info->id 1 of type 0 for Event 3, with Raise=0
06-16 15:52:58.315   745  3503 D audio_hw_utils: audio_extn_utils_send_app_type_cfg: usecase->out_snd_device speaker
06-16 15:52:58.315   745  3503 D msm8974_platform: platform_split_snd_device: snd_device(2) num devices(0) new_snd_devices[0](0) ret=-22
06-16 15:52:58.315   745  3503 D msm8974_platform: platform_get_snd_device_backend_index: device 2 is hw_interface_name INT4_MI2S_RX is be_dai_id=153
06-16 15:52:58.315   745  3503 D audio_hw_utils: audio_extn_btsco_get_sample_rate:Not a BT SCO device, need not update sampling rate
06-16 15:52:58.315   745  3503 I audio_hw_utils: send_app_type_cfg_for_device PLAYBACK app_type 69937, acdb_dev_id 15, sample_rate 48000, snd_device_be_idx 153
06-16 15:52:58.317   745  3503 D msm8974_platform: platform_split_snd_device: snd_device(2) num devices(1) new_snd_devices[0](0) ret=-22
06-16 15:52:58.317   745  3503 D audio_hw_utils: audio_extn_btsco_get_sample_rate:Not a BT SCO device, need not update sampling rate
06-16 15:52:58.317   745  3503 D ACDB-LOADER: ACDB -> send_audio_cal, acdb_id = 15, path = 0, app id = 0x11131, sample rate = 48000, afe_sample_rate = 48000
06-16 15:52:58.317   745  3503 D ACDB-LOADER: ACDB -> send_asm_topology
06-16 15:52:58.317   745  3503 D ACDB-LOADER: ACDB -> ACDB_CMD_GET_AUDPROC_STREAM_TOPOLOGY_ID
06-16 15:52:58.317   745  3503 D ACDB-LOADER: ACDB -> send_adm_topology
06-16 15:52:58.317   745  3503 D ACDB-LOADER: ACDB -> ACDB_CMD_GET_AUDPROC_COMMON_TOPOLOGY_ID
06-16 15:52:58.317   745  3503 D ACDB-LOADER: ACDB -> send_audtable
06-16 15:52:58.317   745  3503 D ACDB-LOADER: ACDB -> ACDB_CMD_GET_AUDPROC_COMMON_TABLE_SIZE
06-16 15:52:58.317   745  3503 D ACDB-LOADER: ACDB -> ACDB_CMD_GET_AUDPROC_COMMON_TABLE
06-16 15:52:58.317   745  3503 D ACDB-LOADER: ACDB -> AUDIO_SET_AUDPROC_CAL cal_type[11] acdb_id[15] app_type[69937]
06-16 15:52:58.317   745  3503 D ACDB-LOADER: ACDB -> send_audvoltable
06-16 15:52:58.317   745  3503 D ACDB-LOADER: ACDB -> ACDB_CMD_GET_AUDPROC_GAIN_DEP_STEP_TABLE_SIZE
06-16 15:52:58.317   745  3503 D ACDB-LOADER: ACDB -> ACDB_CMD_GET_AUDPROC_GAIN_DEP_STEP_TABLE, vol index 0
06-16 15:52:58.317   745  3503 D ACDB-LOADER: ACDB -> AUDIO_SET_VOL_CAL cal type = 12
06-16 15:52:58.317   745  3503 D ACDB-LOADER: ACDB -> ACDB_CMD_GET_AUDPROC_STREAM_TABLE_SIZE
06-16 15:52:58.317   745  3503 D ACDB-LOADER: ACDB -> send_audstrmtable
06-16 15:52:58.317   745  3503 D ACDB-LOADER: ACDB -> ACDB_CMD_GET_AUDPROC_STREAM_TABLE_V2
06-16 15:52:58.317   745  3503 D ACDB-LOADER: ACDB -> audstrm_cal->cal_type.cal_data.cal_size = 16
06-16 15:52:58.317   745  3503 D ACDB-LOADER: ACDB -> send_afe_topology
06-16 15:52:58.317   745  3503 D ACDB-LOADER: ACDB -> ACDB_CMD_GET_AFE_TOPOLOGY_ID
06-16 15:52:58.317   745  3503 D ACDB-LOADER: ACDB -> GET_AFE_TOPOLOGY_ID for adcd_id 15, Topology Id 1001025e
06-16 15:52:58.317   745  3503 D ACDB-LOADER: ACDB -> send_afe_cal
06-16 15:52:58.317   745  3503 D ACDB-LOADER: ACDB -> ACDB_CMD_GET_AFE_COMMON_TABLE_SIZE
06-16 15:52:58.317   745  3503 D ACDB-LOADER: ACDB -> ACDB_CMD_GET_AFE_COMMON_TABLE
06-16 15:52:58.317   745  3503 D ACDB-LOADER: ACDB -> AUDIO_SET_AFE_CAL cal_type[16] acdb_id[15]
06-16 15:52:58.317   745  3503 D ACDB-LOADER: ACDB -> send_hw_delay : acdb_id = 15 path = 0
06-16 15:52:58.317   745  3503 D ACDB-LOADER: ACDB -> ACDB_AVSYNC_INFO: ACDB_CMD_GET_DEVICE_PROPERTY
06-16 15:52:58.317   745  3503 D msm8974_platform: platform_split_snd_device: snd_device(2) num devices(0) new_snd_devices[0](0) ret=-22
06-16 15:52:58.317   745  3503 I msm8974_platform: platform_get_custom_mtmx_params: no matching param with id 0 ip_ch 2 op_ch 2 uc_id 1 snd_dev 2
06-16 15:52:58.317   745  3503 D audio_hw_primary: enable_audio_route: apply mixer and update path: low-latency-playback
06-16 15:52:58.317   745  3503 D audio_route: Apply path: low-latency-playback
06-16 15:52:58.317  1373  1424 D CompatibilityInfo: mCompatibilityFlags - 0
06-16 15:52:58.317  1373  1424 D CompatibilityInfo: applicationDensity - 212
06-16 15:52:58.317  1373  1424 D CompatibilityInfo: applicationScale - 1.0
06-16 15:52:58.319  1373  1424 D ActivityTrigger: ActivityTrigger activityPauseTrigger 
06-16 15:52:58.321   745  3503 D audio_hw_primary: select_devices: done
06-16 15:52:58.350   745  3503 D msm8974_platform: platform_set_channel_map mixer_ctl_name:Playback Channel Map13
06-16 15:52:58.350   745  3503 D msm8974_platform: platform_set_channel_map: set mapping(1 2 0 0 0 0 0 0) for channel:2
06-16 15:52:58.351   745  3503 D audio_hw_primary: start_output_stream: exit
06-16 15:52:58.351   745  3503 D msm8974_platform: platform_split_snd_device: snd_device(2) num devices(0) new_snd_devices[0](0) ret=-22
06-16 15:52:58.351   745  3503 I msm8974_platform: platform_get_custom_mtmx_params: no matching param with id 0 ip_ch 2 op_ch 2 uc_id 1 snd_dev 2
06-16 15:52:58.390   745   785 D audio_hw_primary: in_standby: enter: stream (0xeee46bb0) usecase(23: audio-record)
06-16 15:52:58.390  1373  1424 I system_server: oneway function results will be dropped but finished with status OK and parcel size 4
06-16 15:52:58.436   745   785 D audio_hw_primary: disable_audio_route: reset and update mixer path: audio-record
06-16 15:52:58.438   745   785 D soundtrigger: audio HAL using same device 195 as ST
06-16 15:52:58.438   745   785 D soundtrigger: audio_extn_sound_trigger_update_stream_status: uc_info->id 23 of type 1 for Event 2, with Raise=1
06-16 15:52:58.438   745   785 D soundtrigger: audio_extn_sound_trigger_update_stream_status: send event 12: usecase id 23, type 1
06-16 15:52:58.438   745   785 I sound_trigger_platform: platform_stdev_check_and_update_concurrency: Received STREAM event, event type 12, usecase type 1
06-16 15:52:58.438   745   785 D sound_trigger_platform: platform_stdev_check_and_update_concurrency: dedicated path 0, reset backend 1, tx 1, rx 0,concurrency session not allowed
06-16 15:52:58.438   745   785 D hardware_info: hw_info_append_hw_type : device_name = voice-rec-mic
06-16 15:52:58.438   745   785 D audio_hw_primary: disable_snd_device: snd_device(195: current(before decrease) ref_cnt 1) 
06-16 15:52:58.438   745   785 E audio_hw_primary: disable_snd_device:1snd_device-195,count-0
06-16 15:52:58.438   745   785 D hardware_info: hw_info_append_hw_type : device_name = voice-rec-mic
06-16 15:52:58.438   745   785 D audio_hw_primary: disable_snd_device: snd_device(195: voice-rec-mic)
06-16 15:52:58.438   745   785 D msm8974_platform: platform_split_snd_device: snd_device(195) num devices(0) new_snd_devices[0](0) ret=-22
06-16 15:52:58.439   745   785 D soundtrigger: audio HAL using same device 195 as ST
06-16 15:52:58.439   745   785 I soundtrigger: audio_extn_sound_trigger_update_device_status: device 0xc3 of type 1 for Event 0, with Raise=1
06-16 15:52:58.439   745   785 D sound_trigger_platform: platform_stdev_check_and_update_concurrency: Received DEVICE event, event type 0
06-16 15:52:58.439   745   785 D sound_trigger_platform: platform_stdev_check_and_update_concurrency: dedicated path 0, reset backend 1, tx 0, rx 0,concurrency session allowed
06-16 15:52:58.441  1373  1424 E AppOps  : Attribution not found: uid=1000 pkg=com.vuzix.speechrecognitionservice(null) op=RECORD_AUDIO
06-16 15:52:58.444   745  1501 D audio_hw_primary: adev_release_audio_patch: Remove patch with handle 39
06-16 15:52:58.444   745  1501 D audio_hw_primary: route_input_stream: exit: status(0)
06-16 15:52:58.446  1373  1386 I system_server: oneway function results will be dropped but finished with status OK and parcel size 4
06-16 15:52:58.448  1373  1424 I SoundTriggerMiddlewareLogging: setCaptureState[this=com.android.server.soundtrigger_middleware.SoundTriggerMiddlewareImpl@38ce48b, caller=1041/810](false)
06-16 15:52:58.458  3103  4545 D pal/stdout: StarRec_PAL_MutexDeInit(): pthread_mutex_destroy: EBUSY.
06-16 15:52:58.459  3103  4545 D pal/stdout: StarRec_PAL_MutexDeInit(): pthread_mutex_destroy: EDEADLK.
06-16 15:52:58.459  3103  4545 D pal/stdout: StarRec_PAL_MutexDeInit(): pthread_mutex_destroy: while: EBUSY.
06-16 15:52:58.460  3103  4545 D pal/stdout: StarRec_PAL_ThreadWait(): [DCC_NORMAL_0] thread with thread handle 0x0x7b37c16850 is closed.
06-16 15:52:58.462  1373  1424 I SoundTriggerMiddlewareLogging: setCaptureState[this=com.android.server.soundtrigger_middleware.SoundTriggerMiddlewareImpl@38ce48b, caller=1041/810](false)
06-16 15:52:58.463  1373  1425 I system_server: oneway function results will be dropped but finished with status OK and parcel size 4
06-16 15:52:58.463  1373  1425 I system_server: oneway function results will be dropped but finished with status OK and parcel size 4
06-16 15:52:58.463   745  1501 D audio_hw_primary: adev_close_input_stream: enter:stream_handle(0xeee46bb0)
06-16 15:52:58.463   745  1501 D audio_hw_primary: io_streams_map_remove: Removed stream with handle 342
06-16 15:52:58.463   745  1501 D soundtrigger: audio_extn_sound_trigger_check_ec_ref_enable: EC Reference is disabled
06-16 15:52:58.463   745  1501 D sound_trigger_hw: handle_audio_ec_ref_enabled: Enter
06-16 15:52:58.463   745  1501 D sound_trigger_hw: handle_audio_ec_ref_enabled: Exit audio ec ref=0
06-16 15:52:58.463   745  1501 D soundtrigger: audio_extn_sound_trigger_update_ec_ref_status: update audio echo ref status false
06-16 15:52:58.463   745  1501 D audio_hw_primary: in_standby: enter: stream (0xeee46bb0) usecase(23: audio-record)
06-16 15:52:58.466  1373  1425 I system_server: oneway function results will be dropped but finished with status OK and parcel size 4
06-16 15:52:58.467  3103  4545 D pal/stdout: StarRec_PAL_ThreadWait(): [ASR5_CFG] thread with thread handle 0x0x7b37c17f90 is closed.
06-16 15:52:58.468  3103  4545 D pal/stdout: StarRec_PAL_ThreadWait(): [ASR5_FatalListener] thread with thread handle 0x0x7b37c1ba10 is closed.
06-16 15:52:58.468  3103  4545 D pal/stdout: StarRec_PAL_ThreadWait(): [ASR5_Dispatcher] thread with thread handle 0x0x7b37c1a5d0 is closed.
06-16 15:52:58.469  3103  4545 D pal/stdout: StarRec_PAL_ThreadWait(): [ASR5_Worker0] thread with thread handle 0x0x7b37c1ac90 is closed.
06-16 15:52:58.469  3103  4545 D pal/stdout: StarRec_PAL_ThreadWait(): [ASR5_Worker1] thread with thread handle 0x0x7b37c1bf50 is closed.
06-16 15:52:58.469  3103  4545 D pal/stdout: StarRec_PAL_ThreadWait(): [ASR5_Worker2] thread with thread handle 0x0x7b37c1d450 is closed.
06-16 15:52:58.469  3103  4545 D pal/stdout: StarRec_PAL_ThreadWait(): [ASR5_Worker3] thread with thread handle 0x0x7b37c18650 is closed.
06-16 15:52:58.549  3103  4566 I pal/stdout: StarRec_PAL_ThreadInit(): [ASR5_CFG] initial priority level THREAD_PRIO_NORMAL.
06-16 15:52:58.549  3103  4566 I pal/stdout: StarRec_PAL_ThreadCreate(): [ASR5_CFG] DEFAULT SETTING: invert nice value [3 -> 3].
06-16 15:52:58.549  3103  4566 I pal/stdout: StarRec_PAL_ThreadCreate(): [ASR5_CFG] DEFAULT SETTING: policy [SCHED_OTHER], prio: default [0] + handed-over [3] + 1 = calculated [4].
06-16 15:52:58.549  3103  4566 I pal/stdout: StarRec_PAL_ThreadCreate(): [ASR5_CFG] THREAD CREATED: Policy [0,SCHED_OTHER,OTHER], prio: handed-over [3], final nice,prio [4,0], min [0], max [0]. 
06-16 15:52:58.549  3103  4567 I pal/stdout: fpThreadRoutine_setThreadName(): [ASR5_CFG] ok -> set/getpriority (4)/(4) - hdl [-1725813568] ID [4567].
06-16 15:52:58.549  3103  4567 I pal/stdout: sMainWrapper_PrintPrio(): 
06-16 15:52:58.549  3103  4567 I pal/stdout: 	 pid 4567's priority: 4, name: ASR5_CFG
06-16 15:52:58.549  3103  4567 I pal/stdout: sMainWrapper_PrintPrio(): 	 scheduling class: 
06-16 15:52:58.549  3103  4567 I pal/stdout: sMainWrapper_PrintPrio(): 	 OTHER / Normal 
06-16 15:52:58.549  3103  4567 I pal/stdout: sMainWrapper_PrintPrio(): 	 RT prio: 0 (of 0 to 0)
06-16 15:52:58.550  3103  4566 I pal/stdout: StarRec_PAL_ThreadInit(): [ASR5_Worker0] initial priority level THREAD_PRIO_NORMAL.
06-16 15:52:58.550  3103  4566 I pal/stdout: StarRec_PAL_ThreadCreate(): [ASR5_Worker0] DEFAULT SETTING: invert nice value [3 -> 3].
06-16 15:52:58.550  3103  4566 I pal/stdout: StarRec_PAL_ThreadCreate(): [ASR5_Worker0] DEFAULT SETTING: policy [SCHED_OTHER], prio: default [0] + handed-over [3] + 1 = calculated [4].
06-16 15:52:58.550  3103  4566 I pal/stdout: StarRec_PAL_ThreadCreate(): [ASR5_Worker0] THREAD CREATED: Policy [0,SCHED_OTHER,OTHER], prio: handed-over [3], final nice,prio [4,0], min [0], max [0]. 
06-16 15:52:58.550  3103  4566 I pal/stdout: StarRec_PAL_ThreadInit(): [ASR5_Worker1] initial priority level THREAD_PRIO_NORMAL.
06-16 15:52:58.550  3103  4566 I pal/stdout: StarRec_PAL_ThreadCreate(): [ASR5_Worker1] DEFAULT SETTING: invert nice value [3 -> 3].
06-16 15:52:58.550  3103  4566 I pal/stdout: StarRec_PAL_ThreadCreate(): [ASR5_Worker1] DEFAULT SETTING: policy [SCHED_OTHER], prio: default [0] + handed-over [3] + 1 = calculated [4].
06-16 15:52:58.550  3103  4566 I pal/stdout: StarRec_PAL_ThreadCreate(): [ASR5_Worker1] THREAD CREATED: Policy [0,SCHED_OTHER,OTHER], prio: handed-over [3], final nice,prio [4,0], min [0], max [0]. 
06-16 15:52:58.550  3103  4568 I pal/stdout: fpThreadRoutine_setThreadName(): [ASR5_Worker0] ok -> set/getpriority (4)/(4) - hdl [-1727116096] ID [4568].
06-16 15:52:58.550  3103  4568 I pal/stdout: sMainWrapper_PrintPrio(): 
06-16 15:52:58.550  3103  4568 I pal/stdout: 	 pid 4568's priority: 4, name: ASR5_Worker0
06-16 15:52:58.550  3103  4569 I pal/stdout: fpThreadRoutine_setThreadName(): [ASR5_Worker1] ok -> set/getpriority (4)/(4) - hdl [-1762976576] ID [4569].
06-16 15:52:58.551  3103  4569 I pal/stdout: sMainWrapper_PrintPrio(): 
06-16 15:52:58.551  3103  4569 I pal/stdout: 	 pid 4569's priority: 4, name: ASR5_Worker1
06-16 15:52:58.551  3103  4569 I pal/stdout: sMainWrapper_PrintPrio(): 	 scheduling class: 
06-16 15:52:58.551  3103  4569 I pal/stdout: sMainWrapper_PrintPrio(): 	 OTHER / Normal 
06-16 15:52:58.551  3103  4569 I pal/stdout: sMainWrapper_PrintPrio(): 	 RT prio: 0 (of 0 to 0)
06-16 15:52:58.551  3103  4566 I pal/stdout: StarRec_PAL_ThreadInit(): [ASR5_Worker2] initial priority level THREAD_PRIO_NORMAL.
06-16 15:52:58.551  3103  4566 I pal/stdout: StarRec_PAL_ThreadCreate(): [ASR5_Worker2] DEFAULT SETTING: invert nice value [3 -> 3].
06-16 15:52:58.551  3103  4566 I pal/stdout: StarRec_PAL_ThreadCreate(): [ASR5_Worker2] DEFAULT SETTING: policy [SCHED_OTHER], prio: default [0] + handed-over [3] + 1 = calculated [4].
06-16 15:52:58.551  3103  4568 I pal/stdout: sMainWrapper_PrintPrio(): 	 scheduling class: 
06-16 15:52:58.551  3103  4568 I pal/stdout: sMainWrapper_PrintPrio(): 	 OTHER / Normal 
06-16 15:52:58.551  3103  4568 I pal/stdout: sMainWrapper_PrintPrio(): 	 RT prio: 0 (of 0 to 0)
06-16 15:52:58.551  3103  4566 I pal/stdout: StarRec_PAL_ThreadCreate(): [ASR5_Worker2] THREAD CREATED: Policy [0,SCHED_OTHER,OTHER], prio: handed-over [3], final nice,prio [4,0], min [0], max [0]. 
06-16 15:52:58.551  3103  4566 I pal/stdout: StarRec_PAL_ThreadInit(): [ASR5_Worker3] initial priority level THREAD_PRIO_NORMAL.
06-16 15:52:58.551  3103  4566 I pal/stdout: StarRec_PAL_ThreadCreate(): [ASR5_Worker3] DEFAULT SETTING: invert nice value [3 -> 3].
06-16 15:52:58.551  3103  4566 I pal/stdout: StarRec_PAL_ThreadCreate(): [ASR5_Worker3] DEFAULT SETTING: policy [SCHED_OTHER], prio: default [0] + handed-over [3] + 1 = calculated [4].
06-16 15:52:58.551  3103  4566 I pal/stdout: StarRec_PAL_ThreadCreate(): [ASR5_Worker3] THREAD CREATED: Policy [0,SCHED_OTHER,OTHER], prio: handed-over [3], final nice,prio [4,0], min [0], max [0]. 
06-16 15:52:58.551  3103  4566 I pal/stdout: StarRec_PAL_ThreadInit(): [ASR5_Dispatcher] initial priority level THREAD_PRIO_NORMAL.
06-16 15:52:58.551  3103  4566 I pal/stdout: StarRec_PAL_ThreadCreate(): [ASR5_Dispatcher] DEFAULT SETTING: invert nice value [3 -> 3].
06-16 15:52:58.551  3103  4566 I pal/stdout: StarRec_PAL_ThreadCreate(): [ASR5_Dispatcher] DEFAULT SETTING: policy [SCHED_OTHER], prio: default [0] + handed-over [3] + 1 = calculated [4].
06-16 15:52:58.551  3103  4571 I pal/stdout: fpThreadRoutine_setThreadName(): [ASR5_Worker3] ok -> set/getpriority (4)/(4) - hdl [-1765057344] ID [4571].
06-16 15:52:58.551  3103  4572 I pal/stdout: fpThreadRoutine_setThreadName(): [ASR5_Dispatcher] ok -> set/getpriority (4)/(4) - hdl [-1766097728] ID [4572].
06-16 15:52:58.551  3103  4572 I pal/stdout: sMainWrapper_PrintPrio(): 
06-16 15:52:58.551  3103  4572 I pal/stdout: 	 pid 4572's priority: 4, name: ASR5_Dispatcher
06-16 15:52:58.551  3103  4571 I pal/stdout: sMainWrapper_PrintPrio(): 
06-16 15:52:58.551  3103  4571 I pal/stdout: 	 pid 4571's priority: 4, name: ASR5_Worker3
06-16 15:52:58.551  3103  4571 I pal/stdout: sMainWrapper_PrintPrio(): 	 scheduling class: 
06-16 15:52:58.551  3103  4571 I pal/stdout: sMainWrapper_PrintPrio(): 	 OTHER / Normal 
06-16 15:52:58.551  3103  4571 I pal/stdout: sMainWrapper_PrintPrio(): 	 RT prio: 0 (of 0 to 0)
06-16 15:52:58.551  3103  4566 I pal/stdout: StarRec_PAL_ThreadCreate(): [ASR5_Dispatcher] THREAD CREATED: Policy [0,SCHED_OTHER,OTHER], prio: handed-over [3], final nice,prio [4,0], min [0], max [0]. 
06-16 15:52:58.552  3103  4566 I pal/stdout: StarRec_PAL_ThreadInit(): [ASR5_FatalListener] initial priority level THREAD_PRIO_NORMAL.
06-16 15:52:58.552  3103  4566 I pal/stdout: StarRec_PAL_ThreadCreate(): [ASR5_FatalListener] DEFAULT SETTING: invert nice value [3 -> 3].
06-16 15:52:58.552  3103  4566 I pal/stdout: StarRec_PAL_ThreadCreate(): [ASR5_FatalListener] DEFAULT SETTING: policy [SCHED_OTHER], prio: default [0] + handed-over [3] + 1 = calculated [4].
06-16 15:52:58.552  3103  4566 I pal/stdout: StarRec_PAL_ThreadCreate(): [ASR5_FatalListener] THREAD CREATED: Policy [0,SCHED_OTHER,OTHER], prio: handed-over [3], final nice,prio [4,0], min [0], max [0]. 
06-16 15:52:58.552  3103  4573 I pal/stdout: fpThreadRoutine_setThreadName(): [ASR5_FatalListener] ok -> set/getpriority (4)/(4) - hdl [-1767138112] ID [4573].
06-16 15:52:58.552  3103  4573 I pal/stdout: sMainWrapper_PrintPrio(): 
06-16 15:52:58.552  3103  4573 I pal/stdout: 	 pid 4573's priority: 4, name: ASR5_FatalListener
06-16 15:52:58.552  3103  4573 I pal/stdout: sMainWrapper_PrintPrio(): 	 scheduling class: 
06-16 15:52:58.552  3103  4573 I pal/stdout: sMainWrapper_PrintPrio(): 	 OTHER / Normal 
06-16 15:52:58.552  3103  4573 I pal/stdout: sMainWrapper_PrintPrio(): 	 RT prio: 0 (of 0 to 0)
06-16 15:52:58.552  3103  4572 I pal/stdout: sMainWrapper_PrintPrio(): 	 scheduling class: 
06-16 15:52:58.552  3103  4572 I pal/stdout: sMainWrapper_PrintPrio(): 	 OTHER / Normal 
06-16 15:52:58.552  3103  4572 I pal/stdout: sMainWrapper_PrintPrio(): 	 RT prio: 0 (of 0 to 0)
06-16 15:52:58.552  3103  4570 I pal/stdout: fpThreadRoutine_setThreadName(): [ASR5_Worker2] ok -> set/getpriority (4)/(4) - hdl [-1764016960] ID [4570].
06-16 15:52:58.552  3103  4570 I pal/stdout: sMainWrapper_PrintPrio(): 
06-16 15:52:58.552  3103  4570 I pal/stdout: 	 pid 4570's priority: 4, name: ASR5_Worker2
06-16 15:52:58.552  3103  4570 I pal/stdout: sMainWrapper_PrintPrio(): 	 scheduling class: 
06-16 15:52:58.552  3103  4570 I pal/stdout: sMainWrapper_PrintPrio(): 	 OTHER / Normal 
06-16 15:52:58.552  3103  4570 I pal/stdout: sMainWrapper_PrintPrio(): 	 RT prio: 0 (of 0 to 0)
06-16 15:52:58.586  3103  4566 I pal/stdout: StarRec_PAL_ThreadInit(): [DCC_CREATION_0] initial priority level THREAD_PRIO_NORMAL.
06-16 15:52:58.586  3103  4566 I pal/stdout: StarRec_PAL_ThreadCreate(): [DCC_CREATION_0] DEFAULT SETTING: invert nice value [3 -> 3].
06-16 15:52:58.586  3103  4566 I pal/stdout: StarRec_PAL_ThreadCreate(): [DCC_CREATION_0] DEFAULT SETTING: policy [SCHED_OTHER], prio: default [0] + handed-over [3] + 1 = calculated [4].
06-16 15:52:58.586  3103  4566 I pal/stdout: StarRec_PAL_ThreadCreate(): [DCC_CREATION_0] THREAD CREATED: Policy [0,SCHED_OTHER,OTHER], prio: handed-over [3], final nice,prio [4,0], min [0], max [0]. 
06-16 15:52:58.587  3103  4575 I pal/stdout: fpThreadRoutine_setThreadName(): [DCC_CREATION_0] ok -> set/getpriority (4)/(4) - hdl [1011920064] ID [4575].
06-16 15:52:58.587  3103  4575 I pal/stdout: sMainWrapper_PrintPrio(): 
06-16 15:52:58.587  3103  4575 I pal/stdout: 	 pid 4575's priority: 4, name: DCC_CREATION_0
06-16 15:52:58.587  3103  4575 I pal/stdout: sMainWrapper_PrintPrio(): 	 scheduling class: 
06-16 15:52:58.587  3103  4575 I pal/stdout: sMainWrapper_PrintPrio(): 	 OTHER / Normal 
06-16 15:52:58.587  3103  4575 I pal/stdout: sMainWrapper_PrintPrio(): 	 RT prio: 0 (of 0 to 0)
06-16 15:52:58.587  3103  4575 I DCCListener: DCC event: DCC_CREATION_STARTED ()
06-16 15:52:58.589  3103  4575 I DCCListener: DCC event: DCC_DATA_ID ()
06-16 15:52:58.589  3103  4575 I DCCListener: DCC event: DCC_WITH_N_ENTRIES (59)
06-16 15:52:58.589  3103  4575 I DCCListener: DCC event: DCC_CREATION_FINISHED ()
06-16 15:52:58.590   745  1501 D audio_hw_primary: adev_open_input_stream: enter: sample_rate(16000) channel_mask(0x10) devices(0x80000004)        stream_handle(0xeee446f0) io_handle(350) source(6) format 1
06-16 15:52:58.591   745  1501 D audio_hw_primary: io_streams_map_insert: Added stream in io_streams_map with handle 350
06-16 15:52:58.591   745  1501 E device_utils: update_device_list: Invalid device: 0
06-16 15:52:58.592   810  4577 I AudioFlinger: AudioFlinger's thread 0x7bc9069040 tid=4577 ready to run
06-16 15:52:58.592   745  1501 D audio_hw_primary: in_standby: enter: stream (0xeee446f0) usecase(23: audio-record)
06-16 15:52:58.595  3103  4566 I pal/stdout: StarRec_PAL_ThreadInit(): [DCC_NORMAL_0] initial priority level THREAD_PRIO_NORMAL.
06-16 15:52:58.595  3103  4566 I pal/stdout: StarRec_PAL_ThreadCreate(): [DCC_NORMAL_0] DEFAULT SETTING: invert nice value [3 -> 3].
06-16 15:52:58.595  3103  4566 I pal/stdout: StarRec_PAL_ThreadCreate(): [DCC_NORMAL_0] DEFAULT SETTING: policy [SCHED_OTHER], prio: default [0] + handed-over [3] + 1 = calculated [4].
06-16 15:52:58.595  3103  4566 I pal/stdout: StarRec_PAL_ThreadCreate(): [DCC_NORMAL_0] THREAD CREATED: Policy [0,SCHED_OTHER,OTHER], prio: handed-over [3], final nice,prio [4,0], min [0], max [0]. 
06-16 15:52:58.595  3103  4566 I AsrConfiguration: Add app: VuzixApp-en
06-16 15:52:58.595  3103  4578 I pal/stdout: fpThreadRoutine_setThreadName(): [DCC_NORMAL_0] ok -> set/getpriority (4)/(4) - hdl [789159104] ID [4578].
06-16 15:52:58.595  3103  4578 I pal/stdout: sMainWrapper_PrintPrio(): 
06-16 15:52:58.595  3103  4578 I pal/stdout: 	 pid 4578's priority: 4, name: DCC_NORMAL_0
06-16 15:52:58.595  3103  4578 I pal/stdout: sMainWrapper_PrintPrio(): 	 scheduling class: 
06-16 15:52:58.595  3103  4578 I pal/stdout: sMainWrapper_PrintPrio(): 	 OTHER / Normal 
06-16 15:52:58.596  3103  4578 I pal/stdout: sMainWrapper_PrintPrio(): 	 RT prio: 0 (of 0 to 0)
06-16 15:52:58.596  3103  4578 D pal/stdout: StarRec_PAL_ThreadWait(): [DCC_CREATION_0] thread with thread handle 0x0x7b37c19850 is closed.
06-16 15:52:58.598  3103  4578 I DCCListener: DCC event: DCC_DATA_PREPARATION_STARTED ()
06-16 15:52:58.601  1373  2576 I system_server: oneway function results will be dropped but finished with status OK and parcel size 4
06-16 15:52:58.602   745  1501 D audio_hw_primary: in_standby: enter: stream (0xeee446f0) usecase(23: audio-record)
06-16 15:52:58.603  1373  2576 I system_server: oneway function results will be dropped but finished with status OK and parcel size 4
06-16 15:52:58.604  1373  2576 I system_server: oneway function results will be dropped but finished with status OK and parcel size 4
06-16 15:52:58.613  3103  3103 D VzxSrSpeechRecognitionService: Icon IconStatusSleep
06-16 15:52:58.615   745  1501 D audio_hw_primary: adev_create_audio_patch: enter: num sources 1, num_sinks 1, handle 0
06-16 15:52:58.615   745  1501 D audio_hw_primary: adev_create_audio_patch: Capture patch from device 80000004 to mix 350
06-16 15:52:58.615   745  1501 D audio_hw_primary: update_patch: enter
06-16 15:52:58.615   745  1501 D audio_hw_primary: route_input_stream: exit: status(0)
06-16 15:52:58.615   745  1501 D audio_hw_primary: adev_create_audio_patch: Added a new patch with handle 40
06-16 15:52:58.615  1373  1425 I system_server: oneway function results will be dropped but finished with status OK and parcel size 4
06-16 15:52:58.616   745   785 E device_utils: update_device_list: Invalid device: 0
06-16 15:52:58.616  1373  1425 I system_server: oneway function results will be dropped but finished with status OK and parcel size 4
06-16 15:52:58.619  1373  1425 I SoundTriggerMiddlewareLogging: setCaptureState[this=com.android.server.soundtrigger_middleware.SoundTriggerMiddlewareImpl@38ce48b, caller=1041/810](true)
06-16 15:52:58.620   745  1501 E FMQ     : grantorIdx must be less than 3
06-16 15:52:58.620   745  1501 E FMQ     : grantorIdx must be less than 3
06-16 15:52:58.620   810  4577 E FMQ     : grantorIdx must be less than 3
06-16 15:52:58.620   810  4577 E FMQ     : grantorIdx must be less than 3
06-16 15:52:58.621   745  4580 D audio_hw_primary: start_input_stream: enter: stream(0xeee446f0)usecase(23: audio-record), source 6
06-16 15:52:58.621   745  4580 D audio_hw_primary: select_devices for use case (audio-record)
06-16 15:52:58.621   745  4580 I msm8974_platform: platform_check_and_set_capture_codec_backend_cfg:txbecf: afe: bitwidth 16, samplerate 16000, channel 1 format 1, backend_idx 8 usecase = 23 device (voice-rec-mic)
06-16 15:52:58.621   745  4580 I msm8974_platform: platform_check_capture_codec_backend_cfg:txbecf: afe: Codec selected backend: 8 current bit width: 16 and sample rate: 16000, channels 1 format 1
06-16 15:52:58.621   745  4580 I msm8974_platform: platform_check_capture_codec_backend_cfg:txbecf: afe: current backend bit_width 16 sample_rate 48000 channels 1, format 0
06-16 15:52:58.621   745  4580 I msm8974_platform: platform_check_capture_codec_backend_cfg:txbecf: afe: Codec backend needs to be updated. new bit width: 16 new sample rate: 48000 new channel: 1 new format: 1
06-16 15:52:58.621   745  4580 I msm8974_platform: platform_set_codec_backend_cfg:becf: afe: bitwidth 16, samplerate 48000 channels 1 format 1, backend_idx 8 device (voice-rec-mic)
06-16 15:52:58.621   745  4580 D audio_hw_primary: check_usecases_capture_codec_backend:becf: force routing 0
06-16 15:52:58.621   745  4580 E audio_hw_primary: enable_snd_device: addcheck2 other record usecase's dev
06-16 15:52:58.621   745  4580 D hardware_info: hw_info_append_hw_type : device_name = voice-rec-mic
06-16 15:52:58.621   745  4580 D audio_hw_primary: enable_snd_device: snd_device(195: current(before increase) ref_cnt 0)
06-16 15:52:58.621   745  4580 D msm8974_platform: platform_split_snd_device: snd_device(195) num devices(0) new_snd_devices[0](0) ret=-22
06-16 15:52:58.621   745  4580 D audio_hw_primary: enable_snd_device: snd_device(195: voice-rec-mic)
06-16 15:52:58.621   745  4580 D msm8974_platform: platform_get_island_cfg_on_device:island cfg status on snd_device = (voice-rec-mic 0)
06-16 15:52:58.621   745  4580 D soundtrigger: audio HAL using same device 195 as ST
06-16 15:52:58.621   745  4580 I soundtrigger: audio_extn_sound_trigger_update_device_status: device 0xc3 of type 1 for Event 1, with Raise=1
06-16 15:52:58.621   745  4580 D sound_trigger_platform: platform_stdev_check_and_update_concurrency: Received DEVICE event, event type 1
06-16 15:52:58.621   745  4580 D sound_trigger_platform: platform_stdev_check_and_update_concurrency: dedicated path 0, reset backend 1, tx 1, rx 0,concurrency session not allowed
06-16 15:52:58.621   745  4580 D audio_route: Apply path: voice-rec-mic
06-16 15:52:58.623   745  4580 D soundtrigger: audio HAL using same device 195 as ST
06-16 15:52:58.623   745  4580 D soundtrigger: audio_extn_sound_trigger_update_stream_status: uc_info->id 23 of type 1 for Event 3, with Raise=1
06-16 15:52:58.623   745  4580 D soundtrigger: audio_extn_sound_trigger_update_stream_status: send event 13: usecase id 23, type 1
06-16 15:52:58.623   745  4580 I sound_trigger_platform: platform_stdev_check_and_update_concurrency: Received STREAM event, event type 13, usecase type 1
06-16 15:52:58.623   745  4580 D sound_trigger_platform: platform_stdev_check_and_update_concurrency: dedicated path 0, reset backend 1, tx 1, rx 0,concurrency session not allowed
06-16 15:52:58.623   745  4580 D audio_hw_utils: audio_extn_utils_send_app_type_cfg: usecase->in_snd_device voice-rec-mic
06-16 15:52:58.623   745  4580 D msm8974_platform: platform_split_snd_device: snd_device(195) num devices(0) new_snd_devices[0](0) ret=-22
06-16 15:52:58.623   745  4580 D msm8974_platform: platform_get_snd_device_backend_index: device 195 is hw_interface_name INT3_MI2S_TX is be_dai_id=152
06-16 15:52:58.623   745  4580 D audio_hw_utils: audio_extn_btsco_get_sample_rate:Not a BT SCO device, need not update sampling rate
06-16 15:52:58.623   745  4580 I audio_hw_utils: send_app_type_cfg_for_device CAPTURE app_type 69938, acdb_dev_id 11, sample_rate 16000, snd_device_be_idx 152
06-16 15:52:58.623   745  4580 D msm8974_platform: platform_split_snd_device: snd_device(195) num devices(1) new_snd_devices[0](0) ret=-22
06-16 15:52:58.623   745  4580 D audio_hw_utils: audio_extn_btsco_get_sample_rate:Not a BT SCO device, need not update sampling rate
06-16 15:52:58.623   745  4580 D ACDB-LOADER: ACDB -> send_audio_cal, acdb_id = 11, path = 1, app id = 0x11132, sample rate = 16000, afe_sample_rate = 48000
06-16 15:52:58.623   745  4580 D ACDB-LOADER: ACDB -> send_asm_topology
06-16 15:52:58.623   745  4580 D ACDB-LOADER: ACDB -> ACDB_CMD_GET_AUDPROC_STREAM_TOPOLOGY_ID
06-16 15:52:58.624   745  4580 D ACDB-LOADER: ACDB -> send_adm_topology
06-16 15:52:58.624   745  4580 D ACDB-LOADER: ACDB -> ACDB_CMD_GET_AUDPROC_COMMON_TOPOLOGY_ID
06-16 15:52:58.624   745  4580 D ACDB-LOADER: ACDB -> send_audtable
06-16 15:52:58.624   745  4580 D ACDB-LOADER: ACDB -> ACDB_CMD_GET_AUDPROC_COMMON_TABLE_SIZE
06-16 15:52:58.624   745  4580 D ACDB-LOADER: ACDB -> ACDB_CMD_GET_AUDPROC_COMMON_TABLE
06-16 15:52:58.624   745  4580 D ACDB-LOADER: ACDB -> AUDIO_SET_AUDPROC_CAL cal_type[11] acdb_id[11] app_type[69938]
06-16 15:52:58.624   745  4580 D ACDB-LOADER: ACDB -> ACDB_CMD_GET_AUDPROC_STREAM_TABLE_SIZE
06-16 15:52:58.624   745  4580 D ACDB-LOADER: ACDB -> send_audstrmtable
06-16 15:52:58.624   745  4580 D ACDB-LOADER: ACDB -> ACDB_CMD_GET_AUDPROC_STREAM_TABLE_V2
06-16 15:52:58.624   745  4580 D ACDB-LOADER: ACDB -> audstrm_cal->cal_type.cal_data.cal_size = 16
06-16 15:52:58.624   745  4580 D ACDB-LOADER: ACDB -> send_afe_topology
06-16 15:52:58.624   745  4580 D ACDB-LOADER: ACDB -> ACDB_CMD_GET_AFE_TOPOLOGY_ID
06-16 15:52:58.624   745  4580 D ACDB-LOADER: ACDB -> GET_AFE_TOPOLOGY_ID for adcd_id 11, Topology Id 112fb
06-16 15:52:58.624   745  4580 D ACDB-LOADER: ACDB -> send_afe_cal
06-16 15:52:58.624   745  4580 D ACDB-LOADER: ACDB -> ACDB_CMD_GET_AFE_COMMON_TABLE_SIZE
06-16 15:52:58.624   745  4580 D android.hardware.audio.service: Failed to fetch the lookup information of the device 000018EB 11
06-16 15:52:58.624   745  4580 D ACDB-LOADER: Error: ACDB_CMD_GET_AFE_COMMON_TABLE_SIZE Returned = -19
06-16 15:52:58.624   745  4580 D ACDB-LOADER: ACDB -> ACDB_CMD_GET_AFE_COMMON_TABLE
06-16 15:52:58.624   745  4580 D android.hardware.audio.service: Failed to fetch the lookup information of the device 000018EB 11
06-16 15:52:58.624   745  4580 D ACDB-LOADER: Error: ACDB AFE returned = -19
06-16 15:52:58.624   745  4580 D ACDB-LOADER: ACDB -> AUDIO_SET_AFE_CAL cal_type[17] acdb_id[11]
06-16 15:52:58.624   745  4580 D ACDB-LOADER: ACDB -> send_hw_delay : acdb_id = 11 path = 1
06-16 15:52:58.624   745  4580 D ACDB-LOADER: ACDB -> ACDB_AVSYNC_INFO: ACDB_CMD_GET_DEVICE_PROPERTY
06-16 15:52:58.624   745  4580 D audio_hw_primary: enable_audio_route: apply mixer and update path: audio-record
06-16 15:52:58.624   745  4580 D audio_route: Apply path: audio-record
06-16 15:52:58.627   745  4580 D audio_hw_primary: select_devices: done
06-16 15:52:58.633  3103  4578 I ContentValuesIterator: DCC item: CustomPhrase_Ortho->hello view-zix
06-16 15:52:58.635  3103  4578 I ContentValuesIterator: DCC item: CustomPhrase_Ortho->Voice off
06-16 15:52:58.637  3103  4578 I ContentValuesIterator: DCC item: CustomPhrase_Ortho->Please enter evaluation mode
06-16 15:52:58.639  3103  4578 I ContentValuesIterator: DCC item: CustomPhrase_Ortho->Please exit evaluation mode
06-16 15:52:58.641  3103  4578 I ContentValuesIterator: DCC item: CustomPhrase_Ortho->Speech settings
06-16 15:52:58.643  3103  4578 I ContentValuesIterator: DCC item: CustomPhrase_Ortho->Speech commands
06-16 15:52:58.645  3103  4578 I ContentValuesIterator: DCC item: CustomPhrase_Ortho->Command list
06-16 15:52:58.647  3103  4578 I ContentValuesIterator: DCC item: CustomPhrase_Ortho->Torch on
06-16 15:52:58.648  3103  4578 I ContentValuesIterator: DCC item: CustomPhrase_Ortho->Flashlight on
06-16 15:52:58.650  3103  4578 I ContentValuesIterator: DCC item: CustomPhrase_Ortho->Torch off
06-16 15:52:58.651  3103  4578 I ContentValuesIterator: DCC item: CustomPhrase_Ortho->Flashlight off
06-16 15:52:58.652  3103  4578 I ContentValuesIterator: DCC item: CustomPhrase_Ortho->Go to sleep
06-16 15:52:58.653  1373  1424 I system_server: oneway function results will be dropped but finished with status OK and parcel size 4
06-16 15:52:58.653   810  1209 W APM::AudioPolicyEngine: getDevicesForStrategy() unknown strategy: -1
06-16 15:52:58.654  3103  4578 I ContentValuesIterator: DCC item: CustomPhrase_Ortho->View notifications
06-16 15:52:58.656   745  4580 D audio_hw_primary: start_input_stream: exit
06-16 15:52:58.656  3103  4578 I ContentValuesIterator: DCC item: CustomPhrase_Ortho->Open notifications
06-16 15:52:58.657  3103  4578 I ContentValuesIterator: DCC item: CustomPhrase_Ortho->Take a picture
06-16 15:52:58.659  3103  4578 I ContentValuesIterator: DCC item: CustomPhrase_Ortho->Start recording
06-16 15:52:58.661  3103  4578 I ContentValuesIterator: DCC item: CustomPhrase_Ortho->Take a video
06-16 15:52:58.663  3103  4578 I ContentValuesIterator: DCC item: CustomPhrase_Ortho->Okay
06-16 15:52:58.664  3103  4578 I ContentValuesIterator: DCC item: CustomPhrase_Ortho->Open
06-16 15:52:58.665  3103  4578 I ContentValuesIterator: DCC item: CustomPhrase_Ortho->Confirm
06-16 15:52:58.666  3103  4578 I ContentValuesIterator: DCC item: CustomPhrase_Ortho->Select this
06-16 15:52:58.667  3103  4578 I ContentValuesIterator: DCC item: CustomPhrase_Ortho->Pick this
06-16 15:52:58.668  3103  4578 I ContentValuesIterator: DCC item: CustomPhrase_Ortho->Move left
06-16 15:52:58.669  3103  4578 I ContentValuesIterator: DCC item: CustomPhrase_Ortho->Go left
06-16 15:52:58.670  3103  4578 I ContentValuesIterator: DCC item: CustomPhrase_Ortho->Scroll left
06-16 15:52:58.672  3103  4578 I ContentValuesIterator: DCC item: CustomPhrase_Ortho->Move right
06-16 15:52:58.673  3103  4578 I ContentValuesIterator: DCC item: CustomPhrase_Ortho->Go right
06-16 15:52:58.674  3103  4578 I ContentValuesIterator: DCC item: CustomPhrase_Ortho->Scroll right
06-16 15:52:58.675  3103  4578 I ContentValuesIterator: DCC item: CustomPhrase_Ortho->Move up
06-16 15:52:58.676  3103  4578 I ContentValuesIterator: DCC item: CustomPhrase_Ortho->Go up
06-16 15:52:58.678  3103  4578 I ContentValuesIterator: DCC item: CustomPhrase_Ortho->Scroll up
06-16 15:52:58.679  3103  4578 I ContentValuesIterator: DCC item: CustomPhrase_Ortho->Move down
06-16 15:52:58.680  3103  4578 I ContentValuesIterator: DCC item: CustomPhrase_Ortho->Go down
06-16 15:52:58.682  3103  4578 I ContentValuesIterator: DCC item: CustomPhrase_Ortho->Scroll down
06-16 15:52:58.683  3103  4578 I ContentValuesIterator: DCC item: CustomPhrase_Ortho->Go back
06-16 15:52:58.685  3103  4578 I ContentValuesIterator: DCC item: CustomPhrase_Ortho->Close
06-16 15:52:58.686  3103  4578 I ContentValuesIterator: DCC item: CustomPhrase_Ortho->Cancel
06-16 15:52:58.686  3103  4578 I ContentValuesIterator: DCC item: CustomPhrase_Ortho->Go home
06-16 15:52:58.687  3103  4578 I ContentValuesIterator: DCC item: CustomPhrase_Ortho->Quit
06-16 15:52:58.688  3103  4578 I ContentValuesIterator: DCC item: CustomPhrase_Ortho->Show menu
06-16 15:52:58.689  3103  4578 I ContentValuesIterator: DCC item: CustomPhrase_Ortho->Page down
06-16 15:52:58.690  3103  4578 I ContentValuesIterator: DCC item: CustomPhrase_Ortho->Page up
06-16 15:52:58.692  3103  4578 I ContentValuesIterator: DCC item: CustomPhrase_Ortho->Volume down
06-16 15:52:58.693  3103  4578 I ContentValuesIterator: DCC item: CustomPhrase_Ortho->Volume up
06-16 15:52:58.694  3103  4578 I ContentValuesIterator: DCC item: CustomPhrase_Ortho->Stop
06-16 15:52:58.696  3103  4578 I ContentValuesIterator: DCC item: CustomPhrase_Ortho->1
06-16 15:52:58.697  3103  4578 I ContentValuesIterator: DCC item: CustomPhrase_Ortho->2
06-16 15:52:58.697  3103  4578 I ContentValuesIterator: DCC item: CustomPhrase_Ortho->3
06-16 15:52:58.698  3103  4578 I ContentValuesIterator: DCC item: CustomPhrase_Ortho->4
06-16 15:52:58.699  3103  4578 I ContentValuesIterator: DCC item: CustomPhrase_Ortho->5
06-16 15:52:58.700  3103  4578 I ContentValuesIterator: DCC item: CustomPhrase_Ortho->6
06-16 15:52:58.701  3103  4578 I ContentValuesIterator: DCC item: CustomPhrase_Ortho->7
06-16 15:52:58.701  3103  4578 I ContentValuesIterator: DCC item: CustomPhrase_Ortho->8
06-16 15:52:58.702  3103  4578 I ContentValuesIterator: DCC item: CustomPhrase_Ortho->9
06-16 15:52:58.703  3103  4578 I ContentValuesIterator: DCC item: CustomPhrase_Ortho->10
06-16 15:52:58.704  3103  4578 I ContentValuesIterator: DCC item: CustomPhrase_Ortho->11
06-16 15:52:58.704  3103  4578 I ContentValuesIterator: DCC item: CustomPhrase_Ortho->12
06-16 15:52:58.705  3103  4578 I ContentValuesIterator: DCC item: CustomPhrase_Ortho->13
06-16 15:52:58.706  3103  4578 I ContentValuesIterator: DCC item: CustomPhrase_Ortho->14
06-16 15:52:58.707  3103  4578 I ContentValuesIterator: DCC item: CustomPhrase_Ortho->15
06-16 15:52:58.707  3103  4578 I ContentValuesIterator: DCC item: CustomPhrase_Ortho->16
06-16 15:52:58.708  3103  4578 I ContentValuesIterator: DCC item: CustomPhrase_Ortho->17
06-16 15:52:58.709  3103  4578 I ContentValuesIterator: DCC item: CustomPhrase_Ortho->18
06-16 15:52:58.710  3103  4578 I ContentValuesIterator: DCC item: CustomPhrase_Ortho->19
06-16 15:52:58.711  3103  4578 I ContentValuesIterator: DCC item: CustomPhrase_Ortho->20
06-16 15:52:58.712  3103  4578 I ContentValuesIterator: DCC item: CustomPhrase_Ortho->21
06-16 15:52:58.713  3103  4578 I ContentValuesIterator: DCC item: CustomPhrase_Ortho->22
06-16 15:52:58.715  3103  4578 I ContentValuesIterator: DCC item: CustomPhrase_Ortho->23
06-16 15:52:58.716  3103  4578 I ContentValuesIterator: DCC item: CustomPhrase_Ortho->24
06-16 15:52:58.717  3103  4578 I ContentValuesIterator: DCC item: CustomPhrase_Ortho->25
06-16 15:52:58.718  3103  4578 I ContentValuesIterator: DCC item: CustomPhrase_Ortho->26
06-16 15:52:58.718  3103  4578 I ContentValuesIterator: DCC item: CustomPhrase_Ortho->27
06-16 15:52:58.719  3103  4578 I ContentValuesIterator: DCC item: CustomPhrase_Ortho->28
06-16 15:52:58.720  3103  4578 I ContentValuesIterator: DCC item: CustomPhrase_Ortho->29
06-16 15:52:58.721  3103  4578 I ContentValuesIterator: DCC item: CustomPhrase_Ortho->30
06-16 15:52:58.722  3103  4578 I ContentValuesIterator: DCC item: CustomPhrase_Ortho->31
06-16 15:52:58.722  3103  4578 I ContentValuesIterator: DCC item: CustomPhrase_Ortho->32
06-16 15:52:58.723  3103  4578 I ContentValuesIterator: DCC item: CustomPhrase_Ortho->33
06-16 15:52:58.724  3103  4578 I ContentValuesIterator: DCC item: CustomPhrase_Ortho->34
06-16 15:52:58.725  3103  4578 I ContentValuesIterator: DCC item: CustomPhrase_Ortho->35
06-16 15:52:58.726  3103  4578 I ContentValuesIterator: DCC item: CustomPhrase_Ortho->36
06-16 15:52:58.727  3103  4578 I ContentValuesIterator: DCC item: CustomPhrase_Ortho->37
06-16 15:52:58.728  3103  4578 I ContentValuesIterator: DCC item: CustomPhrase_Ortho->38
06-16 15:52:58.729  3103  4578 I ContentValuesIterator: DCC item: CustomPhrase_Ortho->39
06-16 15:52:58.730  3103  4578 I ContentValuesIterator: DCC item: CustomPhrase_Ortho->40
06-16 15:52:58.731  3103  4578 I ContentValuesIterator: DCC item: CustomPhrase_Ortho->41
06-16 15:52:58.732  3103  4578 I ContentValuesIterator: DCC item: CustomPhrase_Ortho->42
06-16 15:52:58.733  3103  4578 I ContentValuesIterator: DCC item: CustomPhrase_Ortho->43
06-16 15:52:58.734  3103  4578 I ContentValuesIterator: DCC item: CustomPhrase_Ortho->44
06-16 15:52:58.735  3103  4578 I ContentValuesIterator: DCC item: CustomPhrase_Ortho->45
06-16 15:52:58.736  3103  4578 I ContentValuesIterator: DCC item: CustomPhrase_Ortho->46
06-16 15:52:58.737  3103  4578 I ContentValuesIterator: DCC item: CustomPhrase_Ortho->47
06-16 15:52:58.738  3103  4578 I ContentValuesIterator: DCC item: CustomPhrase_Ortho->48
06-16 15:52:58.758  3103  4578 I DCCListener: DCC event: DCC_DATA_ID ()
06-16 15:52:58.758  3103  4578 I DCCListener: DCC event: DCC_DATA_PREPARATION_FINISHED (current_total_number=93  added=93  removed=0  failed_to_add=0  failed_to_remove=0)
06-16 15:52:58.758  3103  4566 I Asr     : Data prep finished event received; proceeding
06-16 15:52:58.832  2528  2528 W VuzixNotificationListener: onNotificationPosted: 0|com.vuzix.speechrecognitionservice|1|null|1000
06-16 15:52:58.832  2528  2528 I VuzixNotificationListener: notify: 0|com.vuzix.speechrecognitionservice|1|null|1000
06-16 15:52:58.832  2528  2528 W VuzixNotificationListener: shouldShowPopup 2 true
06-16 15:52:59.585   745  1501 D audio_hw_primary: out_standby: enter: stream (0xeed04330) usecase(1: low-latency-playback)
06-16 15:52:59.668   745  1501 D audio_hw_primary: disable_audio_route: reset and update mixer path: low-latency-playback
06-16 15:52:59.671   745  1501 E soundtrigger: audio_extn_sound_trigger_update_stream_status: invalid input device 0x0, for event 2
06-16 15:52:59.671   745  1501 D soundtrigger: audio_extn_sound_trigger_update_stream_status: uc_info->id 1 of type 0 for Event 2, with Raise=0
06-16 15:52:59.671   745  1501 D msm8974_platform: platform_split_snd_device: snd_device(2) num devices(0) new_snd_devices[0](0) ret=-22
06-16 15:52:59.671   745  1501 I msm8974_platform: platform_get_custom_mtmx_params: no matching param with id 0 ip_ch 2 op_ch 2 uc_id 1 snd_dev 2
06-16 15:52:59.671   745  1501 D hardware_info: hw_info_append_hw_type : device_name = speaker
06-16 15:52:59.671   745  1501 D audio_hw_primary: disable_snd_device: snd_device(2: current(before decrease) ref_cnt 1) 
06-16 15:52:59.671   745  1501 D hardware_info: hw_info_append_hw_type : device_name = speaker
06-16 15:52:59.671   745  1501 D audio_hw_primary: disable_snd_device: snd_device(2: speaker)
06-16 15:52:59.671   745  1501 D msm8974_platform: platform_split_snd_device: snd_device(2) num devices(0) new_snd_devices[0](0) ret=-22
06-16 15:52:59.675   745  1501 I soundtrigger: audio_extn_sound_trigger_update_device_status: device 0x2 of type 0 for Event 0, with Raise=0
06-16 15:52:59.675   745  1501 D audio_hw_primary: out_standby: exit
06-16 15:52:59.678  1373  1424 I system_server: oneway function results will be dropped but finished with status OK and parcel size 4
06-16 15:52:59.841  1373  1424 I ActivityTaskManager: START u0 {act=android.intent.action.VIEW dat=content://com.android.providers.downloads.documents/document/10 typ=application/pdf flg=0x3 cmp=com.vuzix.hud.pdfviewer/.viewer.ViewerActivity} from uid 10017
06-16 15:52:59.857  1373  1424 D CompatibilityInfo: mCompatibilityFlags - 0
06-16 15:52:59.857  1373  1424 D CompatibilityInfo: applicationDensity - 212
06-16 15:52:59.857  1373  1424 D CompatibilityInfo: applicationScale - 1.0
06-16 15:52:59.859  1373  1424 D ActivityTrigger: ActivityTrigger activityPauseTrigger 
06-16 15:52:59.872  1373  1425 I ActivityTaskManager: The Process com.vuzix.hud.pdfviewer Already Exists in BG. So sending its PID: 3850
06-16 15:52:59.872  1373  1425 W ActivityTaskManager: Tried to set launchTime (0) < mLastActivityLaunchTime (200850)
06-16 15:52:59.876  1373  1425 D CompatibilityInfo: mCompatibilityFlags - 0
06-16 15:52:59.876  1373  1425 D CompatibilityInfo: applicationDensity - 212
06-16 15:52:59.876  1373  1425 D CompatibilityInfo: applicationScale - 1.0
06-16 15:52:59.906  3850  3850 D com.shockwave.pdfium.PdfiumCore: Starting PdfiumAndroid 1.9.0
06-16 15:52:59.912  3103  3103 D VzxSrVocabulary: vocab activityId 0 resetting com.vuzix.speechrecognitionservice to base
06-16 15:52:59.922  3850  3850 V Utils   : Unable to read from /sys/devices/platform/blade_eeprom.0/board01_rev
06-16 15:52:59.922  3850  3850 V Utils   : Unable to read from /sys/devices/platform/blade_eeprom.0/board09_rev
06-16 15:52:59.930   765   765 I sensors-hal: batch:242, android.sensor.rotation_vector/111, period=50000000, max_latency=0
06-16 15:52:59.930   765   765 I sensors-hal: set_config:63, sample_period_ns is adjusted to 50000000 based on min/max delay_ns
06-16 15:52:59.930   765   765 I sensors-hal: batch:251, android.sensor.rotation_vector/111, period=50000000, max_latency=0 request completed
06-16 15:52:59.931   765   765 I sensors-hal: activate:209, android.sensor.rotation_vector/111 en=1
06-16 15:52:59.931   765   765 I sensors-hal: get_qmi_debug_flag:241, support_qmi_debug : false
06-16 15:52:59.932   765   765 I sensors-hal: activate:220, android.sensor.rotation_vector/111 en=1 completed
06-16 15:52:59.934   765  4584 I sensors-hal: ssc_conn_resp_cb:663, resp_value = 0
06-16 15:52:59.976  1373  1397 I ActivityTaskManager: Displayed com.vuzix.hud.pdfviewer/.viewer.ViewerActivity: +131ms
06-16 15:53:00.004  1556  1556 D KeyguardUpdateMonitor: received broadcast android.intent.action.TIME_TICK
06-16 15:53:00.004  1556  1556 D KeyguardUpdateMonitor: handleTimeUpdate
06-16 15:53:00.028  1373  1425 I system_server: oneway function results will be dropped but finished with status OK and parcel size 4
06-16 15:53:00.029   745  1501 D audio_hw_primary: in_standby: enter: stream (0xeee446f0) usecase(23: audio-record)
06-16 15:53:00.068   745  1501 D audio_hw_primary: disable_audio_route: reset and update mixer path: audio-record
06-16 15:53:00.070   745  1501 D soundtrigger: audio HAL using same device 195 as ST
06-16 15:53:00.070   745  1501 D soundtrigger: audio_extn_sound_trigger_update_stream_status: uc_info->id 23 of type 1 for Event 2, with Raise=1
06-16 15:53:00.070   745  1501 D soundtrigger: audio_extn_sound_trigger_update_stream_status: send event 12: usecase id 23, type 1
06-16 15:53:00.070   745  1501 I sound_trigger_platform: platform_stdev_check_and_update_concurrency: Received STREAM event, event type 12, usecase type 1
06-16 15:53:00.070   745  1501 D sound_trigger_platform: platform_stdev_check_and_update_concurrency: dedicated path 0, reset backend 1, tx 1, rx 0,concurrency session not allowed
06-16 15:53:00.070   745  1501 D hardware_info: hw_info_append_hw_type : device_name = voice-rec-mic
06-16 15:53:00.070   745  1501 D audio_hw_primary: disable_snd_device: snd_device(195: current(before decrease) ref_cnt 1) 
06-16 15:53:00.070   745  1501 E audio_hw_primary: disable_snd_device:1snd_device-195,count-0
06-16 15:53:00.070   745  1501 D hardware_info: hw_info_append_hw_type : device_name = voice-rec-mic
06-16 15:53:00.070   745  1501 D audio_hw_primary: disable_snd_device: snd_device(195: voice-rec-mic)
06-16 15:53:00.070   745  1501 D msm8974_platform: platform_split_snd_device: snd_device(195) num devices(0) new_snd_devices[0](0) ret=-22
06-16 15:53:00.072   745  1501 D soundtrigger: audio HAL using same device 195 as ST
06-16 15:53:00.072   745  1501 I soundtrigger: audio_extn_sound_trigger_update_device_status: device 0xc3 of type 1 for Event 0, with Raise=1
06-16 15:53:00.072   745  1501 D sound_trigger_platform: platform_stdev_check_and_update_concurrency: Received DEVICE event, event type 0
06-16 15:53:00.072   745  1501 D sound_trigger_platform: platform_stdev_check_and_update_concurrency: dedicated path 0, reset backend 1, tx 0, rx 0,concurrency session allowed
06-16 15:53:00.074  1373  1425 E AppOps  : Attribution not found: uid=1000 pkg=com.vuzix.speechrecognitionservice(null) op=RECORD_AUDIO
06-16 15:53:00.077   745   785 D audio_hw_primary: adev_release_audio_patch: Remove patch with handle 40
06-16 15:53:00.077   745   785 D audio_hw_primary: route_input_stream: exit: status(0)
06-16 15:53:00.078  1373  1424 I system_server: oneway function results will be dropped but finished with status OK and parcel size 4
06-16 15:53:00.082  1373  1425 I SoundTriggerMiddlewareLogging: setCaptureState[this=com.android.server.soundtrigger_middleware.SoundTriggerMiddlewareImpl@38ce48b, caller=1041/810](false)
06-16 15:53:00.095  3103  4566 D pal/stdout: StarRec_PAL_MutexDeInit(): pthread_mutex_destroy: EBUSY.
06-16 15:53:00.095  3103  4566 D pal/stdout: StarRec_PAL_MutexDeInit(): pthread_mutex_destroy: EDEADLK.
06-16 15:53:00.095  3103  4566 D pal/stdout: StarRec_PAL_MutexDeInit(): pthread_mutex_destroy: while: EBUSY.
06-16 15:53:00.098  3103  4566 D pal/stdout: StarRec_PAL_ThreadWait(): [DCC_NORMAL_0] thread with thread handle 0x0x7b37c1be90 is closed.
06-16 15:53:00.098  1373  1386 I SoundTriggerMiddlewareLogging: setCaptureState[this=com.android.server.soundtrigger_middleware.SoundTriggerMiddlewareImpl@38ce48b, caller=1041/810](false)
06-16 15:53:00.098  1373  1424 I system_server: oneway function results will be dropped but finished with status OK and parcel size 4
06-16 15:53:00.099  1373  1386 I system_server: oneway function results will be dropped but finished with status OK and parcel size 4
06-16 15:53:00.099   745  1501 D audio_hw_primary: adev_close_input_stream: enter:stream_handle(0xeee446f0)
06-16 15:53:00.099   745  1501 D audio_hw_primary: io_streams_map_remove: Removed stream with handle 350
06-16 15:53:00.099   745  1501 D soundtrigger: audio_extn_sound_trigger_check_ec_ref_enable: EC Reference is disabled
06-16 15:53:00.099   745  1501 D sound_trigger_hw: handle_audio_ec_ref_enabled: Enter
06-16 15:53:00.099   745  1501 D sound_trigger_hw: handle_audio_ec_ref_enabled: Exit audio ec ref=0
06-16 15:53:00.099   745  1501 D soundtrigger: audio_extn_sound_trigger_update_ec_ref_status: update audio echo ref status false
06-16 15:53:00.099   745  1501 D audio_hw_primary: in_standby: enter: stream (0xeee446f0) usecase(23: audio-record)
06-16 15:53:00.100  1373  1386 I system_server: oneway function results will be dropped but finished with status OK and parcel size 4
06-16 15:53:00.105  3103  4566 D pal/stdout: StarRec_PAL_ThreadWait(): [ASR5_CFG] thread with thread handle 0x0x7b37c17f90 is closed.
06-16 15:53:00.106  3103  4566 D pal/stdout: StarRec_PAL_ThreadWait(): [ASR5_FatalListener] thread with thread handle 0x0x7b37c1b4d0 is closed.
06-16 15:53:00.106  3103  4566 D pal/stdout: StarRec_PAL_ThreadWait(): [ASR5_Dispatcher] thread with thread handle 0x0x7b37c1a990 is closed.
06-16 15:53:00.106  3103  4566 D pal/stdout: StarRec_PAL_ThreadWait(): [ASR5_Worker0] thread with thread handle 0x0x7b37c1c190 is closed.
06-16 15:53:00.107  3103  4566 D pal/stdout: StarRec_PAL_ThreadWait(): [ASR5_Worker1] thread with thread handle 0x0x7b37c1b590 is closed.
06-16 15:53:00.107  3103  4566 D pal/stdout: StarRec_PAL_ThreadWait(): [ASR5_Worker2] thread with thread handle 0x0x7b37c17750 is closed.
06-16 15:53:00.109  3103  4566 D pal/stdout: StarRec_PAL_ThreadWait(): [ASR5_Worker3] thread with thread handle 0x0x7b37c19250 is closed.
06-16 15:53:00.206  3103  4587 I pal/stdout: StarRec_PAL_ThreadInit(): [ASR5_CFG] initial priority level THREAD_PRIO_NORMAL.
06-16 15:53:00.206  3103  4587 I pal/stdout: StarRec_PAL_ThreadCreate(): [ASR5_CFG] DEFAULT SETTING: invert nice value [3 -> 3].
06-16 15:53:00.206  3103  4587 I pal/stdout: StarRec_PAL_ThreadCreate(): [ASR5_CFG] DEFAULT SETTING: policy [SCHED_OTHER], prio: default [0] + handed-over [3] + 1 = calculated [4].
06-16 15:53:00.206  3103  4587 I pal/stdout: StarRec_PAL_ThreadCreate(): [ASR5_CFG] THREAD CREATED: Policy [0,SCHED_OTHER,OTHER], prio: handed-over [3], final nice,prio [4,0], min [0], max [0]. 
06-16 15:53:00.206  3103  4588 I pal/stdout: fpThreadRoutine_setThreadName(): [ASR5_CFG] ok -> set/getpriority (4)/(4) - hdl [-1725813568] ID [4588].
06-16 15:53:00.206  3103  4588 I pal/stdout: sMainWrapper_PrintPrio(): 
06-16 15:53:00.206  3103  4588 I pal/stdout: 	 pid 4588's priority: 4, name: ASR5_CFG
06-16 15:53:00.206  3103  4588 I pal/stdout: sMainWrapper_PrintPrio(): 	 scheduling class: 
06-16 15:53:00.206  3103  4588 I pal/stdout: sMainWrapper_PrintPrio(): 	 OTHER / Normal 
06-16 15:53:00.206  3103  4588 I pal/stdout: sMainWrapper_PrintPrio(): 	 RT prio: 0 (of 0 to 0)
06-16 15:53:00.207  3103  4587 I pal/stdout: StarRec_PAL_ThreadInit(): [ASR5_Worker0] initial priority level THREAD_PRIO_NORMAL.
06-16 15:53:00.207  3103  4587 I pal/stdout: StarRec_PAL_ThreadCreate(): [ASR5_Worker0] DEFAULT SETTING: invert nice value [3 -> 3].
06-16 15:53:00.207  3103  4587 I pal/stdout: StarRec_PAL_ThreadCreate(): [ASR5_Worker0] DEFAULT SETTING: policy [SCHED_OTHER], prio: default [0] + handed-over [3] + 1 = calculated [4].
06-16 15:53:00.207  3103  4587 I pal/stdout: StarRec_PAL_ThreadCreate(): [ASR5_Worker0] THREAD CREATED: Policy [0,SCHED_OTHER,OTHER], prio: handed-over [3], final nice,prio [4,0], min [0], max [0]. 
06-16 15:53:00.207  3103  4587 I pal/stdout: StarRec_PAL_ThreadInit(): [ASR5_Worker1] initial priority level THREAD_PRIO_NORMAL.
06-16 15:53:00.207  3103  4587 I pal/stdout: StarRec_PAL_ThreadCreate(): [ASR5_Worker1] DEFAULT SETTING: invert nice value [3 -> 3].
06-16 15:53:00.207  3103  4587 I pal/stdout: StarRec_PAL_ThreadCreate(): [ASR5_Worker1] DEFAULT SETTING: policy [SCHED_OTHER], prio: default [0] + handed-over [3] + 1 = calculated [4].
06-16 15:53:00.207  3103  4587 I pal/stdout: StarRec_PAL_ThreadCreate(): [ASR5_Worker1] THREAD CREATED: Policy [0,SCHED_OTHER,OTHER], prio: handed-over [3], final nice,prio [4,0], min [0], max [0]. 
06-16 15:53:00.208  3103  4587 I pal/stdout: StarRec_PAL_ThreadInit(): [ASR5_Worker2] initial priority level THREAD_PRIO_NORMAL.
06-16 15:53:00.208  3103  4587 I pal/stdout: StarRec_PAL_ThreadCreate(): [ASR5_Worker2] DEFAULT SETTING: invert nice value [3 -> 3].
06-16 15:53:00.208  3103  4587 I pal/stdout: StarRec_PAL_ThreadCreate(): [ASR5_Worker2] DEFAULT SETTING: policy [SCHED_OTHER], prio: default [0] + handed-over [3] + 1 = calculated [4].
06-16 15:53:00.208  3103  4590 I pal/stdout: fpThreadRoutine_setThreadName(): [ASR5_Worker1] ok -> set/getpriority (4)/(4) - hdl [-1762976576] ID [4590].
06-16 15:53:00.208  3103  4587 I pal/stdout: StarRec_PAL_ThreadCreate(): [ASR5_Worker2] THREAD CREATED: Policy [0,SCHED_OTHER,OTHER], prio: handed-over [3], final nice,prio [4,0], min [0], max [0]. 
06-16 15:53:00.208  3103  4590 I pal/stdout: sMainWrapper_PrintPrio(): 
06-16 15:53:00.208  3103  4590 I pal/stdout: 	 pid 4590's priority: 4, name: ASR5_Worker1
06-16 15:53:00.208  3103  4591 I pal/stdout: fpThreadRoutine_setThreadName(): [ASR5_Worker2] ok -> set/getpriority (4)/(4) - hdl [-1764016960] ID [4591].
06-16 15:53:00.208  3103  4590 I pal/stdout: sMainWrapper_PrintPrio(): 	 scheduling class: 
06-16 15:53:00.208  3103  4591 I pal/stdout: sMainWrapper_PrintPrio(): 
06-16 15:53:00.208  3103  4591 I pal/stdout: 	 pid 4591's priority: 4, name: ASR5_Worker2
06-16 15:53:00.208  3103  4591 I pal/stdout: sMainWrapper_PrintPrio(): 	 scheduling class: 
06-16 15:53:00.208  3103  4591 I pal/stdout: sMainWrapper_PrintPrio(): 	 OTHER / Normal 
06-16 15:53:00.208  3103  4590 I pal/stdout: sMainWrapper_PrintPrio(): 	 OTHER / Normal 
06-16 15:53:00.208  3103  4589 I pal/stdout: fpThreadRoutine_setThreadName(): [ASR5_Worker0] ok -> set/getpriority (4)/(4) - hdl [-1727116096] ID [4589].
06-16 15:53:00.208  3103  4589 I pal/stdout: sMainWrapper_PrintPrio(): 
06-16 15:53:00.208  3103  4589 I pal/stdout: 	 pid 4589's priority: 4, name: ASR5_Worker0
06-16 15:53:00.208  3103  4589 I pal/stdout: sMainWrapper_PrintPrio(): 	 scheduling class: 
06-16 15:53:00.208  3103  4590 I pal/stdout: sMainWrapper_PrintPrio(): 	 RT prio: 0 (of 0 to 0)
06-16 15:53:00.208  3103  4591 I pal/stdout: sMainWrapper_PrintPrio(): 	 RT prio: 0 (of 0 to 0)
06-16 15:53:00.208  3103  4587 I pal/stdout: StarRec_PAL_ThreadInit(): [ASR5_Worker3] initial priority level THREAD_PRIO_NORMAL.
06-16 15:53:00.208  3103  4587 I pal/stdout: StarRec_PAL_ThreadCreate(): [ASR5_Worker3] DEFAULT SETTING: invert nice value [3 -> 3].
06-16 15:53:00.208  3103  4587 I pal/stdout: StarRec_PAL_ThreadCreate(): [ASR5_Worker3] DEFAULT SETTING: policy [SCHED_OTHER], prio: default [0] + handed-over [3] + 1 = calculated [4].
06-16 15:53:00.209  3103  4587 I pal/stdout: StarRec_PAL_ThreadCreate(): [ASR5_Worker3] THREAD CREATED: Policy [0,SCHED_OTHER,OTHER], prio: handed-over [3], final nice,prio [4,0], min [0], max [0]. 
06-16 15:53:00.209  3103  4587 I pal/stdout: StarRec_PAL_ThreadInit(): [ASR5_Dispatcher] initial priority level THREAD_PRIO_NORMAL.
06-16 15:53:00.209  3103  4587 I pal/stdout: StarRec_PAL_ThreadCreate(): [ASR5_Dispatcher] DEFAULT SETTING: invert nice value [3 -> 3].
06-16 15:53:00.209  3103  4587 I pal/stdout: StarRec_PAL_ThreadCreate(): [ASR5_Dispatcher] DEFAULT SETTING: policy [SCHED_OTHER], prio: default [0] + handed-over [3] + 1 = calculated [4].
06-16 15:53:00.209  3103  4587 I pal/stdout: StarRec_PAL_ThreadCreate(): [ASR5_Dispatcher] THREAD CREATED: Policy [0,SCHED_OTHER,OTHER], prio: handed-over [3], final nice,prio [4,0], min [0], max [0]. 
06-16 15:53:00.209  3103  4587 I pal/stdout: StarRec_PAL_ThreadInit(): [ASR5_FatalListener] initial priority level THREAD_PRIO_NORMAL.
06-16 15:53:00.209  3103  4587 I pal/stdout: StarRec_PAL_ThreadCreate(): [ASR5_FatalListener] DEFAULT SETTING: invert nice value [3 -> 3].
06-16 15:53:00.209  3103  4587 I pal/stdout: StarRec_PAL_ThreadCreate(): [ASR5_FatalListener] DEFAULT SETTING: policy [SCHED_OTHER], prio: default [0] + handed-over [3] + 1 = calculated [4].
06-16 15:53:00.209  3103  4592 I pal/stdout: fpThreadRoutine_setThreadName(): [ASR5_Worker3] ok -> set/getpriority (4)/(4) - hdl [-1765057344] ID [4592].
06-16 15:53:00.209  3103  4587 I pal/stdout: StarRec_PAL_ThreadCreate(): [ASR5_FatalListener] THREAD CREATED: Policy [0,SCHED_OTHER,OTHER], prio: handed-over [3], final nice,prio [4,0], min [0], max [0]. 
06-16 15:53:00.209  3103  4592 I pal/stdout: sMainWrapper_PrintPrio(): 
06-16 15:53:00.209  3103  4592 I pal/stdout: 	 pid 4592's priority: 4, name: ASR5_Worker3
06-16 15:53:00.209  3103  4592 I pal/stdout: sMainWrapper_PrintPrio(): 	 scheduling class: 
06-16 15:53:00.209  3103  4592 I pal/stdout: sMainWrapper_PrintPrio(): 	 OTHER / Normal 
06-16 15:53:00.209  3103  4592 I pal/stdout: sMainWrapper_PrintPrio(): 	 RT prio: 0 (of 0 to 0)
06-16 15:53:00.209  3103  4589 I pal/stdout: sMainWrapper_PrintPrio(): 	 OTHER / Normal 
06-16 15:53:00.209  3103  4594 I pal/stdout: fpThreadRoutine_setThreadName(): [ASR5_FatalListener] ok -> set/getpriority (4)/(4) - hdl [-1767138112] ID [4594].
06-16 15:53:00.209  3103  4594 I pal/stdout: sMainWrapper_PrintPrio(): 
06-16 15:53:00.209  3103  4594 I pal/stdout: 	 pid 4594's priority: 4, name: ASR5_FatalListener
06-16 15:53:00.209  3103  4594 I pal/stdout: sMainWrapper_PrintPrio(): 	 scheduling class: 
06-16 15:53:00.209  3103  4594 I pal/stdout: sMainWrapper_PrintPrio(): 	 OTHER / Normal 
06-16 15:53:00.209  3103  4594 I pal/stdout: sMainWrapper_PrintPrio(): 	 RT prio: 0 (of 0 to 0)
06-16 15:53:00.209  3103  4589 I pal/stdout: sMainWrapper_PrintPrio(): 	 RT prio: 0 (of 0 to 0)
06-16 15:53:00.209  3103  4593 I pal/stdout: fpThreadRoutine_setThreadName(): [ASR5_Dispatcher] ok -> set/getpriority (4)/(4) - hdl [-1766097728] ID [4593].
06-16 15:53:00.210  3103  4593 I pal/stdout: sMainWrapper_PrintPrio(): 
06-16 15:53:00.210  3103  4593 I pal/stdout: 	 pid 4593's priority: 4, name: ASR5_Dispatcher
06-16 15:53:00.210  3103  4593 I pal/stdout: sMainWrapper_PrintPrio(): 	 scheduling class: 
06-16 15:53:00.210  3103  4593 I pal/stdout: sMainWrapper_PrintPrio(): 	 OTHER / Normal 
06-16 15:53:00.210  3103  4593 I pal/stdout: sMainWrapper_PrintPrio(): 	 RT prio: 0 (of 0 to 0)
06-16 15:53:00.241   765  4584 I sensors-hal: handle_indication_realtime:471,  SCHED_FIFO(10) for qmi_cbk
06-16 15:53:00.245  3103  4587 I pal/stdout: StarRec_PAL_ThreadInit(): [DCC_CREATION_0] initial priority level THREAD_PRIO_NORMAL.
06-16 15:53:00.245  3103  4587 I pal/stdout: StarRec_PAL_ThreadCreate(): [DCC_CREATION_0] DEFAULT SETTING: invert nice value [3 -> 3].
06-16 15:53:00.245  3103  4587 I pal/stdout: StarRec_PAL_ThreadCreate(): [DCC_CREATION_0] DEFAULT SETTING: policy [SCHED_OTHER], prio: default [0] + handed-over [3] + 1 = calculated [4].
06-16 15:53:00.245  3103  4587 I pal/stdout: StarRec_PAL_ThreadCreate(): [DCC_CREATION_0] THREAD CREATED: Policy [0,SCHED_OTHER,OTHER], prio: handed-over [3], final nice,prio [4,0], min [0], max [0]. 
06-16 15:53:00.247  3103  4595 I pal/stdout: fpThreadRoutine_setThreadName(): [DCC_CREATION_0] ok -> set/getpriority (4)/(4) - hdl [1011920064] ID [4595].
06-16 15:53:00.247  3103  4595 I pal/stdout: sMainWrapper_PrintPrio(): 
06-16 15:53:00.247  3103  4595 I pal/stdout: 	 pid 4595's priority: 4, name: DCC_CREATION_0
06-16 15:53:00.247  3103  4595 I pal/stdout: sMainWrapper_PrintPrio(): 	 scheduling class: 
06-16 15:53:00.247  3103  4595 I pal/stdout: sMainWrapper_PrintPrio(): 	 OTHER / Normal 
06-16 15:53:00.247  3103  4595 I pal/stdout: sMainWrapper_PrintPrio(): 	 RT prio: 0 (of 0 to 0)
06-16 15:53:00.250  3103  4595 I DCCListener: DCC event: DCC_CREATION_STARTED ()
06-16 15:53:00.252  3103  4595 I DCCListener: DCC event: DCC_DATA_ID ()
06-16 15:53:00.252  3103  4595 I DCCListener: DCC event: DCC_WITH_N_ENTRIES (93)
06-16 15:53:00.252  3103  4595 I DCCListener: DCC event: DCC_CREATION_FINISHED ()
06-16 15:53:00.254   745  1501 D audio_hw_primary: adev_open_input_stream: enter: sample_rate(16000) channel_mask(0x10) devices(0x80000004)        stream_handle(0xeee46bb0) io_handle(358) source(6) format 1
06-16 15:53:00.254   745  1501 D audio_hw_primary: io_streams_map_insert: Added stream in io_streams_map with handle 358
06-16 15:53:00.254   745  1501 E device_utils: update_device_list: Invalid device: 0
06-16 15:53:00.256   810  4597 I AudioFlinger: AudioFlinger's thread 0x7bc9069040 tid=4597 ready to run
06-16 15:53:00.256   745  1501 D audio_hw_primary: in_standby: enter: stream (0xeee46bb0) usecase(23: audio-record)
06-16 15:53:00.257   745  1501 D audio_hw_primary: in_standby: enter: stream (0xeee46bb0) usecase(23: audio-record)
06-16 15:53:00.259  1373  1424 I system_server: oneway function results will be dropped but finished with status OK and parcel size 4
06-16 15:53:00.259  1373  1424 I system_server: oneway function results will be dropped but finished with status OK and parcel size 4
06-16 15:53:00.260  3103  4587 I pal/stdout: StarRec_PAL_ThreadInit(): [DCC_NORMAL_0] initial priority level THREAD_PRIO_NORMAL.
06-16 15:53:00.260  3103  4587 I pal/stdout: StarRec_PAL_ThreadCreate(): [DCC_NORMAL_0] DEFAULT SETTING: invert nice value [3 -> 3].
06-16 15:53:00.260  3103  4587 I pal/stdout: StarRec_PAL_ThreadCreate(): [DCC_NORMAL_0] DEFAULT SETTING: policy [SCHED_OTHER], prio: default [0] + handed-over [3] + 1 = calculated [4].
06-16 15:53:00.260  3103  4587 I pal/stdout: StarRec_PAL_ThreadCreate(): [DCC_NORMAL_0] THREAD CREATED: Policy [0,SCHED_OTHER,OTHER], prio: handed-over [3], final nice,prio [4,0], min [0], max [0]. 
06-16 15:53:00.260  3103  4587 I AsrConfiguration: Add app: VuzixApp-en
06-16 15:53:00.260  1373  1424 I system_server: oneway function results will be dropped but finished with status OK and parcel size 4
06-16 15:53:00.261  3103  4598 I pal/stdout: fpThreadRoutine_setThreadName(): [DCC_NORMAL_0] ok -> set/getpriority (4)/(4) - hdl [789159104] ID [4598].
06-16 15:53:00.261  3103  4598 I pal/stdout: sMainWrapper_PrintPrio(): 
06-16 15:53:00.261  3103  4598 I pal/stdout: 	 pid 4598's priority: 4, name: DCC_NORMAL_0
06-16 15:53:00.261  3103  4598 I pal/stdout: sMainWrapper_PrintPrio(): 	 scheduling class: 
06-16 15:53:00.261  3103  4598 I pal/stdout: sMainWrapper_PrintPrio(): 	 OTHER / Normal 
06-16 15:53:00.261  3103  4598 I pal/stdout: sMainWrapper_PrintPrio(): 	 RT prio: 0 (of 0 to 0)
06-16 15:53:00.263  3103  4598 D pal/stdout: StarRec_PAL_ThreadWait(): [DCC_CREATION_0] thread with thread handle 0x0x7b37c19fd0 is closed.
06-16 15:53:00.265  3103  4598 I DCCListener: DCC event: DCC_DATA_PREPARATION_STARTED ()
06-16 15:53:00.284  3103  4587 W Asr     : Expecting data prep finished event!
06-16 15:53:00.286  1373  1386 I system_server: oneway function results will be dropped but finished with status OK and parcel size 4
06-16 15:53:00.286   745  1501 D audio_hw_primary: adev_create_audio_patch: enter: num sources 1, num_sinks 1, handle 0
06-16 15:53:00.286   745  1501 D audio_hw_primary: adev_create_audio_patch: Capture patch from device 80000004 to mix 358
06-16 15:53:00.286   745  1501 D audio_hw_primary: update_patch: enter
06-16 15:53:00.286   745  1501 D audio_hw_primary: route_input_stream: exit: status(0)
06-16 15:53:00.286   745  1501 D audio_hw_primary: adev_create_audio_patch: Added a new patch with handle 41
06-16 15:53:00.286  1373  1386 I system_server: oneway function results will be dropped but finished with status OK and parcel size 4
06-16 15:53:00.287   745   785 E device_utils: update_device_list: Invalid device: 0
06-16 15:53:00.288  1373  1424 I SoundTriggerMiddlewareLogging: setCaptureState[this=com.android.server.soundtrigger_middleware.SoundTriggerMiddlewareImpl@38ce48b, caller=1041/810](true)
06-16 15:53:00.289   745  1501 E FMQ     : grantorIdx must be less than 3
06-16 15:53:00.289   745  1501 E FMQ     : grantorIdx must be less than 3
06-16 15:53:00.289   810  4597 E FMQ     : grantorIdx must be less than 3
06-16 15:53:00.290   810  4597 E FMQ     : grantorIdx must be less than 3
06-16 15:53:00.290   745  4600 D audio_hw_primary: start_input_stream: enter: stream(0xeee46bb0)usecase(23: audio-record), source 6
06-16 15:53:00.290   745  4600 D audio_hw_primary: select_devices for use case (audio-record)
06-16 15:53:00.290   745  4600 I msm8974_platform: platform_check_and_set_capture_codec_backend_cfg:txbecf: afe: bitwidth 16, samplerate 16000, channel 1 format 1, backend_idx 8 usecase = 23 device (voice-rec-mic)
06-16 15:53:00.290   745  4600 I msm8974_platform: platform_check_capture_codec_backend_cfg:txbecf: afe: Codec selected backend: 8 current bit width: 16 and sample rate: 16000, channels 1 format 1
06-16 15:53:00.290   745  4600 I msm8974_platform: platform_check_capture_codec_backend_cfg:txbecf: afe: current backend bit_width 16 sample_rate 48000 channels 1, format 0
06-16 15:53:00.290   745  4600 I msm8974_platform: platform_check_capture_codec_backend_cfg:txbecf: afe: Codec backend needs to be updated. new bit width: 16 new sample rate: 48000 new channel: 1 new format: 1
06-16 15:53:00.290   745  4600 I msm8974_platform: platform_set_codec_backend_cfg:becf: afe: bitwidth 16, samplerate 48000 channels 1 format 1, backend_idx 8 device (voice-rec-mic)
06-16 15:53:00.290   745  4600 D audio_hw_primary: check_usecases_capture_codec_backend:becf: force routing 0
06-16 15:53:00.290   745  4600 E audio_hw_primary: enable_snd_device: addcheck2 other record usecase's dev
06-16 15:53:00.290   745  4600 D hardware_info: hw_info_append_hw_type : device_name = voice-rec-mic
06-16 15:53:00.290   745  4600 D audio_hw_primary: enable_snd_device: snd_device(195: current(before increase) ref_cnt 0)
06-16 15:53:00.290   745  4600 D msm8974_platform: platform_split_snd_device: snd_device(195) num devices(0) new_snd_devices[0](0) ret=-22
06-16 15:53:00.291   745  4600 D audio_hw_primary: enable_snd_device: snd_device(195: voice-rec-mic)
06-16 15:53:00.291   745  4600 D msm8974_platform: platform_get_island_cfg_on_device:island cfg status on snd_device = (voice-rec-mic 0)
06-16 15:53:00.291   745  4600 D soundtrigger: audio HAL using same device 195 as ST
06-16 15:53:00.291   745  4600 I soundtrigger: audio_extn_sound_trigger_update_device_status: device 0xc3 of type 1 for Event 1, with Raise=1
06-16 15:53:00.291   745  4600 D sound_trigger_platform: platform_stdev_check_and_update_concurrency: Received DEVICE event, event type 1
06-16 15:53:00.291   745  4600 D sound_trigger_platform: platform_stdev_check_and_update_concurrency: dedicated path 0, reset backend 1, tx 1, rx 0,concurrency session not allowed
06-16 15:53:00.291   745  4600 D audio_route: Apply path: voice-rec-mic
06-16 15:53:00.292   745  4600 D soundtrigger: audio HAL using same device 195 as ST
06-16 15:53:00.292   745  4600 D soundtrigger: audio_extn_sound_trigger_update_stream_status: uc_info->id 23 of type 1 for Event 3, with Raise=1
06-16 15:53:00.292   745  4600 D soundtrigger: audio_extn_sound_trigger_update_stream_status: send event 13: usecase id 23, type 1
06-16 15:53:00.292   745  4600 I sound_trigger_platform: platform_stdev_check_and_update_concurrency: Received STREAM event, event type 13, usecase type 1
06-16 15:53:00.292   745  4600 D sound_trigger_platform: platform_stdev_check_and_update_concurrency: dedicated path 0, reset backend 1, tx 1, rx 0,concurrency session not allowed
06-16 15:53:00.292   745  4600 D audio_hw_utils: audio_extn_utils_send_app_type_cfg: usecase->in_snd_device voice-rec-mic
06-16 15:53:00.292   745  4600 D msm8974_platform: platform_split_snd_device: snd_device(195) num devices(0) new_snd_devices[0](0) ret=-22
06-16 15:53:00.292   745  4600 D msm8974_platform: platform_get_snd_device_backend_index: device 195 is hw_interface_name INT3_MI2S_TX is be_dai_id=152
06-16 15:53:00.292   745  4600 D audio_hw_utils: audio_extn_btsco_get_sample_rate:Not a BT SCO device, need not update sampling rate
06-16 15:53:00.292   745  4600 I audio_hw_utils: send_app_type_cfg_for_device CAPTURE app_type 69938, acdb_dev_id 11, sample_rate 16000, snd_device_be_idx 152
06-16 15:53:00.293   745  4600 D msm8974_platform: platform_split_snd_device: snd_device(195) num devices(1) new_snd_devices[0](0) ret=-22
06-16 15:53:00.293   745  4600 D audio_hw_utils: audio_extn_btsco_get_sample_rate:Not a BT SCO device, need not update sampling rate
06-16 15:53:00.293   745  4600 D ACDB-LOADER: ACDB -> send_audio_cal, acdb_id = 11, path = 1, app id = 0x11132, sample rate = 16000, afe_sample_rate = 48000
06-16 15:53:00.293   745  4600 D ACDB-LOADER: ACDB -> send_asm_topology
06-16 15:53:00.293   745  4600 D ACDB-LOADER: ACDB -> ACDB_CMD_GET_AUDPROC_STREAM_TOPOLOGY_ID
06-16 15:53:00.293   745  4600 D ACDB-LOADER: ACDB -> send_adm_topology
06-16 15:53:00.293   745  4600 D ACDB-LOADER: ACDB -> ACDB_CMD_GET_AUDPROC_COMMON_TOPOLOGY_ID
06-16 15:53:00.293   745  4600 D ACDB-LOADER: ACDB -> send_audtable
06-16 15:53:00.293   745  4600 D ACDB-LOADER: ACDB -> ACDB_CMD_GET_AUDPROC_COMMON_TABLE_SIZE
06-16 15:53:00.293   745  4600 D ACDB-LOADER: ACDB -> ACDB_CMD_GET_AUDPROC_COMMON_TABLE
06-16 15:53:00.293   745  4600 D ACDB-LOADER: ACDB -> AUDIO_SET_AUDPROC_CAL cal_type[11] acdb_id[11] app_type[69938]
06-16 15:53:00.293   745  4600 D ACDB-LOADER: ACDB -> ACDB_CMD_GET_AUDPROC_STREAM_TABLE_SIZE
06-16 15:53:00.293   745  4600 D ACDB-LOADER: ACDB -> send_audstrmtable
06-16 15:53:00.293   745  4600 D ACDB-LOADER: ACDB -> ACDB_CMD_GET_AUDPROC_STREAM_TABLE_V2
06-16 15:53:00.293   745  4600 D ACDB-LOADER: ACDB -> audstrm_cal->cal_type.cal_data.cal_size = 16
06-16 15:53:00.293   745  4600 D ACDB-LOADER: ACDB -> send_afe_topology
06-16 15:53:00.293   745  4600 D ACDB-LOADER: ACDB -> ACDB_CMD_GET_AFE_TOPOLOGY_ID
06-16 15:53:00.293   745  4600 D ACDB-LOADER: ACDB -> GET_AFE_TOPOLOGY_ID for adcd_id 11, Topology Id 112fb
06-16 15:53:00.293   745  4600 D ACDB-LOADER: ACDB -> send_afe_cal
06-16 15:53:00.293   745  4600 D ACDB-LOADER: ACDB -> ACDB_CMD_GET_AFE_COMMON_TABLE_SIZE
06-16 15:53:00.293   745  4600 D android.hardware.audio.service: Failed to fetch the lookup information of the device 000018EB 11
06-16 15:53:00.293   745  4600 D ACDB-LOADER: Error: ACDB_CMD_GET_AFE_COMMON_TABLE_SIZE Returned = -19
06-16 15:53:00.293   745  4600 D ACDB-LOADER: ACDB -> ACDB_CMD_GET_AFE_COMMON_TABLE
06-16 15:53:00.293   745  4600 D android.hardware.audio.service: Failed to fetch the lookup information of the device 000018EB 11
06-16 15:53:00.293   745  4600 D ACDB-LOADER: Error: ACDB AFE returned = -19
06-16 15:53:00.293   745  4600 D ACDB-LOADER: ACDB -> AUDIO_SET_AFE_CAL cal_type[17] acdb_id[11]
06-16 15:53:00.293   745  4600 D ACDB-LOADER: ACDB -> send_hw_delay : acdb_id = 11 path = 1
06-16 15:53:00.293   745  4600 D ACDB-LOADER: ACDB -> ACDB_AVSYNC_INFO: ACDB_CMD_GET_DEVICE_PROPERTY
06-16 15:53:00.293   745  4600 D audio_hw_primary: enable_audio_route: apply mixer and update path: audio-record
06-16 15:53:00.294   745  4600 D audio_route: Apply path: audio-record
06-16 15:53:00.296   745  4600 D audio_hw_primary: select_devices: done
06-16 15:53:00.305  3103  4598 I ContentValuesIterator: DCC item: CustomPhrase_Ortho->hello view-zix
06-16 15:53:00.308  3103  4598 I ContentValuesIterator: DCC item: CustomPhrase_Ortho->Voice off
06-16 15:53:00.310  3103  4598 I ContentValuesIterator: DCC item: CustomPhrase_Ortho->Please enter evaluation mode
06-16 15:53:00.315  3103  4598 I ContentValuesIterator: DCC item: CustomPhrase_Ortho->Please exit evaluation mode
06-16 15:53:00.317  3103  4598 I ContentValuesIterator: DCC item: CustomPhrase_Ortho->Speech settings
06-16 15:53:00.319  3103  4598 I ContentValuesIterator: DCC item: CustomPhrase_Ortho->Speech commands
06-16 15:53:00.320  3103  4598 I ContentValuesIterator: DCC item: CustomPhrase_Ortho->Command list
06-16 15:53:00.322  3103  4598 I ContentValuesIterator: DCC item: CustomPhrase_Ortho->Torch on
06-16 15:53:00.323   745  4600 D audio_hw_primary: start_input_stream: exit
06-16 15:53:00.323  3103  4598 I ContentValuesIterator: DCC item: CustomPhrase_Ortho->Flashlight on
06-16 15:53:00.325  3103  4598 I ContentValuesIterator: DCC item: CustomPhrase_Ortho->Torch off
06-16 15:53:00.326  3103  4598 I ContentValuesIterator: DCC item: CustomPhrase_Ortho->Flashlight off
06-16 15:53:00.328  3103  4598 I ContentValuesIterator: DCC item: CustomPhrase_Ortho->Go to sleep
06-16 15:53:00.329  3103  4598 I ContentValuesIterator: DCC item: CustomPhrase_Ortho->View notifications
06-16 15:53:00.331  3103  4598 I ContentValuesIterator: DCC item: CustomPhrase_Ortho->Open notifications
06-16 15:53:00.333  3103  4598 I ContentValuesIterator: DCC item: CustomPhrase_Ortho->Take a picture
06-16 15:53:00.335  3103  4598 I ContentValuesIterator: DCC item: CustomPhrase_Ortho->Start recording
06-16 15:53:00.337  3103  4598 I ContentValuesIterator: DCC item: CustomPhrase_Ortho->Take a video
06-16 15:53:00.338  3103  4598 I ContentValuesIterator: DCC item: CustomPhrase_Ortho->Okay
06-16 15:53:00.339  3103  4598 I ContentValuesIterator: DCC item: CustomPhrase_Ortho->Open
06-16 15:53:00.340  3103  4598 I ContentValuesIterator: DCC item: CustomPhrase_Ortho->Confirm
06-16 15:53:00.341  3103  4598 I ContentValuesIterator: DCC item: CustomPhrase_Ortho->Select this
06-16 15:53:00.342  3103  4598 I ContentValuesIterator: DCC item: CustomPhrase_Ortho->Pick this
06-16 15:53:00.344  3103  4598 I ContentValuesIterator: DCC item: CustomPhrase_Ortho->Move left
06-16 15:53:00.346  3103  4598 I ContentValuesIterator: DCC item: CustomPhrase_Ortho->Go left
06-16 15:53:00.347  3103  4598 I ContentValuesIterator: DCC item: CustomPhrase_Ortho->Scroll left
06-16 15:53:00.349  3103  4598 I ContentValuesIterator: DCC item: CustomPhrase_Ortho->Move right
06-16 15:53:00.350  3103  4598 I ContentValuesIterator: DCC item: CustomPhrase_Ortho->Go right
06-16 15:53:00.351  3103  4598 I ContentValuesIterator: DCC item: CustomPhrase_Ortho->Scroll right
06-16 15:53:00.353  3103  4598 I ContentValuesIterator: DCC item: CustomPhrase_Ortho->Move up
06-16 15:53:00.353  3850  3864 W System  : A resource failed to call close. 
06-16 15:53:00.354  3850  3864 W SQLiteConnectionPool: A SQLiteConnection object for database '/data/user/0/com.vuzix.hud.pdfviewer/databases/PDFViewer' was leaked!  Please fix your application to end transactions in progress properly and to close the database when it is no longer needed.
06-16 15:53:00.354  3850  3864 W System  : A resource failed to call close. 
06-16 15:53:00.354  3850  3864 W SQLiteConnectionPool: A SQLiteConnection object for database '/data/user/0/com.vuzix.hud.pdfviewer/databases/PDFViewer' was leaked!  Please fix your application to end transactions in progress properly and to close the database when it is no longer needed.
06-16 15:53:00.354  3850  3864 W System  : A resource failed to call close. 
06-16 15:53:00.354  3850  3864 W System  : A resource failed to call close. 
06-16 15:53:00.354  3103  4598 I ContentValuesIterator: DCC item: CustomPhrase_Ortho->Go up
06-16 15:53:00.355  1373  1386 I system_server: oneway function results will be dropped but finished with status OK and parcel size 4
06-16 15:53:00.355   745  1501 D audio_hw_primary: in_standby: enter: stream (0xeee46bb0) usecase(23: audio-record)
06-16 15:53:00.356  3103  4598 I ContentValuesIterator: DCC item: CustomPhrase_Ortho->Scroll up
06-16 15:53:00.357  3103  4598 I ContentValuesIterator: DCC item: CustomPhrase_Ortho->Move down
06-16 15:53:00.358  3103  4598 I ContentValuesIterator: DCC item: CustomPhrase_Ortho->Go down
06-16 15:53:00.359  3103  4598 I ContentValuesIterator: DCC item: CustomPhrase_Ortho->Scroll down
06-16 15:53:00.361  3103  4598 I ContentValuesIterator: DCC item: CustomPhrase_Ortho->Go back
06-16 15:53:00.362  3103  4598 I ContentValuesIterator: DCC item: CustomPhrase_Ortho->Close
06-16 15:53:00.363  3103  4598 I ContentValuesIterator: DCC item: CustomPhrase_Ortho->Cancel
06-16 15:53:00.365  3103  4598 I ContentValuesIterator: DCC item: CustomPhrase_Ortho->Go home
06-16 15:53:00.366  3103  4598 I ContentValuesIterator: DCC item: CustomPhrase_Ortho->Quit
06-16 15:53:00.367  3103  4598 I ContentValuesIterator: DCC item: CustomPhrase_Ortho->Show menu
06-16 15:53:00.368  3103  4598 I ContentValuesIterator: DCC item: CustomPhrase_Ortho->Page down
06-16 15:53:00.369  3103  4598 I ContentValuesIterator: DCC item: CustomPhrase_Ortho->Page up
06-16 15:53:00.370  3103  4598 I ContentValuesIterator: DCC item: CustomPhrase_Ortho->Volume down
06-16 15:53:00.372  3103  4598 I ContentValuesIterator: DCC item: CustomPhrase_Ortho->Volume up
06-16 15:53:00.373  3103  4598 I ContentValuesIterator: DCC item: CustomPhrase_Ortho->Stop
06-16 15:53:00.386  3103  4598 I DCCListener: DCC event: DCC_DATA_ID ()
06-16 15:53:00.386  3103  4598 I DCCListener: DCC event: DCC_DATA_PREPARATION_FINISHED (current_total_number=45  added=45  removed=0  failed_to_add=0  failed_to_remove=0)
06-16 15:53:00.398   745  1501 D audio_hw_primary: disable_audio_route: reset and update mixer path: audio-record
06-16 15:53:00.399   745  1501 D soundtrigger: audio HAL using same device 195 as ST
06-16 15:53:00.399   745  1501 D soundtrigger: audio_extn_sound_trigger_update_stream_status: uc_info->id 23 of type 1 for Event 2, with Raise=1
06-16 15:53:00.399   745  1501 D soundtrigger: audio_extn_sound_trigger_update_stream_status: send event 12: usecase id 23, type 1
06-16 15:53:00.399   745  1501 I sound_trigger_platform: platform_stdev_check_and_update_concurrency: Received STREAM event, event type 12, usecase type 1
06-16 15:53:00.399   745  1501 D sound_trigger_platform: platform_stdev_check_and_update_concurrency: dedicated path 0, reset backend 1, tx 1, rx 0,concurrency session not allowed
06-16 15:53:00.399   745  1501 D hardware_info: hw_info_append_hw_type : device_name = voice-rec-mic
06-16 15:53:00.399   745  1501 D audio_hw_primary: disable_snd_device: snd_device(195: current(before decrease) ref_cnt 1) 
06-16 15:53:00.399   745  1501 E audio_hw_primary: disable_snd_device:1snd_device-195,count-0
06-16 15:53:00.399   745  1501 D hardware_info: hw_info_append_hw_type : device_name = voice-rec-mic
06-16 15:53:00.399   745  1501 D audio_hw_primary: disable_snd_device: snd_device(195: voice-rec-mic)
06-16 15:53:00.399   745  1501 D msm8974_platform: platform_split_snd_device: snd_device(195) num devices(0) new_snd_devices[0](0) ret=-22
06-16 15:53:00.401   745  1501 D soundtrigger: audio HAL using same device 195 as ST
06-16 15:53:00.401   745  1501 I soundtrigger: audio_extn_sound_trigger_update_device_status: device 0xc3 of type 1 for Event 0, with Raise=1
06-16 15:53:00.401   745  1501 D sound_trigger_platform: platform_stdev_check_and_update_concurrency: Received DEVICE event, event type 0
06-16 15:53:00.401   745  1501 D sound_trigger_platform: platform_stdev_check_and_update_concurrency: dedicated path 0, reset backend 1, tx 0, rx 0,concurrency session allowed
06-16 15:53:00.403  1373  1424 E AppOps  : Attribution not found: uid=1000 pkg=com.vuzix.speechrecognitionservice(null) op=RECORD_AUDIO
06-16 15:53:00.405   745   785 D audio_hw_primary: adev_release_audio_patch: Remove patch with handle 41
06-16 15:53:00.405   745   785 D audio_hw_primary: route_input_stream: exit: status(0)
06-16 15:53:00.407  1373  1386 I SoundTriggerMiddlewareLogging: setCaptureState[this=com.android.server.soundtrigger_middleware.SoundTriggerMiddlewareImpl@38ce48b, caller=1041/810](false)
06-16 15:53:00.407  1373  1424 I system_server: oneway function results will be dropped but finished with status OK and parcel size 4
06-16 15:53:00.417  3103  4587 D pal/stdout: StarRec_PAL_MutexDeInit(): pthread_mutex_destroy: EBUSY.
06-16 15:53:00.417  3103  4587 D pal/stdout: StarRec_PAL_MutexDeInit(): pthread_mutex_destroy: EDEADLK.
06-16 15:53:00.417  3103  4587 D pal/stdout: StarRec_PAL_MutexDeInit(): pthread_mutex_destroy: while: EBUSY.
06-16 15:53:00.419  3103  4587 D pal/stdout: StarRec_PAL_ThreadWait(): [DCC_NORMAL_0] thread with thread handle 0x0x7b37c18650 is closed.
06-16 15:53:00.420  1373  1386 I SoundTriggerMiddlewareLogging: setCaptureState[this=com.android.server.soundtrigger_middleware.SoundTriggerMiddlewareImpl@38ce48b, caller=1041/810](false)
06-16 15:53:00.421  3103  4587 D pal/stdout: StarRec_PAL_ThreadWait(): [ASR5_CFG] thread with thread handle 0x0x7b37c19790 is closed.
06-16 15:53:00.421  1373  1424 I system_server: oneway function results will be dropped but finished with status OK and parcel size 4
06-16 15:53:00.421  1373  1424 I system_server: oneway function results will be dropped but finished with status OK and parcel size 4
06-16 15:53:00.421   745   785 D audio_hw_primary: adev_close_input_stream: enter:stream_handle(0xeee46bb0)
06-16 15:53:00.421   745   785 D audio_hw_primary: io_streams_map_remove: Removed stream with handle 358
06-16 15:53:00.421   745   785 D soundtrigger: audio_extn_sound_trigger_check_ec_ref_enable: EC Reference is disabled
06-16 15:53:00.421   745   785 D sound_trigger_hw: handle_audio_ec_ref_enabled: Enter
06-16 15:53:00.421   745   785 D sound_trigger_hw: handle_audio_ec_ref_enabled: Exit audio ec ref=0
06-16 15:53:00.421   745   785 D soundtrigger: audio_extn_sound_trigger_update_ec_ref_status: update audio echo ref status false
06-16 15:53:00.421   745   785 D audio_hw_primary: in_standby: enter: stream (0xeee46bb0) usecase(23: audio-record)
06-16 15:53:00.422  3103  4587 D pal/stdout: StarRec_PAL_ThreadWait(): [ASR5_FatalListener] thread with thread handle 0x0x7b37c18350 is closed.
06-16 15:53:00.422  3103  4587 D pal/stdout: StarRec_PAL_ThreadWait(): [ASR5_Dispatcher] thread with thread handle 0x0x7b37c1ca90 is closed.
06-16 15:53:00.422  1373  1387 I system_server: oneway function results will be dropped but finished with status OK and parcel size 4
06-16 15:53:00.423  3103  4587 D pal/stdout: StarRec_PAL_ThreadWait(): [ASR5_Worker0] thread with thread handle 0x0x7b37c1c6d0 is closed.
06-16 15:53:00.425  3103  4587 D pal/stdout: StarRec_PAL_ThreadWait(): [ASR5_Worker1] thread with thread handle 0x0x7b37c1a150 is closed.
06-16 15:53:00.427  3103  4587 D pal/stdout: StarRec_PAL_ThreadWait(): [ASR5_Worker2] thread with thread handle 0x0x7b37c18f50 is closed.
06-16 15:53:00.428  3103  4587 D pal/stdout: StarRec_PAL_ThreadWait(): [ASR5_Worker3] thread with thread handle 0x0x7b37c1a450 is closed.
06-16 15:53:00.471  2528  2528 W VuzixNotificationListener: onNotificationRankingUpdate
06-16 15:53:00.471  2528  2528 I VuzixNotificationListener: reorder
06-16 15:53:00.511  3103  4602 I pal/stdout: StarRec_PAL_ThreadInit(): [ASR5_CFG] initial priority level THREAD_PRIO_NORMAL.
06-16 15:53:00.511  3103  4602 I pal/stdout: StarRec_PAL_ThreadCreate(): [ASR5_CFG] DEFAULT SETTING: invert nice value [3 -> 3].
06-16 15:53:00.511  3103  4602 I pal/stdout: StarRec_PAL_ThreadCreate(): [ASR5_CFG] DEFAULT SETTING: policy [SCHED_OTHER], prio: default [0] + handed-over [3] + 1 = calculated [4].
06-16 15:53:00.512  3103  4602 I pal/stdout: StarRec_PAL_ThreadCreate(): [ASR5_CFG] THREAD CREATED: Policy [0,SCHED_OTHER,OTHER], prio: handed-over [3], final nice,prio [4,0], min [0], max [0]. 
06-16 15:53:00.512  3103  4603 I pal/stdout: fpThreadRoutine_setThreadName(): [ASR5_CFG] ok -> set/getpriority (4)/(4) - hdl [-1725813568] ID [4603].
06-16 15:53:00.512  3103  4603 I pal/stdout: sMainWrapper_PrintPrio(): 
06-16 15:53:00.512  3103  4603 I pal/stdout: 	 pid 4603's priority: 4, name: ASR5_CFG
06-16 15:53:00.512  3103  4603 I pal/stdout: sMainWrapper_PrintPrio(): 	 scheduling class: 
06-16 15:53:00.512  3103  4603 I pal/stdout: sMainWrapper_PrintPrio(): 	 OTHER / Normal 
06-16 15:53:00.512  3103  4603 I pal/stdout: sMainWrapper_PrintPrio(): 	 RT prio: 0 (of 0 to 0)
06-16 15:53:00.512  3103  4602 I pal/stdout: StarRec_PAL_ThreadInit(): [ASR5_Worker0] initial priority level THREAD_PRIO_NORMAL.
06-16 15:53:00.512  3103  4602 I pal/stdout: StarRec_PAL_ThreadCreate(): [ASR5_Worker0] DEFAULT SETTING: invert nice value [3 -> 3].
06-16 15:53:00.512  3103  4602 I pal/stdout: StarRec_PAL_ThreadCreate(): [ASR5_Worker0] DEFAULT SETTING: policy [SCHED_OTHER], prio: default [0] + handed-over [3] + 1 = calculated [4].
06-16 15:53:00.512  3103  4602 I pal/stdout: StarRec_PAL_ThreadCreate(): [ASR5_Worker0] THREAD CREATED: Policy [0,SCHED_OTHER,OTHER], prio: handed-over [3], final nice,prio [4,0], min [0], max [0]. 
06-16 15:53:00.513  3103  4602 I pal/stdout: StarRec_PAL_ThreadInit(): [ASR5_Worker1] initial priority level THREAD_PRIO_NORMAL.
06-16 15:53:00.513  3103  4602 I pal/stdout: StarRec_PAL_ThreadCreate(): [ASR5_Worker1] DEFAULT SETTING: invert nice value [3 -> 3].
06-16 15:53:00.513  3103  4602 I pal/stdout: StarRec_PAL_ThreadCreate(): [ASR5_Worker1] DEFAULT SETTING: policy [SCHED_OTHER], prio: default [0] + handed-over [3] + 1 = calculated [4].
06-16 15:53:00.513  3103  4604 I pal/stdout: fpThreadRoutine_setThreadName(): [ASR5_Worker0] ok -> set/getpriority (4)/(4) - hdl [-1727116096] ID [4604].
06-16 15:53:00.513  3103  4604 I pal/stdout: sMainWrapper_PrintPrio(): 
06-16 15:53:00.513  3103  4604 I pal/stdout: 	 pid 4604's priority: 4, name: ASR5_Worker0
06-16 15:53:00.513  3103  4604 I pal/stdout: sMainWrapper_PrintPrio(): 	 scheduling class: 
06-16 15:53:00.513  3103  4604 I pal/stdout: sMainWrapper_PrintPrio(): 	 OTHER / Normal 
06-16 15:53:00.513  3103  4605 I pal/stdout: fpThreadRoutine_setThreadName(): [ASR5_Worker1] ok -> set/getpriority (4)/(4) - hdl [-1762976576] ID [4605].
06-16 15:53:00.513  3103  4605 I pal/stdout: sMainWrapper_PrintPrio(): 
06-16 15:53:00.513  3103  4605 I pal/stdout: 	 pid 4605's priority: 4, name: ASR5_Worker1
06-16 15:53:00.513  3103  4604 I pal/stdout: sMainWrapper_PrintPrio(): 	 RT prio: 0 (of 0 to 0)
06-16 15:53:00.513  3103  4605 I pal/stdout: sMainWrapper_PrintPrio(): 	 scheduling class: 
06-16 15:53:00.513  3103  4605 I pal/stdout: sMainWrapper_PrintPrio(): 	 OTHER / Normal 
06-16 15:53:00.513  3103  4605 I pal/stdout: sMainWrapper_PrintPrio(): 	 RT prio: 0 (of 0 to 0)
06-16 15:53:00.513  3103  4602 I pal/stdout: StarRec_PAL_ThreadCreate(): [ASR5_Worker1] THREAD CREATED: Policy [0,SCHED_OTHER,OTHER], prio: handed-over [3], final nice,prio [4,0], min [0], max [0]. 
06-16 15:53:00.514  3103  4602 I pal/stdout: StarRec_PAL_ThreadInit(): [ASR5_Worker2] initial priority level THREAD_PRIO_NORMAL.
06-16 15:53:00.514  3103  4602 I pal/stdout: StarRec_PAL_ThreadCreate(): [ASR5_Worker2] DEFAULT SETTING: invert nice value [3 -> 3].
06-16 15:53:00.514  3103  4602 I pal/stdout: StarRec_PAL_ThreadCreate(): [ASR5_Worker2] DEFAULT SETTING: policy [SCHED_OTHER], prio: default [0] + handed-over [3] + 1 = calculated [4].
06-16 15:53:00.514  3103  4602 I pal/stdout: StarRec_PAL_ThreadCreate(): [ASR5_Worker2] THREAD CREATED: Policy [0,SCHED_OTHER,OTHER], prio: handed-over [3], final nice,prio [4,0], min [0], max [0]. 
06-16 15:53:00.514  3103  4602 I pal/stdout: StarRec_PAL_ThreadInit(): [ASR5_Worker3] initial priority level THREAD_PRIO_NORMAL.
06-16 15:53:00.514  3103  4602 I pal/stdout: StarRec_PAL_ThreadCreate(): [ASR5_Worker3] DEFAULT SETTING: invert nice value [3 -> 3].
06-16 15:53:00.514  3103  4602 I pal/stdout: StarRec_PAL_ThreadCreate(): [ASR5_Worker3] DEFAULT SETTING: policy [SCHED_OTHER], prio: default [0] + handed-over [3] + 1 = calculated [4].
06-16 15:53:00.514  3103  4602 I pal/stdout: StarRec_PAL_ThreadCreate(): [ASR5_Worker3] THREAD CREATED: Policy [0,SCHED_OTHER,OTHER], prio: handed-over [3], final nice,prio [4,0], min [0], max [0]. 
06-16 15:53:00.514  3103  4602 I pal/stdout: StarRec_PAL_ThreadInit(): [ASR5_Dispatcher] initial priority level THREAD_PRIO_NORMAL.
06-16 15:53:00.514  3103  4602 I pal/stdout: StarRec_PAL_ThreadCreate(): [ASR5_Dispatcher] DEFAULT SETTING: invert nice value [3 -> 3].
06-16 15:53:00.514  3103  4602 I pal/stdout: StarRec_PAL_ThreadCreate(): [ASR5_Dispatcher] DEFAULT SETTING: policy [SCHED_OTHER], prio: default [0] + handed-over [3] + 1 = calculated [4].
06-16 15:53:00.514  3103  4606 I pal/stdout: fpThreadRoutine_setThreadName(): [ASR5_Worker2] ok -> set/getpriority (4)/(4) - hdl [-1764016960] ID [4606].
06-16 15:53:00.514  3103  4606 I pal/stdout: sMainWrapper_PrintPrio(): 
06-16 15:53:00.514  3103  4606 I pal/stdout: 	 pid 4606's priority: 4, name: ASR5_Worker2
06-16 15:53:00.514  3103  4606 I pal/stdout: sMainWrapper_PrintPrio(): 	 scheduling class: 
06-16 15:53:00.514  3103  4602 I pal/stdout: StarRec_PAL_ThreadCreate(): [ASR5_Dispatcher] THREAD CREATED: Policy [0,SCHED_OTHER,OTHER], prio: handed-over [3], final nice,prio [4,0], min [0], max [0]. 
06-16 15:53:00.514  3103  4606 I pal/stdout: sMainWrapper_PrintPrio(): 	 OTHER / Normal 
06-16 15:53:00.514  3103  4602 I pal/stdout: StarRec_PAL_ThreadInit(): [ASR5_FatalListener] initial priority level THREAD_PRIO_NORMAL.
06-16 15:53:00.514  3103  4602 I pal/stdout: StarRec_PAL_ThreadCreate(): [ASR5_FatalListener] DEFAULT SETTING: invert nice value [3 -> 3].
06-16 15:53:00.514  3103  4602 I pal/stdout: StarRec_PAL_ThreadCreate(): [ASR5_FatalListener] DEFAULT SETTING: policy [SCHED_OTHER], prio: default [0] + handed-over [3] + 1 = calculated [4].
06-16 15:53:00.514  3103  4606 I pal/stdout: sMainWrapper_PrintPrio(): 	 RT prio: 0 (of 0 to 0)
06-16 15:53:00.515  3103  4602 I pal/stdout: StarRec_PAL_ThreadCreate(): [ASR5_FatalListener] THREAD CREATED: Policy [0,SCHED_OTHER,OTHER], prio: handed-over [3], final nice,prio [4,0], min [0], max [0]. 
06-16 15:53:00.515  3103  4609 I pal/stdout: fpThreadRoutine_setThreadName(): [ASR5_FatalListener] ok -> set/getpriority (4)/(4) - hdl [-1767138112] ID [4609].
06-16 15:53:00.515  3103  4609 I pal/stdout: sMainWrapper_PrintPrio(): 
06-16 15:53:00.515  3103  4609 I pal/stdout: 	 pid 4609's priority: 4, name: ASR5_FatalListener
06-16 15:53:00.515  3103  4609 I pal/stdout: sMainWrapper_PrintPrio(): 	 scheduling class: 
06-16 15:53:00.515  3103  4609 I pal/stdout: sMainWrapper_PrintPrio(): 	 OTHER / Normal 
06-16 15:53:00.515  3103  4609 I pal/stdout: sMainWrapper_PrintPrio(): 	 RT prio: 0 (of 0 to 0)
06-16 15:53:00.515  3103  4608 I pal/stdout: fpThreadRoutine_setThreadName(): [ASR5_Dispatcher] ok -> set/getpriority (4)/(4) - hdl [-1766097728] ID [4608].
06-16 15:53:00.515  3103  4608 I pal/stdout: sMainWrapper_PrintPrio(): 
06-16 15:53:00.515  3103  4608 I pal/stdout: 	 pid 4608's priority: 4, name: ASR5_Dispatcher
06-16 15:53:00.515  3103  4608 I pal/stdout: sMainWrapper_PrintPrio(): 	 scheduling class: 
06-16 15:53:00.515  3103  4608 I pal/stdout: sMainWrapper_PrintPrio(): 	 OTHER / Normal 
06-16 15:53:00.515  3103  4608 I pal/stdout: sMainWrapper_PrintPrio(): 	 RT prio: 0 (of 0 to 0)
06-16 15:53:00.515  3103  4607 I pal/stdout: fpThreadRoutine_setThreadName(): [ASR5_Worker3] ok -> set/getpriority (4)/(4) - hdl [-1765057344] ID [4607].
06-16 15:53:00.515  3103  4607 I pal/stdout: sMainWrapper_PrintPrio(): 
06-16 15:53:00.515  3103  4607 I pal/stdout: 	 pid 4607's priority: 4, name: ASR5_Worker3
06-16 15:53:00.515  3103  4607 I pal/stdout: sMainWrapper_PrintPrio(): 	 scheduling class: 
06-16 15:53:00.515  3103  4607 I pal/stdout: sMainWrapper_PrintPrio(): 	 OTHER / Normal 
06-16 15:53:00.515  3103  4607 I pal/stdout: sMainWrapper_PrintPrio(): 	 RT prio: 0 (of 0 to 0)
06-16 15:53:00.546  3103  4602 I pal/stdout: StarRec_PAL_ThreadInit(): [DCC_CREATION_0] initial priority level THREAD_PRIO_NORMAL.
06-16 15:53:00.546  3103  4602 I pal/stdout: StarRec_PAL_ThreadCreate(): [DCC_CREATION_0] DEFAULT SETTING: invert nice value [3 -> 3].
06-16 15:53:00.546  3103  4602 I pal/stdout: StarRec_PAL_ThreadCreate(): [DCC_CREATION_0] DEFAULT SETTING: policy [SCHED_OTHER], prio: default [0] + handed-over [3] + 1 = calculated [4].
06-16 15:53:00.546  3103  4602 I pal/stdout: StarRec_PAL_ThreadCreate(): [DCC_CREATION_0] THREAD CREATED: Policy [0,SCHED_OTHER,OTHER], prio: handed-over [3], final nice,prio [4,0], min [0], max [0]. 
06-16 15:53:00.547  3103  4610 I pal/stdout: fpThreadRoutine_setThreadName(): [DCC_CREATION_0] ok -> set/getpriority (4)/(4) - hdl [1011920064] ID [4610].
06-16 15:53:00.547  3103  4610 I pal/stdout: sMainWrapper_PrintPrio(): 
06-16 15:53:00.547  3103  4610 I pal/stdout: 	 pid 4610's priority: 4, name: DCC_CREATION_0
06-16 15:53:00.547  3103  4610 I pal/stdout: sMainWrapper_PrintPrio(): 	 scheduling class: 
06-16 15:53:00.547  3103  4610 I pal/stdout: sMainWrapper_PrintPrio(): 	 OTHER / Normal 
06-16 15:53:00.547  3103  4610 I pal/stdout: sMainWrapper_PrintPrio(): 	 RT prio: 0 (of 0 to 0)
06-16 15:53:00.555  3103  4610 I DCCListener: DCC event: DCC_CREATION_STARTED ()
06-16 15:53:00.558  3103  4610 I DCCListener: DCC event: DCC_DATA_ID ()
06-16 15:53:00.558  3103  4610 I DCCListener: DCC event: DCC_WITH_N_ENTRIES (45)
06-16 15:53:00.558  3103  4610 I DCCListener: DCC event: DCC_CREATION_FINISHED ()
06-16 15:53:00.559   745   785 D audio_hw_primary: adev_open_input_stream: enter: sample_rate(16000) channel_mask(0x10) devices(0x80000004)        stream_handle(0xeee446f0) io_handle(366) source(6) format 1
06-16 15:53:00.559   745   785 D audio_hw_primary: io_streams_map_insert: Added stream in io_streams_map with handle 366
06-16 15:53:00.559   745   785 E device_utils: update_device_list: Invalid device: 0
06-16 15:53:00.561   810  4612 I AudioFlinger: AudioFlinger's thread 0x7bc9069040 tid=4612 ready to run
06-16 15:53:00.562   745   785 D audio_hw_primary: in_standby: enter: stream (0xeee446f0) usecase(23: audio-record)
06-16 15:53:00.565   745   785 D audio_hw_primary: in_standby: enter: stream (0xeee446f0) usecase(23: audio-record)
06-16 15:53:00.566  1373  1425 I system_server: oneway function results will be dropped but finished with status OK and parcel size 4
06-16 15:53:00.567  1373  1425 I chatty  : uid=1000(system) Binder:1373_4 identical 1 line
06-16 15:53:00.569  1373  1425 I system_server: oneway function results will be dropped but finished with status OK and parcel size 4
06-16 15:53:00.570  3103  4602 I pal/stdout: StarRec_PAL_ThreadInit(): [DCC_NORMAL_0] initial priority level THREAD_PRIO_NORMAL.
06-16 15:53:00.570  3103  4602 I pal/stdout: StarRec_PAL_ThreadCreate(): [DCC_NORMAL_0] DEFAULT SETTING: invert nice value [3 -> 3].
06-16 15:53:00.570  3103  4602 I pal/stdout: StarRec_PAL_ThreadCreate(): [DCC_NORMAL_0] DEFAULT SETTING: policy [SCHED_OTHER], prio: default [0] + handed-over [3] + 1 = calculated [4].
06-16 15:53:00.571  3103  4602 I pal/stdout: StarRec_PAL_ThreadCreate(): [DCC_NORMAL_0] THREAD CREATED: Policy [0,SCHED_OTHER,OTHER], prio: handed-over [3], final nice,prio [4,0], min [0], max [0]. 
06-16 15:53:00.571  3103  4602 I AsrConfiguration: Add app: VuzixApp-en
06-16 15:53:00.571  3103  4613 I pal/stdout: fpThreadRoutine_setThreadName(): [DCC_NORMAL_0] ok -> set/getpriority (4)/(4) - hdl [789159104] ID [4613].
06-16 15:53:00.571  3103  4613 I pal/stdout: sMainWrapper_PrintPrio(): 
06-16 15:53:00.571  3103  4613 I pal/stdout: 	 pid 4613's priority: 4, name: DCC_NORMAL_0
06-16 15:53:00.571  3103  4613 I pal/stdout: sMainWrapper_PrintPrio(): 	 scheduling class: 
06-16 15:53:00.571  3103  4613 I pal/stdout: sMainWrapper_PrintPrio(): 	 OTHER / Normal 
06-16 15:53:00.571  3103  4613 I pal/stdout: sMainWrapper_PrintPrio(): 	 RT prio: 0 (of 0 to 0)
06-16 15:53:00.572  3103  4613 D pal/stdout: StarRec_PAL_ThreadWait(): [DCC_CREATION_0] thread with thread handle 0x0x7b37c18650 is closed.
06-16 15:53:00.574  3103  4613 I DCCListener: DCC event: DCC_DATA_PREPARATION_STARTED ()
06-16 15:53:00.589  3103  3103 D VzxSrSpeechRecognitionService: Icon IconStatusSleep
06-16 15:53:00.592   745   785 D audio_hw_primary: adev_create_audio_patch: enter: num sources 1, num_sinks 1, handle 0
06-16 15:53:00.592   745   785 D audio_hw_primary: adev_create_audio_patch: Capture patch from device 80000004 to mix 366
06-16 15:53:00.592   745   785 D audio_hw_primary: update_patch: enter
06-16 15:53:00.592   745   785 D audio_hw_primary: route_input_stream: exit: status(0)
06-16 15:53:00.592   745   785 D audio_hw_primary: adev_create_audio_patch: Added a new patch with handle 42
06-16 15:53:00.592  1373  1387 I system_server: oneway function results will be dropped but finished with status OK and parcel size 4
06-16 15:53:00.593   745  1501 E device_utils: update_device_list: Invalid device: 0
06-16 15:53:00.593  1373  1387 I system_server: oneway function results will be dropped but finished with status OK and parcel size 4
06-16 15:53:00.597  1373  1387 I SoundTriggerMiddlewareLogging: setCaptureState[this=com.android.server.soundtrigger_middleware.SoundTriggerMiddlewareImpl@38ce48b, caller=1041/810](true)
06-16 15:53:00.599   745   785 E FMQ     : grantorIdx must be less than 3
06-16 15:53:00.599   745   785 E FMQ     : grantorIdx must be less than 3
06-16 15:53:00.599   810  4612 E FMQ     : grantorIdx must be less than 3
06-16 15:53:00.600   810  4612 E FMQ     : grantorIdx must be less than 3
06-16 15:53:00.600   745  4615 D audio_hw_primary: start_input_stream: enter: stream(0xeee446f0)usecase(23: audio-record), source 6
06-16 15:53:00.600   745  4615 D audio_hw_primary: select_devices for use case (audio-record)
06-16 15:53:00.600   745  4615 I msm8974_platform: platform_check_and_set_capture_codec_backend_cfg:txbecf: afe: bitwidth 16, samplerate 16000, channel 1 format 1, backend_idx 8 usecase = 23 device (voice-rec-mic)
06-16 15:53:00.600   745  4615 I msm8974_platform: platform_check_capture_codec_backend_cfg:txbecf: afe: Codec selected backend: 8 current bit width: 16 and sample rate: 16000, channels 1 format 1
06-16 15:53:00.600   745  4615 I msm8974_platform: platform_check_capture_codec_backend_cfg:txbecf: afe: current backend bit_width 16 sample_rate 48000 channels 1, format 0
06-16 15:53:00.600   745  4615 I msm8974_platform: platform_check_capture_codec_backend_cfg:txbecf: afe: Codec backend needs to be updated. new bit width: 16 new sample rate: 48000 new channel: 1 new format: 1
06-16 15:53:00.600   745  4615 I msm8974_platform: platform_set_codec_backend_cfg:becf: afe: bitwidth 16, samplerate 48000 channels 1 format 1, backend_idx 8 device (voice-rec-mic)
06-16 15:53:00.600   745  4615 D audio_hw_primary: check_usecases_capture_codec_backend:becf: force routing 0
06-16 15:53:00.600   745  4615 E audio_hw_primary: enable_snd_device: addcheck2 other record usecase's dev
06-16 15:53:00.600   745  4615 D hardware_info: hw_info_append_hw_type : device_name = voice-rec-mic
06-16 15:53:00.601   745  4615 D audio_hw_primary: enable_snd_device: snd_device(195: current(before increase) ref_cnt 0)
06-16 15:53:00.601   745  4615 D msm8974_platform: platform_split_snd_device: snd_device(195) num devices(0) new_snd_devices[0](0) ret=-22
06-16 15:53:00.601   745  4615 D audio_hw_primary: enable_snd_device: snd_device(195: voice-rec-mic)
06-16 15:53:00.601   745  4615 D msm8974_platform: platform_get_island_cfg_on_device:island cfg status on snd_device = (voice-rec-mic 0)
06-16 15:53:00.601   745  4615 D soundtrigger: audio HAL using same device 195 as ST
06-16 15:53:00.601   745  4615 I soundtrigger: audio_extn_sound_trigger_update_device_status: device 0xc3 of type 1 for Event 1, with Raise=1
06-16 15:53:00.601   745  4615 D sound_trigger_platform: platform_stdev_check_and_update_concurrency: Received DEVICE event, event type 1
06-16 15:53:00.601   745  4615 D sound_trigger_platform: platform_stdev_check_and_update_concurrency: dedicated path 0, reset backend 1, tx 1, rx 0,concurrency session not allowed
06-16 15:53:00.601   745  4615 D audio_route: Apply path: voice-rec-mic
06-16 15:53:00.602   745  4615 D soundtrigger: audio HAL using same device 195 as ST
06-16 15:53:00.602   745  4615 D soundtrigger: audio_extn_sound_trigger_update_stream_status: uc_info->id 23 of type 1 for Event 3, with Raise=1
06-16 15:53:00.602   745  4615 D soundtrigger: audio_extn_sound_trigger_update_stream_status: send event 13: usecase id 23, type 1
06-16 15:53:00.602   745  4615 I sound_trigger_platform: platform_stdev_check_and_update_concurrency: Received STREAM event, event type 13, usecase type 1
06-16 15:53:00.602   745  4615 D sound_trigger_platform: platform_stdev_check_and_update_concurrency: dedicated path 0, reset backend 1, tx 1, rx 0,concurrency session not allowed
06-16 15:53:00.602   745  4615 D audio_hw_utils: audio_extn_utils_send_app_type_cfg: usecase->in_snd_device voice-rec-mic
06-16 15:53:00.602   745  4615 D msm8974_platform: platform_split_snd_device: snd_device(195) num devices(0) new_snd_devices[0](0) ret=-22
06-16 15:53:00.602   745  4615 D msm8974_platform: platform_get_snd_device_backend_index: device 195 is hw_interface_name INT3_MI2S_TX is be_dai_id=152
06-16 15:53:00.602   745  4615 D audio_hw_utils: audio_extn_btsco_get_sample_rate:Not a BT SCO device, need not update sampling rate
06-16 15:53:00.602   745  4615 I audio_hw_utils: send_app_type_cfg_for_device CAPTURE app_type 69938, acdb_dev_id 11, sample_rate 16000, snd_device_be_idx 152
06-16 15:53:00.603   745  4615 D msm8974_platform: platform_split_snd_device: snd_device(195) num devices(1) new_snd_devices[0](0) ret=-22
06-16 15:53:00.603   745  4615 D audio_hw_utils: audio_extn_btsco_get_sample_rate:Not a BT SCO device, need not update sampling rate
06-16 15:53:00.603   745  4615 D ACDB-LOADER: ACDB -> send_audio_cal, acdb_id = 11, path = 1, app id = 0x11132, sample rate = 16000, afe_sample_rate = 48000
06-16 15:53:00.603   745  4615 D ACDB-LOADER: ACDB -> send_asm_topology
06-16 15:53:00.603   745  4615 D ACDB-LOADER: ACDB -> ACDB_CMD_GET_AUDPROC_STREAM_TOPOLOGY_ID
06-16 15:53:00.603   745  4615 D ACDB-LOADER: ACDB -> send_adm_topology
06-16 15:53:00.603   745  4615 D ACDB-LOADER: ACDB -> ACDB_CMD_GET_AUDPROC_COMMON_TOPOLOGY_ID
06-16 15:53:00.603   745  4615 D ACDB-LOADER: ACDB -> send_audtable
06-16 15:53:00.603   745  4615 D ACDB-LOADER: ACDB -> ACDB_CMD_GET_AUDPROC_COMMON_TABLE_SIZE
06-16 15:53:00.603   745  4615 D ACDB-LOADER: ACDB -> ACDB_CMD_GET_AUDPROC_COMMON_TABLE
06-16 15:53:00.603   745  4615 D ACDB-LOADER: ACDB -> AUDIO_SET_AUDPROC_CAL cal_type[11] acdb_id[11] app_type[69938]
06-16 15:53:00.603   745  4615 D ACDB-LOADER: ACDB -> ACDB_CMD_GET_AUDPROC_STREAM_TABLE_SIZE
06-16 15:53:00.603   745  4615 D ACDB-LOADER: ACDB -> send_audstrmtable
06-16 15:53:00.603   745  4615 D ACDB-LOADER: ACDB -> ACDB_CMD_GET_AUDPROC_STREAM_TABLE_V2
06-16 15:53:00.603   745  4615 D ACDB-LOADER: ACDB -> audstrm_cal->cal_type.cal_data.cal_size = 16
06-16 15:53:00.603   745  4615 D ACDB-LOADER: ACDB -> send_afe_topology
06-16 15:53:00.603   745  4615 D ACDB-LOADER: ACDB -> ACDB_CMD_GET_AFE_TOPOLOGY_ID
06-16 15:53:00.603   745  4615 D ACDB-LOADER: ACDB -> GET_AFE_TOPOLOGY_ID for adcd_id 11, Topology Id 112fb
06-16 15:53:00.603   745  4615 D ACDB-LOADER: ACDB -> send_afe_cal
06-16 15:53:00.603   745  4615 D ACDB-LOADER: ACDB -> ACDB_CMD_GET_AFE_COMMON_TABLE_SIZE
06-16 15:53:00.603   745  4615 D android.hardware.audio.service: Failed to fetch the lookup information of the device 000018EB 11
06-16 15:53:00.603   745  4615 D ACDB-LOADER: Error: ACDB_CMD_GET_AFE_COMMON_TABLE_SIZE Returned = -19
06-16 15:53:00.603   745  4615 D ACDB-LOADER: ACDB -> ACDB_CMD_GET_AFE_COMMON_TABLE
06-16 15:53:00.603   745  4615 D android.hardware.audio.service: Failed to fetch the lookup information of the device 000018EB 11
06-16 15:53:00.603   745  4615 D ACDB-LOADER: Error: ACDB AFE returned = -19
06-16 15:53:00.603   745  4615 D ACDB-LOADER: ACDB -> AUDIO_SET_AFE_CAL cal_type[17] acdb_id[11]
06-16 15:53:00.603   745  4615 D ACDB-LOADER: ACDB -> send_hw_delay : acdb_id = 11 path = 1
06-16 15:53:00.603   745  4615 D ACDB-LOADER: ACDB -> ACDB_AVSYNC_INFO: ACDB_CMD_GET_DEVICE_PROPERTY
06-16 15:53:00.603   745  4615 D audio_hw_primary: enable_audio_route: apply mixer and update path: audio-record
06-16 15:53:00.603   745  4615 D audio_route: Apply path: audio-record
06-16 15:53:00.604   745  4615 D audio_hw_primary: select_devices: done
06-16 15:53:00.624  3103  4613 I ContentValuesIterator: DCC item: CustomPhrase_Ortho->hello view-zix
06-16 15:53:00.627  3103  4613 I ContentValuesIterator: DCC item: CustomPhrase_Ortho->Voice off
06-16 15:53:00.629  3103  4613 I ContentValuesIterator: DCC item: CustomPhrase_Ortho->Okay
06-16 15:53:00.630  3103  4613 I ContentValuesIterator: DCC item: CustomPhrase_Ortho->Open
06-16 15:53:00.632  3103  4613 I ContentValuesIterator: DCC item: CustomPhrase_Ortho->Confirm
06-16 15:53:00.632   745  4615 D audio_hw_primary: start_input_stream: exit
06-16 15:53:00.633  3103  4613 I ContentValuesIterator: DCC item: CustomPhrase_Ortho->Select this
06-16 15:53:00.635  3103  4613 I ContentValuesIterator: DCC item: CustomPhrase_Ortho->Pick this
06-16 15:53:00.636  3103  4613 I ContentValuesIterator: DCC item: CustomPhrase_Ortho->Move left
06-16 15:53:00.637  3103  4613 I ContentValuesIterator: DCC item: CustomPhrase_Ortho->Go left
06-16 15:53:00.639  3103  4613 I ContentValuesIterator: DCC item: CustomPhrase_Ortho->Scroll left
06-16 15:53:00.640  3103  4613 I ContentValuesIterator: DCC item: CustomPhrase_Ortho->Move right
06-16 15:53:00.641  3103  4613 I ContentValuesIterator: DCC item: CustomPhrase_Ortho->Go right
06-16 15:53:00.642  3103  4613 I ContentValuesIterator: DCC item: CustomPhrase_Ortho->Scroll right
06-16 15:53:00.644  3103  4613 I ContentValuesIterator: DCC item: CustomPhrase_Ortho->Move up
06-16 15:53:00.646  3103  4613 I ContentValuesIterator: DCC item: CustomPhrase_Ortho->Go up
06-16 15:53:00.647  3103  4613 I ContentValuesIterator: DCC item: CustomPhrase_Ortho->Scroll up
06-16 15:53:00.649  3103  4613 I ContentValuesIterator: DCC item: CustomPhrase_Ortho->Move down
06-16 15:53:00.650  3103  4613 I ContentValuesIterator: DCC item: CustomPhrase_Ortho->Go down
06-16 15:53:00.651  3103  4613 I ContentValuesIterator: DCC item: CustomPhrase_Ortho->Scroll down
06-16 15:53:00.653  3103  4613 I ContentValuesIterator: DCC item: CustomPhrase_Ortho->Go back
06-16 15:53:00.654  3103  4613 I ContentValuesIterator: DCC item: CustomPhrase_Ortho->Close
06-16 15:53:00.655  3103  4613 I ContentValuesIterator: DCC item: CustomPhrase_Ortho->Cancel
06-16 15:53:00.655  3103  4613 I ContentValuesIterator: DCC item: CustomPhrase_Ortho->Go home
06-16 15:53:00.656  3103  4613 I ContentValuesIterator: DCC item: CustomPhrase_Ortho->Quit
06-16 15:53:00.657  3103  4613 I ContentValuesIterator: DCC item: CustomPhrase_Ortho->Show menu
06-16 15:53:00.658  3103  4613 I ContentValuesIterator: DCC item: CustomPhrase_Ortho->Page down
06-16 15:53:00.659  3103  4613 I ContentValuesIterator: DCC item: CustomPhrase_Ortho->Page up
06-16 15:53:00.661  3103  4613 I ContentValuesIterator: DCC item: CustomPhrase_Ortho->Volume down
06-16 15:53:00.662  3103  4613 I ContentValuesIterator: DCC item: CustomPhrase_Ortho->Volume up
06-16 15:53:00.664  3103  4613 I ContentValuesIterator: DCC item: CustomPhrase_Ortho->Stop
06-16 15:53:00.665  3103  4613 I ContentValuesIterator: DCC item: CustomPhrase_Ortho->Close File
06-16 15:53:00.666  3103  4613 I ContentValuesIterator: DCC item: CustomPhrase_Ortho->Zoom in
06-16 15:53:00.667  3103  4613 I ContentValuesIterator: DCC item: CustomPhrase_Ortho->Zoom out
06-16 15:53:00.668  3103  4613 I ContentValuesIterator: DCC item: CustomPhrase_Ortho->Previous Page
06-16 15:53:00.670  3103  4613 I ContentValuesIterator: DCC item: CustomPhrase_Ortho->Next Page
06-16 15:53:00.671  3103  4613 I ContentValuesIterator: DCC item: CustomPhrase_Ortho->Lock
06-16 15:53:00.671  3103  4613 I ContentValuesIterator: DCC item: CustomPhrase_Ortho->Unlock
06-16 15:53:00.672  3103  4613 I ContentValuesIterator: DCC item: CustomPhrase_Ortho->Light Mode
06-16 15:53:00.673  3103  4613 I ContentValuesIterator: DCC item: CustomPhrase_Ortho->Dark Mode
06-16 15:53:00.675  3103  4613 I ContentValuesIterator: DCC item: CustomPhrase_Ortho->Open Help
06-16 15:53:00.676  3103  4613 I ContentValuesIterator: DCC item: CustomPhrase_Ortho->Speech Commands
06-16 15:53:00.688  3103  4613 I DCCListener: DCC event: DCC_DATA_ID ()
06-16 15:53:00.689  3103  4613 I DCCListener: DCC event: DCC_DATA_PREPARATION_FINISHED (current_total_number=41  added=41  removed=0  failed_to_add=0  failed_to_remove=0)
06-16 15:53:00.689  3103  4602 I Asr     : Data prep finished event received; proceeding
06-16 15:53:00.809  2528  2528 W VuzixNotificationListener: onNotificationPosted: 0|com.vuzix.speechrecognitionservice|1|null|1000
06-16 15:53:00.809  2528  2528 I VuzixNotificationListener: notify: 0|com.vuzix.speechrecognitionservice|1|null|1000
06-16 15:53:00.809  2528  2528 W VuzixNotificationListener: shouldShowPopup 2 true
06-16 15:53:02.168   745   785 D audio_hw_primary: in_standby: enter: stream (0xeee446f0) usecase(23: audio-record)
06-16 15:53:02.169  1373  1425 I system_server: oneway function results will be dropped but finished with status OK and parcel size 4
06-16 15:53:02.220   745   785 D audio_hw_primary: disable_audio_route: reset and update mixer path: audio-record
06-16 15:53:02.223   745   785 D soundtrigger: audio HAL using same device 195 as ST
06-16 15:53:02.223   745   785 D soundtrigger: audio_extn_sound_trigger_update_stream_status: uc_info->id 23 of type 1 for Event 2, with Raise=1
06-16 15:53:02.223   745   785 D soundtrigger: audio_extn_sound_trigger_update_stream_status: send event 12: usecase id 23, type 1
06-16 15:53:02.223   745   785 I sound_trigger_platform: platform_stdev_check_and_update_concurrency: Received STREAM event, event type 12, usecase type 1
06-16 15:53:02.223   745   785 D sound_trigger_platform: platform_stdev_check_and_update_concurrency: dedicated path 0, reset backend 1, tx 1, rx 0,concurrency session not allowed
06-16 15:53:02.223   745   785 D hardware_info: hw_info_append_hw_type : device_name = voice-rec-mic
06-16 15:53:02.223   745   785 D audio_hw_primary: disable_snd_device: snd_device(195: current(before decrease) ref_cnt 1) 
06-16 15:53:02.223   745   785 E audio_hw_primary: disable_snd_device:1snd_device-195,count-0
06-16 15:53:02.223   745   785 D hardware_info: hw_info_append_hw_type : device_name = voice-rec-mic
06-16 15:53:02.223   745   785 D audio_hw_primary: disable_snd_device: snd_device(195: voice-rec-mic)
06-16 15:53:02.223   745   785 D msm8974_platform: platform_split_snd_device: snd_device(195) num devices(0) new_snd_devices[0](0) ret=-22
06-16 15:53:02.225   745   785 D soundtrigger: audio HAL using same device 195 as ST
06-16 15:53:02.225   745   785 I soundtrigger: audio_extn_sound_trigger_update_device_status: device 0xc3 of type 1 for Event 0, with Raise=1
06-16 15:53:02.225   745   785 D sound_trigger_platform: platform_stdev_check_and_update_concurrency: Received DEVICE event, event type 0
06-16 15:53:02.225   745   785 D sound_trigger_platform: platform_stdev_check_and_update_concurrency: dedicated path 0, reset backend 1, tx 0, rx 0,concurrency session allowed
06-16 15:53:02.227  1373  1387 E AppOps  : Attribution not found: uid=1000 pkg=com.vuzix.speechrecognitionservice(null) op=RECORD_AUDIO
06-16 15:53:02.229   745  1501 D audio_hw_primary: adev_release_audio_patch: Remove patch with handle 42
06-16 15:53:02.229   745  1501 D audio_hw_primary: route_input_stream: exit: status(0)
06-16 15:53:02.231  1373  2576 I SoundTriggerMiddlewareLogging: setCaptureState[this=com.android.server.soundtrigger_middleware.SoundTriggerMiddlewareImpl@38ce48b, caller=1041/810](false)
06-16 15:53:02.231  1373  1387 I system_server: oneway function results will be dropped but finished with status OK and parcel size 4
06-16 15:53:02.251  1373  1425 I SoundTriggerMiddlewareLogging: setCaptureState[this=com.android.server.soundtrigger_middleware.SoundTriggerMiddlewareImpl@38ce48b, caller=1041/810](false)
06-16 15:53:02.252  1373  1387 I system_server: oneway function results will be dropped but finished with status OK and parcel size 4
06-16 15:53:02.252  1373  1387 I system_server: oneway function results will be dropped but finished with status OK and parcel size 4
06-16 15:53:02.253   745   785 D audio_hw_primary: adev_close_input_stream: enter:stream_handle(0xeee446f0)
06-16 15:53:02.253   745   785 D audio_hw_primary: io_streams_map_remove: Removed stream with handle 366
06-16 15:53:02.253   745   785 D soundtrigger: audio_extn_sound_trigger_check_ec_ref_enable: EC Reference is disabled
06-16 15:53:02.253   745   785 D sound_trigger_hw: handle_audio_ec_ref_enabled: Enter
06-16 15:53:02.253   745   785 D sound_trigger_hw: handle_audio_ec_ref_enabled: Exit audio ec ref=0
06-16 15:53:02.253   745   785 D soundtrigger: audio_extn_sound_trigger_update_ec_ref_status: update audio echo ref status false
06-16 15:53:02.253   745   785 D audio_hw_primary: in_standby: enter: stream (0xeee446f0) usecase(23: audio-record)
06-16 15:53:02.253  1373  1387 I system_server: oneway function results will be dropped but finished with status OK and parcel size 4
06-16 15:53:02.255  3103  4602 D pal/stdout: StarRec_PAL_MutexDeInit(): pthread_mutex_destroy: EBUSY.
06-16 15:53:02.255  3103  4602 D pal/stdout: StarRec_PAL_MutexDeInit(): pthread_mutex_destroy: EDEADLK.
06-16 15:53:02.255  3103  4602 D pal/stdout: StarRec_PAL_MutexDeInit(): pthread_mutex_destroy: while: EBUSY.
06-16 15:53:02.259  3103  4602 D pal/stdout: StarRec_PAL_ThreadWait(): [DCC_NORMAL_0] thread with thread handle 0x0x7b37c1af90 is closed.
06-16 15:53:02.264  3103  4602 D pal/stdout: StarRec_PAL_ThreadWait(): [ASR5_CFG] thread with thread handle 0x0x7b37c1b350 is closed.
06-16 15:53:02.266  3103  4602 D pal/stdout: StarRec_PAL_ThreadWait(): [ASR5_FatalListener] thread with thread handle 0x0x7b37c1c6d0 is closed.
06-16 15:53:02.266  3103  4602 D pal/stdout: StarRec_PAL_ThreadWait(): [ASR5_Dispatcher] thread with thread handle 0x0x7b37c1a150 is closed.
06-16 15:53:02.267  3103  4602 D pal/stdout: StarRec_PAL_ThreadWait(): [ASR5_Worker0] thread with thread handle 0x0x7b37c1ce50 is closed.
06-16 15:53:02.268  3103  4602 D pal/stdout: StarRec_PAL_ThreadWait(): [ASR5_Worker1] thread with thread handle 0x0x7b37c178d0 is closed.
06-16 15:53:02.269  3103  4602 D pal/stdout: StarRec_PAL_ThreadWait(): [ASR5_Worker2] thread with thread handle 0x0x7b37c1a450 is closed.
06-16 15:53:02.269  3103  4602 D pal/stdout: StarRec_PAL_ThreadWait(): [ASR5_Worker3] thread with thread handle 0x0x7b37c18f50 is closed.
06-16 15:53:02.389  3103  4620 I pal/stdout: StarRec_PAL_ThreadInit(): [ASR5_CFG] initial priority level THREAD_PRIO_NORMAL.
06-16 15:53:02.390  3103  4620 I pal/stdout: StarRec_PAL_ThreadCreate(): [ASR5_CFG] DEFAULT SETTING: invert nice value [3 -> 3].
06-16 15:53:02.390  3103  4620 I pal/stdout: StarRec_PAL_ThreadCreate(): [ASR5_CFG] DEFAULT SETTING: policy [SCHED_OTHER], prio: default [0] + handed-over [3] + 1 = calculated [4].
06-16 15:53:02.390  3103  4620 I pal/stdout: StarRec_PAL_ThreadCreate(): [ASR5_CFG] THREAD CREATED: Policy [0,SCHED_OTHER,OTHER], prio: handed-over [3], final nice,prio [4,0], min [0], max [0]. 
06-16 15:53:02.390  3103  4621 I pal/stdout: fpThreadRoutine_setThreadName(): [ASR5_CFG] ok -> set/getpriority (4)/(4) - hdl [-1725813568] ID [4621].
06-16 15:53:02.390  3103  4621 I pal/stdout: sMainWrapper_PrintPrio(): 
06-16 15:53:02.390  3103  4621 I pal/stdout: 	 pid 4621's priority: 4, name: ASR5_CFG
06-16 15:53:02.390  3103  4621 I pal/stdout: sMainWrapper_PrintPrio(): 	 scheduling class: 
06-16 15:53:02.390  3103  4621 I pal/stdout: sMainWrapper_PrintPrio(): 	 OTHER / Normal 
06-16 15:53:02.390  3103  4621 I pal/stdout: sMainWrapper_PrintPrio(): 	 RT prio: 0 (of 0 to 0)
06-16 15:53:02.391  3103  4620 I pal/stdout: StarRec_PAL_ThreadInit(): [ASR5_Worker0] initial priority level THREAD_PRIO_NORMAL.
06-16 15:53:02.391  3103  4620 I pal/stdout: StarRec_PAL_ThreadCreate(): [ASR5_Worker0] DEFAULT SETTING: invert nice value [3 -> 3].
06-16 15:53:02.391  3103  4620 I pal/stdout: StarRec_PAL_ThreadCreate(): [ASR5_Worker0] DEFAULT SETTING: policy [SCHED_OTHER], prio: default [0] + handed-over [3] + 1 = calculated [4].
06-16 15:53:02.391  3103  4620 I pal/stdout: StarRec_PAL_ThreadCreate(): [ASR5_Worker0] THREAD CREATED: Policy [0,SCHED_OTHER,OTHER], prio: handed-over [3], final nice,prio [4,0], min [0], max [0]. 
06-16 15:53:02.391  3103  4620 I pal/stdout: StarRec_PAL_ThreadInit(): [ASR5_Worker1] initial priority level THREAD_PRIO_NORMAL.
06-16 15:53:02.391  3103  4620 I pal/stdout: StarRec_PAL_ThreadCreate(): [ASR5_Worker1] DEFAULT SETTING: invert nice value [3 -> 3].
06-16 15:53:02.391  3103  4620 I pal/stdout: StarRec_PAL_ThreadCreate(): [ASR5_Worker1] DEFAULT SETTING: policy [SCHED_OTHER], prio: default [0] + handed-over [3] + 1 = calculated [4].
06-16 15:53:02.391  3103  4620 I pal/stdout: StarRec_PAL_ThreadCreate(): [ASR5_Worker1] THREAD CREATED: Policy [0,SCHED_OTHER,OTHER], prio: handed-over [3], final nice,prio [4,0], min [0], max [0]. 
06-16 15:53:02.391  3103  4620 I pal/stdout: StarRec_PAL_ThreadInit(): [ASR5_Worker2] initial priority level THREAD_PRIO_NORMAL.
06-16 15:53:02.391  3103  4620 I pal/stdout: StarRec_PAL_ThreadCreate(): [ASR5_Worker2] DEFAULT SETTING: invert nice value [3 -> 3].
06-16 15:53:02.391  3103  4620 I pal/stdout: StarRec_PAL_ThreadCreate(): [ASR5_Worker2] DEFAULT SETTING: policy [SCHED_OTHER], prio: default [0] + handed-over [3] + 1 = calculated [4].
06-16 15:53:02.391  3103  4620 I pal/stdout: StarRec_PAL_ThreadCreate(): [ASR5_Worker2] THREAD CREATED: Policy [0,SCHED_OTHER,OTHER], prio: handed-over [3], final nice,prio [4,0], min [0], max [0]. 
06-16 15:53:02.392  3103  4620 I pal/stdout: StarRec_PAL_ThreadInit(): [ASR5_Worker3] initial priority level THREAD_PRIO_NORMAL.
06-16 15:53:02.392  3103  4620 I pal/stdout: StarRec_PAL_ThreadCreate(): [ASR5_Worker3] DEFAULT SETTING: invert nice value [3 -> 3].
06-16 15:53:02.392  3103  4620 I pal/stdout: StarRec_PAL_ThreadCreate(): [ASR5_Worker3] DEFAULT SETTING: policy [SCHED_OTHER], prio: default [0] + handed-over [3] + 1 = calculated [4].
06-16 15:53:02.392  3103  4620 I pal/stdout: StarRec_PAL_ThreadCreate(): [ASR5_Worker3] THREAD CREATED: Policy [0,SCHED_OTHER,OTHER], prio: handed-over [3], final nice,prio [4,0], min [0], max [0]. 
06-16 15:53:02.392  3103  4622 I pal/stdout: fpThreadRoutine_setThreadName(): [ASR5_Worker0] ok -> set/getpriority (4)/(4) - hdl [-1727116096] ID [4622].
06-16 15:53:02.392  3103  4620 I pal/stdout: StarRec_PAL_ThreadInit(): [ASR5_Dispatcher] initial priority level THREAD_PRIO_NORMAL.
06-16 15:53:02.392  3103  4620 I pal/stdout: StarRec_PAL_ThreadCreate(): [ASR5_Dispatcher] DEFAULT SETTING: invert nice value [3 -> 3].
06-16 15:53:02.392  3103  4620 I pal/stdout: StarRec_PAL_ThreadCreate(): [ASR5_Dispatcher] DEFAULT SETTING: policy [SCHED_OTHER], prio: default [0] + handed-over [3] + 1 = calculated [4].
06-16 15:53:02.392  3103  4623 I pal/stdout: fpThreadRoutine_setThreadName(): [ASR5_Worker1] ok -> set/getpriority (4)/(4) - hdl [-1762976576] ID [4623].
06-16 15:53:02.392  3103  4620 I pal/stdout: StarRec_PAL_ThreadCreate(): [ASR5_Dispatcher] THREAD CREATED: Policy [0,SCHED_OTHER,OTHER], prio: handed-over [3], final nice,prio [4,0], min [0], max [0]. 
06-16 15:53:02.392  3103  4623 I pal/stdout: sMainWrapper_PrintPrio(): 
06-16 15:53:02.392  3103  4623 I pal/stdout: 	 pid 4623's priority: 4, name: ASR5_Worker1
06-16 15:53:02.392  3103  4623 I pal/stdout: sMainWrapper_PrintPrio(): 	 scheduling class: 
06-16 15:53:02.392  3103  4622 I pal/stdout: sMainWrapper_PrintPrio(): 
06-16 15:53:02.392  3103  4622 I pal/stdout: 	 pid 4622's priority: 4, name: ASR5_Worker0
06-16 15:53:02.392  3103  4626 I pal/stdout: fpThreadRoutine_setThreadName(): [ASR5_Dispatcher] ok -> set/getpriority (4)/(4) - hdl [-1766097728] ID [4626].
06-16 15:53:02.392  3103  4626 I pal/stdout: sMainWrapper_PrintPrio(): 
06-16 15:53:02.392  3103  4626 I pal/stdout: 	 pid 4626's priority: 4, name: ASR5_Dispatcher
06-16 15:53:02.392  3103  4626 I pal/stdout: sMainWrapper_PrintPrio(): 	 scheduling class: 
06-16 15:53:02.392  3103  4626 I pal/stdout: sMainWrapper_PrintPrio(): 	 OTHER / Normal 
06-16 15:53:02.392  3103  4626 I pal/stdout: sMainWrapper_PrintPrio(): 	 RT prio: 0 (of 0 to 0)
06-16 15:53:02.392  3103  4622 I pal/stdout: sMainWrapper_PrintPrio(): 	 scheduling class: 
06-16 15:53:02.392  3103  4622 I pal/stdout: sMainWrapper_PrintPrio(): 	 OTHER / Normal 
06-16 15:53:02.392  3103  4622 I pal/stdout: sMainWrapper_PrintPrio(): 	 RT prio: 0 (of 0 to 0)
06-16 15:53:02.392  3103  4623 I pal/stdout: sMainWrapper_PrintPrio(): 	 OTHER / Normal 
06-16 15:53:02.392  3103  4620 I pal/stdout: StarRec_PAL_ThreadInit(): [ASR5_FatalListener] initial priority level THREAD_PRIO_NORMAL.
06-16 15:53:02.392  3103  4625 I pal/stdout: fpThreadRoutine_setThreadName(): [ASR5_Worker3] ok -> set/getpriority (4)/(4) - hdl [-1765057344] ID [4625].
06-16 15:53:02.392  3103  4625 I pal/stdout: sMainWrapper_PrintPrio(): 
06-16 15:53:02.392  3103  4625 I pal/stdout: 	 pid 4625's priority: 4, name: ASR5_Worker3
06-16 15:53:02.392  3103  4625 I pal/stdout: sMainWrapper_PrintPrio(): 	 scheduling class: 
06-16 15:53:02.392  3103  4625 I pal/stdout: sMainWrapper_PrintPrio(): 	 OTHER / Normal 
06-16 15:53:02.392  3103  4625 I pal/stdout: sMainWrapper_PrintPrio(): 	 RT prio: 0 (of 0 to 0)
06-16 15:53:02.392  3103  4624 I pal/stdout: fpThreadRoutine_setThreadName(): [ASR5_Worker2] ok -> set/getpriority (4)/(4) - hdl [-1764016960] ID [4624].
06-16 15:53:02.392  3103  4624 I pal/stdout: sMainWrapper_PrintPrio(): 
06-16 15:53:02.392  3103  4624 I pal/stdout: 	 pid 4624's priority: 4, name: ASR5_Worker2
06-16 15:53:02.392  3103  4624 I pal/stdout: sMainWrapper_PrintPrio(): 	 scheduling class: 
06-16 15:53:02.392  3103  4623 I pal/stdout: sMainWrapper_PrintPrio(): 	 RT prio: 0 (of 0 to 0)
06-16 15:53:02.392  3103  4624 I pal/stdout: sMainWrapper_PrintPrio(): 	 OTHER / Normal 
06-16 15:53:02.393  3103  4624 I pal/stdout: sMainWrapper_PrintPrio(): 	 RT prio: 0 (of 0 to 0)
06-16 15:53:02.393  3103  4620 I pal/stdout: StarRec_PAL_ThreadCreate(): [ASR5_FatalListener] DEFAULT SETTING: invert nice value [3 -> 3].
06-16 15:53:02.393  3103  4620 I pal/stdout: StarRec_PAL_ThreadCreate(): [ASR5_FatalListener] DEFAULT SETTING: policy [SCHED_OTHER], prio: default [0] + handed-over [3] + 1 = calculated [4].
06-16 15:53:02.393  3103  4620 I pal/stdout: StarRec_PAL_ThreadCreate(): [ASR5_FatalListener] THREAD CREATED: Policy [0,SCHED_OTHER,OTHER], prio: handed-over [3], final nice,prio [4,0], min [0], max [0]. 
06-16 15:53:02.393  3103  4627 I pal/stdout: fpThreadRoutine_setThreadName(): [ASR5_FatalListener] ok -> set/getpriority (4)/(4) - hdl [-1767138112] ID [4627].
06-16 15:53:02.393  3103  4627 I pal/stdout: sMainWrapper_PrintPrio(): 
06-16 15:53:02.393  3103  4627 I pal/stdout: 	 pid 4627's priority: 4, name: ASR5_FatalListener
06-16 15:53:02.393  3103  4627 I pal/stdout: sMainWrapper_PrintPrio(): 	 scheduling class: 
06-16 15:53:02.393  3103  4627 I pal/stdout: sMainWrapper_PrintPrio(): 	 OTHER / Normal 
06-16 15:53:02.393  3103  4627 I pal/stdout: sMainWrapper_PrintPrio(): 	 RT prio: 0 (of 0 to 0)
06-16 15:53:02.421  3103  4620 I pal/stdout: StarRec_PAL_ThreadInit(): [DCC_CREATION_0] initial priority level THREAD_PRIO_NORMAL.
06-16 15:53:02.421  3103  4620 I pal/stdout: StarRec_PAL_ThreadCreate(): [DCC_CREATION_0] DEFAULT SETTING: invert nice value [3 -> 3].
06-16 15:53:02.421  3103  4620 I pal/stdout: StarRec_PAL_ThreadCreate(): [DCC_CREATION_0] DEFAULT SETTING: policy [SCHED_OTHER], prio: default [0] + handed-over [3] + 1 = calculated [4].
06-16 15:53:02.421  3103  4620 I pal/stdout: StarRec_PAL_ThreadCreate(): [DCC_CREATION_0] THREAD CREATED: Policy [0,SCHED_OTHER,OTHER], prio: handed-over [3], final nice,prio [4,0], min [0], max [0]. 
06-16 15:53:02.422  3103  4629 I pal/stdout: fpThreadRoutine_setThreadName(): [DCC_CREATION_0] ok -> set/getpriority (4)/(4) - hdl [1011920064] ID [4629].
06-16 15:53:02.422  3103  4629 I pal/stdout: sMainWrapper_PrintPrio(): 
06-16 15:53:02.422  3103  4629 I pal/stdout: 	 pid 4629's priority: 4, name: DCC_CREATION_0
06-16 15:53:02.422  3103  4629 I pal/stdout: sMainWrapper_PrintPrio(): 	 scheduling class: 
06-16 15:53:02.422  3103  4629 I pal/stdout: sMainWrapper_PrintPrio(): 	 OTHER / Normal 
06-16 15:53:02.422  3103  4629 I pal/stdout: sMainWrapper_PrintPrio(): 	 RT prio: 0 (of 0 to 0)
06-16 15:53:02.424  3103  4629 I DCCListener: DCC event: DCC_CREATION_STARTED ()
06-16 15:53:02.425  3103  4629 I DCCListener: DCC event: DCC_DATA_ID ()
06-16 15:53:02.425  3103  4629 I DCCListener: DCC event: DCC_WITH_N_ENTRIES (41)
06-16 15:53:02.425  3103  4629 I DCCListener: DCC event: DCC_CREATION_FINISHED ()
06-16 15:53:02.426   745   785 D audio_hw_primary: adev_open_input_stream: enter: sample_rate(16000) channel_mask(0x10) devices(0x80000004)        stream_handle(0xeee46bb0) io_handle(374) source(6) format 1
06-16 15:53:02.426   745   785 D audio_hw_primary: io_streams_map_insert: Added stream in io_streams_map with handle 374
06-16 15:53:02.426   745   785 E device_utils: update_device_list: Invalid device: 0
06-16 15:53:02.427   810  4632 I AudioFlinger: AudioFlinger's thread 0x7bc9069040 tid=4632 ready to run
06-16 15:53:02.427   745   785 D audio_hw_primary: in_standby: enter: stream (0xeee46bb0) usecase(23: audio-record)
06-16 15:53:02.429  3103  4620 I pal/stdout: StarRec_PAL_ThreadInit(): [DCC_NORMAL_0] initial priority level THREAD_PRIO_NORMAL.
06-16 15:53:02.429  3103  4620 I pal/stdout: StarRec_PAL_ThreadCreate(): [DCC_NORMAL_0] DEFAULT SETTING: invert nice value [3 -> 3].
06-16 15:53:02.429  3103  4620 I pal/stdout: StarRec_PAL_ThreadCreate(): [DCC_NORMAL_0] DEFAULT SETTING: policy [SCHED_OTHER], prio: default [0] + handed-over [3] + 1 = calculated [4].
06-16 15:53:02.429  3103  4620 I pal/stdout: StarRec_PAL_ThreadCreate(): [DCC_NORMAL_0] THREAD CREATED: Policy [0,SCHED_OTHER,OTHER], prio: handed-over [3], final nice,prio [4,0], min [0], max [0]. 
06-16 15:53:02.429  3103  4620 I AsrConfiguration: Add app: VuzixApp-en
06-16 15:53:02.429  3103  4633 I pal/stdout: fpThreadRoutine_setThreadName(): [DCC_NORMAL_0] ok -> set/getpriority (4)/(4) - hdl [789159104] ID [4633].
06-16 15:53:02.429  3103  4633 I pal/stdout: sMainWrapper_PrintPrio(): 
06-16 15:53:02.429  3103  4633 I pal/stdout: 	 pid 4633's priority: 4, name: DCC_NORMAL_0
06-16 15:53:02.429  3103  4633 I pal/stdout: sMainWrapper_PrintPrio(): 	 scheduling class: 
06-16 15:53:02.429  3103  4633 I pal/stdout: sMainWrapper_PrintPrio(): 	 OTHER / Normal 
06-16 15:53:02.429  3103  4633 I pal/stdout: sMainWrapper_PrintPrio(): 	 RT prio: 0 (of 0 to 0)
06-16 15:53:02.429   745   785 D audio_hw_primary: in_standby: enter: stream (0xeee46bb0) usecase(23: audio-record)
06-16 15:53:02.430  3103  4633 D pal/stdout: StarRec_PAL_ThreadWait(): [DCC_CREATION_0] thread with thread handle 0x0x7b37c1af90 is closed.
06-16 15:53:02.430  1373  1425 I system_server: oneway function results will be dropped but finished with status OK and parcel size 4
06-16 15:53:02.431  1373  1425 I chatty  : uid=1000(system) Binder:1373_4 identical 1 line
06-16 15:53:02.431  1373  1425 I system_server: oneway function results will be dropped but finished with status OK and parcel size 4
06-16 15:53:02.431  3103  4633 I DCCListener: DCC event: DCC_DATA_PREPARATION_STARTED ()
06-16 15:53:02.443  3103  3103 D VzxSrSpeechRecognitionService: Icon IconStatusSleep
06-16 15:53:02.446  1373  2576 I system_server: oneway function results will be dropped but finished with status OK and parcel size 4
06-16 15:53:02.446  1373  1387 I system_server: oneway function results will be dropped but finished with status OK and parcel size 4
06-16 15:53:02.446   745   785 D audio_hw_primary: adev_create_audio_patch: enter: num sources 1, num_sinks 1, handle 0
06-16 15:53:02.447   745   785 D audio_hw_primary: adev_create_audio_patch: Capture patch from device 80000004 to mix 374
06-16 15:53:02.447   745   785 D audio_hw_primary: update_patch: enter
06-16 15:53:02.447   745   785 D audio_hw_primary: route_input_stream: exit: status(0)
06-16 15:53:02.447   745   785 D audio_hw_primary: adev_create_audio_patch: Added a new patch with handle 43
06-16 15:53:02.448   745   785 E device_utils: update_device_list: Invalid device: 0
06-16 15:53:02.449  1373  2576 I SoundTriggerMiddlewareLogging: setCaptureState[this=com.android.server.soundtrigger_middleware.SoundTriggerMiddlewareImpl@38ce48b, caller=1041/810](true)
06-16 15:53:02.450   745   785 E FMQ     : grantorIdx must be less than 3
06-16 15:53:02.450   745   785 E FMQ     : grantorIdx must be less than 3
06-16 15:53:02.451   810  4632 E FMQ     : grantorIdx must be less than 3
06-16 15:53:02.451   810  4632 E FMQ     : grantorIdx must be less than 3
06-16 15:53:02.451   745  4635 D audio_hw_primary: start_input_stream: enter: stream(0xeee46bb0)usecase(23: audio-record), source 6
06-16 15:53:02.452   745  4635 D audio_hw_primary: select_devices for use case (audio-record)
06-16 15:53:02.452   745  4635 I msm8974_platform: platform_check_and_set_capture_codec_backend_cfg:txbecf: afe: bitwidth 16, samplerate 16000, channel 1 format 1, backend_idx 8 usecase = 23 device (voice-rec-mic)
06-16 15:53:02.452   745  4635 I msm8974_platform: platform_check_capture_codec_backend_cfg:txbecf: afe: Codec selected backend: 8 current bit width: 16 and sample rate: 16000, channels 1 format 1
06-16 15:53:02.452   745  4635 I msm8974_platform: platform_check_capture_codec_backend_cfg:txbecf: afe: current backend bit_width 16 sample_rate 48000 channels 1, format 0
06-16 15:53:02.452   745  4635 I msm8974_platform: platform_check_capture_codec_backend_cfg:txbecf: afe: Codec backend needs to be updated. new bit width: 16 new sample rate: 48000 new channel: 1 new format: 1
06-16 15:53:02.452   745  4635 I msm8974_platform: platform_set_codec_backend_cfg:becf: afe: bitwidth 16, samplerate 48000 channels 1 format 1, backend_idx 8 device (voice-rec-mic)
06-16 15:53:02.452   745  4635 D audio_hw_primary: check_usecases_capture_codec_backend:becf: force routing 0
06-16 15:53:02.452   745  4635 E audio_hw_primary: enable_snd_device: addcheck2 other record usecase's dev
06-16 15:53:02.452   745  4635 D hardware_info: hw_info_append_hw_type : device_name = voice-rec-mic
06-16 15:53:02.452   745  4635 D audio_hw_primary: enable_snd_device: snd_device(195: current(before increase) ref_cnt 0)
06-16 15:53:02.452   745  4635 D msm8974_platform: platform_split_snd_device: snd_device(195) num devices(0) new_snd_devices[0](0) ret=-22
06-16 15:53:02.452   745  4635 D audio_hw_primary: enable_snd_device: snd_device(195: voice-rec-mic)
06-16 15:53:02.452   745  4635 D msm8974_platform: platform_get_island_cfg_on_device:island cfg status on snd_device = (voice-rec-mic 0)
06-16 15:53:02.452   745  4635 D soundtrigger: audio HAL using same device 195 as ST
06-16 15:53:02.452   745  4635 I soundtrigger: audio_extn_sound_trigger_update_device_status: device 0xc3 of type 1 for Event 1, with Raise=1
06-16 15:53:02.452   745  4635 D sound_trigger_platform: platform_stdev_check_and_update_concurrency: Received DEVICE event, event type 1
06-16 15:53:02.452   745  4635 D sound_trigger_platform: platform_stdev_check_and_update_concurrency: dedicated path 0, reset backend 1, tx 1, rx 0,concurrency session not allowed
06-16 15:53:02.452   745  4635 D audio_route: Apply path: voice-rec-mic
06-16 15:53:02.452   745  4635 D soundtrigger: audio HAL using same device 195 as ST
06-16 15:53:02.452   745  4635 D soundtrigger: audio_extn_sound_trigger_update_stream_status: uc_info->id 23 of type 1 for Event 3, with Raise=1
06-16 15:53:02.452   745  4635 D soundtrigger: audio_extn_sound_trigger_update_stream_status: send event 13: usecase id 23, type 1
06-16 15:53:02.452   745  4635 I sound_trigger_platform: platform_stdev_check_and_update_concurrency: Received STREAM event, event type 13, usecase type 1
06-16 15:53:02.452   745  4635 D sound_trigger_platform: platform_stdev_check_and_update_concurrency: dedicated path 0, reset backend 1, tx 1, rx 0,concurrency session not allowed
06-16 15:53:02.452   745  4635 D audio_hw_utils: audio_extn_utils_send_app_type_cfg: usecase->in_snd_device voice-rec-mic
06-16 15:53:02.452   745  4635 D msm8974_platform: platform_split_snd_device: snd_device(195) num devices(0) new_snd_devices[0](0) ret=-22
06-16 15:53:02.453   745  4635 D msm8974_platform: platform_get_snd_device_backend_index: device 195 is hw_interface_name INT3_MI2S_TX is be_dai_id=152
06-16 15:53:02.453   745  4635 D audio_hw_utils: audio_extn_btsco_get_sample_rate:Not a BT SCO device, need not update sampling rate
06-16 15:53:02.453   745  4635 I audio_hw_utils: send_app_type_cfg_for_device CAPTURE app_type 69938, acdb_dev_id 11, sample_rate 16000, snd_device_be_idx 152
06-16 15:53:02.453   745  4635 D msm8974_platform: platform_split_snd_device: snd_device(195) num devices(1) new_snd_devices[0](0) ret=-22
06-16 15:53:02.453   745  4635 D audio_hw_utils: audio_extn_btsco_get_sample_rate:Not a BT SCO device, need not update sampling rate
06-16 15:53:02.453   745  4635 D ACDB-LOADER: ACDB -> send_audio_cal, acdb_id = 11, path = 1, app id = 0x11132, sample rate = 16000, afe_sample_rate = 48000
06-16 15:53:02.453   745  4635 D ACDB-LOADER: ACDB -> send_asm_topology
06-16 15:53:02.453   745  4635 D ACDB-LOADER: ACDB -> ACDB_CMD_GET_AUDPROC_STREAM_TOPOLOGY_ID
06-16 15:53:02.453   745  4635 D ACDB-LOADER: ACDB -> send_adm_topology
06-16 15:53:02.453   745  4635 D ACDB-LOADER: ACDB -> ACDB_CMD_GET_AUDPROC_COMMON_TOPOLOGY_ID
06-16 15:53:02.453   745  4635 D ACDB-LOADER: ACDB -> send_audtable
06-16 15:53:02.453   745  4635 D ACDB-LOADER: ACDB -> ACDB_CMD_GET_AUDPROC_COMMON_TABLE_SIZE
06-16 15:53:02.453   745  4635 D ACDB-LOADER: ACDB -> ACDB_CMD_GET_AUDPROC_COMMON_TABLE
06-16 15:53:02.453   745  4635 D ACDB-LOADER: ACDB -> AUDIO_SET_AUDPROC_CAL cal_type[11] acdb_id[11] app_type[69938]
06-16 15:53:02.453   745  4635 D ACDB-LOADER: ACDB -> ACDB_CMD_GET_AUDPROC_STREAM_TABLE_SIZE
06-16 15:53:02.453   745  4635 D ACDB-LOADER: ACDB -> send_audstrmtable
06-16 15:53:02.453   745  4635 D ACDB-LOADER: ACDB -> ACDB_CMD_GET_AUDPROC_STREAM_TABLE_V2
06-16 15:53:02.453   745  4635 D ACDB-LOADER: ACDB -> audstrm_cal->cal_type.cal_data.cal_size = 16
06-16 15:53:02.453   745  4635 D ACDB-LOADER: ACDB -> send_afe_topology
06-16 15:53:02.453   745  4635 D ACDB-LOADER: ACDB -> ACDB_CMD_GET_AFE_TOPOLOGY_ID
06-16 15:53:02.453   745  4635 D ACDB-LOADER: ACDB -> GET_AFE_TOPOLOGY_ID for adcd_id 11, Topology Id 112fb
06-16 15:53:02.453   745  4635 D ACDB-LOADER: ACDB -> send_afe_cal
06-16 15:53:02.453   745  4635 D ACDB-LOADER: ACDB -> ACDB_CMD_GET_AFE_COMMON_TABLE_SIZE
06-16 15:53:02.453   745  4635 D android.hardware.audio.service: Failed to fetch the lookup information of the device 000018EB 11
06-16 15:53:02.453   745  4635 D ACDB-LOADER: Error: ACDB_CMD_GET_AFE_COMMON_TABLE_SIZE Returned = -19
06-16 15:53:02.453   745  4635 D ACDB-LOADER: ACDB -> ACDB_CMD_GET_AFE_COMMON_TABLE
06-16 15:53:02.453   745  4635 D android.hardware.audio.service: Failed to fetch the lookup information of the device 000018EB 11
06-16 15:53:02.453   745  4635 D ACDB-LOADER: Error: ACDB AFE returned = -19
06-16 15:53:02.453   745  4635 D ACDB-LOADER: ACDB -> AUDIO_SET_AFE_CAL cal_type[17] acdb_id[11]
06-16 15:53:02.453   745  4635 D ACDB-LOADER: ACDB -> send_hw_delay : acdb_id = 11 path = 1
06-16 15:53:02.453   745  4635 D ACDB-LOADER: ACDB -> ACDB_AVSYNC_INFO: ACDB_CMD_GET_DEVICE_PROPERTY
06-16 15:53:02.453   745  4635 D audio_hw_primary: enable_audio_route: apply mixer and update path: audio-record
06-16 15:53:02.453   745  4635 D audio_route: Apply path: audio-record
06-16 15:53:02.454   745  4635 D audio_hw_primary: select_devices: done
06-16 15:53:02.461  3103  4633 I ContentValuesIterator: DCC item: CustomPhrase_Ortho->hello view-zix
06-16 15:53:02.464  3103  4633 I ContentValuesIterator: DCC item: CustomPhrase_Ortho->Voice off
06-16 15:53:02.465  3103  4633 I ContentValuesIterator: DCC item: CustomPhrase_Ortho->Okay
06-16 15:53:02.467  3103  4633 I ContentValuesIterator: DCC item: CustomPhrase_Ortho->Open
06-16 15:53:02.467  3103  4633 I ContentValuesIterator: DCC item: CustomPhrase_Ortho->Confirm
06-16 15:53:02.468  3103  4633 I ContentValuesIterator: DCC item: CustomPhrase_Ortho->Select this
06-16 15:53:02.470  3103  4633 I ContentValuesIterator: DCC item: CustomPhrase_Ortho->Pick this
06-16 15:53:02.471  3103  4633 I ContentValuesIterator: DCC item: CustomPhrase_Ortho->Move left
06-16 15:53:02.472  3103  4633 I ContentValuesIterator: DCC item: CustomPhrase_Ortho->Go left
06-16 15:53:02.473  3103  4633 I ContentValuesIterator: DCC item: CustomPhrase_Ortho->Scroll left
06-16 15:53:02.474  3103  4633 I ContentValuesIterator: DCC item: CustomPhrase_Ortho->Move right
06-16 15:53:02.476  3103  4633 I ContentValuesIterator: DCC item: CustomPhrase_Ortho->Go right
06-16 15:53:02.477  3103  4633 I ContentValuesIterator: DCC item: CustomPhrase_Ortho->Scroll right
06-16 15:53:02.478  3103  4633 I ContentValuesIterator: DCC item: CustomPhrase_Ortho->Move up
06-16 15:53:02.478   745  4635 D audio_hw_primary: start_input_stream: exit
06-16 15:53:02.479  3103  4633 I ContentValuesIterator: DCC item: CustomPhrase_Ortho->Go up
06-16 15:53:02.480  3103  4633 I ContentValuesIterator: DCC item: CustomPhrase_Ortho->Scroll up
06-16 15:53:02.482  3103  4633 I ContentValuesIterator: DCC item: CustomPhrase_Ortho->Move down
06-16 15:53:02.483  3103  4633 I ContentValuesIterator: DCC item: CustomPhrase_Ortho->Go down
06-16 15:53:02.484  3103  4633 I ContentValuesIterator: DCC item: CustomPhrase_Ortho->Scroll down
06-16 15:53:02.485  3103  4633 I ContentValuesIterator: DCC item: CustomPhrase_Ortho->Go back
06-16 15:53:02.486  3103  4633 I ContentValuesIterator: DCC item: CustomPhrase_Ortho->Close
06-16 15:53:02.487  3103  4633 I ContentValuesIterator: DCC item: CustomPhrase_Ortho->Cancel
06-16 15:53:02.488  3103  4633 I ContentValuesIterator: DCC item: CustomPhrase_Ortho->Go home
06-16 15:53:02.489  3103  4633 I ContentValuesIterator: DCC item: CustomPhrase_Ortho->Quit
06-16 15:53:02.489  3103  4633 I ContentValuesIterator: DCC item: CustomPhrase_Ortho->Show menu
06-16 15:53:02.490  3103  4633 I ContentValuesIterator: DCC item: CustomPhrase_Ortho->Page down
06-16 15:53:02.492  3103  4633 I ContentValuesIterator: DCC item: CustomPhrase_Ortho->Page up
06-16 15:53:02.493  3103  4633 I ContentValuesIterator: DCC item: CustomPhrase_Ortho->Volume down
06-16 15:53:02.494  3103  4633 I ContentValuesIterator: DCC item: CustomPhrase_Ortho->Volume up
06-16 15:53:02.496  3103  4633 I ContentValuesIterator: DCC item: CustomPhrase_Ortho->Stop
06-16 15:53:02.497  3103  4633 I ContentValuesIterator: DCC item: CustomPhrase_Ortho->Zoom in
06-16 15:53:02.498  3103  4633 I ContentValuesIterator: DCC item: CustomPhrase_Ortho->Zoom out
06-16 15:53:02.499  3103  4633 I ContentValuesIterator: DCC item: CustomPhrase_Ortho->Previous Page
06-16 15:53:02.500  3103  4633 I ContentValuesIterator: DCC item: CustomPhrase_Ortho->Next Page
06-16 15:53:02.501  3103  4633 I ContentValuesIterator: DCC item: CustomPhrase_Ortho->Lock
06-16 15:53:02.502  3103  4633 I ContentValuesIterator: DCC item: CustomPhrase_Ortho->Unlock
06-16 15:53:02.502  3103  4633 I ContentValuesIterator: DCC item: CustomPhrase_Ortho->Dark Mode
06-16 15:53:02.503  3103  4633 I ContentValuesIterator: DCC item: CustomPhrase_Ortho->Open Help
06-16 15:53:02.505  3103  4633 I ContentValuesIterator: DCC item: CustomPhrase_Ortho->Speech Commands
06-16 15:53:02.506  3103  4633 I ContentValuesIterator: DCC item: CustomPhrase_Ortho->Close File
06-16 15:53:02.507  3103  4633 I ContentValuesIterator: DCC item: CustomPhrase_Ortho->Light Mode
06-16 15:53:02.508  3103  4633 I ContentValuesIterator: DCC item: CustomPhrase_Ortho->Full Page
06-16 15:53:02.509  3103  4633 I ContentValuesIterator: DCC item: CustomPhrase_Ortho->Head Tracking Sensitivity
06-16 15:53:02.511  3103  4633 I ContentValuesIterator: DCC item: CustomPhrase_Ortho->Help
06-16 15:53:02.512  3103  4633 I ContentValuesIterator: DCC item: CustomPhrase_Ortho->Settings
06-16 15:53:02.513  3103  4633 I ContentValuesIterator: DCC item: CustomPhrase_Ortho->About
06-16 15:53:02.525  3103  4633 I DCCListener: DCC event: DCC_DATA_ID ()
06-16 15:53:02.526  3103  4633 I DCCListener: DCC event: DCC_DATA_PREPARATION_FINISHED (current_total_number=46  added=46  removed=0  failed_to_add=0  failed_to_remove=0)
06-16 15:53:02.526  3103  4620 I Asr     : Data prep finished event received; proceeding
06-16 15:53:02.654  2528  2528 W VuzixNotificationListener: onNotificationPosted: 0|com.vuzix.speechrecognitionservice|1|null|1000
06-16 15:53:02.654  2528  2528 I VuzixNotificationListener: notify: 0|com.vuzix.speechrecognitionservice|1|null|1000
06-16 15:53:02.655  2528  2528 W VuzixNotificationListener: shouldShowPopup 2 true
06-16 15:53:02.956  1373  1461 I InputDispatcher: Dropping event because there is no touched foreground window in display 0 or gesture monitor to receive it.
06-16 15:53:02.957  1373  1461 W InputDispatcher: Asynchronous input event injection failed.
06-16 15:53:02.957  3850  3850 W InputEventReceiver: Attempted to finish an input event but the input event receiver has already been disposed.
06-16 15:53:02.957  1373  1461 I InputDispatcher: Dropping event because there is no touched foreground window in display 0 or gesture monitor to receive it.
06-16 15:53:02.957  1373  1461 W InputDispatcher: Asynchronous input event injection failed.
06-16 15:53:02.958  3850  3850 W ViewRootImpl[PopupWindow:f98f44d]: Dropping event due to root view being removed: MotionEvent { action=ACTION_MOVE, actionButton=0, id[0]=0, x[0]=362.0, y[0]=65.0, toolType[0]=TOOL_TYPE_FINGER, buttonState=0, classification=NONE, metaState=0, flags=0x0, edgeFlags=0x0, pointerCount=1, historySize=1, eventTime=479565, downTime=479536, deviceId=-1, source=0x1002, displayId=0 }
06-16 15:53:02.958  3850  3850 W InputEventReceiver: Attempted to finish an input event but the input event receiver has already been disposed.
06-16 15:53:02.964  1373  1461 I InputDispatcher: Dropping event because there is no touched foreground window in display 0 or gesture monitor to receive it.
06-16 15:53:02.964  1373  1461 W InputDispatcher: Asynchronous input event injection failed.
06-16 15:53:02.971  1373  1461 I InputDispatcher: Dropping event because there is no touched foreground window in display 0 or gesture monitor to receive it.
06-16 15:53:02.971  1373  1461 W InputDispatcher: Asynchronous input event injection failed.
06-16 15:53:02.979  1373  1461 I InputDispatcher: Dropping event because there is no touched foreground window in display 0 or gesture monitor to receive it.
06-16 15:53:02.979  1373  1461 W InputDispatcher: Asynchronous input event injection failed.
06-16 15:53:02.989  1373  1461 I InputDispatcher: Dropping event because there is no touched foreground window in display 0 or gesture monitor to receive it.
06-16 15:53:02.989  1373  1461 W InputDispatcher: Asynchronous input event injection failed.
06-16 15:53:03.001  1373  1461 I InputDispatcher: Dropping event because there is no touched foreground window in display 0 or gesture monitor to receive it.
06-16 15:53:03.001  1373  1461 W InputDispatcher: Asynchronous input event injection failed.
06-16 15:53:03.004  1373  1461 I InputDispatcher: Dropping event because there is no touched foreground window in display 0 or gesture monitor to receive it.
06-16 15:53:03.005  1373  1461 W InputDispatcher: Asynchronous input event injection failed.
06-16 15:53:03.013  1373  1461 I InputDispatcher: Dropping event because there is no touched foreground window in display 0 or gesture monitor to receive it.
06-16 15:53:03.013  1373  1461 W InputDispatcher: Asynchronous input event injection failed.
06-16 15:53:03.021  1373  1461 I InputDispatcher: Dropping event because there is no touched foreground window in display 0 or gesture monitor to receive it.
06-16 15:53:03.021  1373  1461 W InputDispatcher: Asynchronous input event injection failed.
06-16 15:53:03.027  1373  1461 I InputDispatcher: Dropping event because there is no touched foreground window in display 0 or gesture monitor to receive it.
06-16 15:53:03.028  1373  1461 W InputDispatcher: Asynchronous input event injection failed.
06-16 15:53:03.037  1373  1461 I InputDispatcher: Dropping event because there is no touched foreground window in display 0 or gesture monitor to receive it.
06-16 15:53:03.037  1373  1461 W InputDispatcher: Asynchronous input event injection failed.
06-16 15:53:03.043  1373  1461 I InputDispatcher: Dropping event because there is no touched foreground window in display 0 or gesture monitor to receive it.
06-16 15:53:03.043  1373  1461 W InputDispatcher: Asynchronous input event injection failed.
06-16 15:53:03.053  1373  1461 I InputDispatcher: Dropping event because there is no touched foreground window in display 0 or gesture monitor to receive it.
06-16 15:53:03.053  1373  1461 W InputDispatcher: Asynchronous input event injection failed.
06-16 15:53:03.060  1373  1461 I InputDispatcher: Dropping event because there is no touched foreground window in display 0 or gesture monitor to receive it.
06-16 15:53:03.060  1373  1461 W InputDispatcher: Asynchronous input event injection failed.
06-16 15:53:03.067  1373  1461 I InputDispatcher: Dropping event because there is no touched foreground window in display 0 or gesture monitor to receive it.
06-16 15:53:03.067  1373  1461 W InputDispatcher: Asynchronous input event injection failed.
06-16 15:53:03.077   745   785 D audio_hw_primary: in_standby: enter: stream (0xeee46bb0) usecase(23: audio-record)
06-16 15:53:03.080  1373  1387 I system_server: oneway function results will be dropped but finished with status OK and parcel size 4
06-16 15:53:03.131   745   785 D audio_hw_primary: disable_audio_route: reset and update mixer path: audio-record
06-16 15:53:03.133   745   785 D soundtrigger: audio HAL using same device 195 as ST
06-16 15:53:03.133   745   785 D soundtrigger: audio_extn_sound_trigger_update_stream_status: uc_info->id 23 of type 1 for Event 2, with Raise=1
06-16 15:53:03.133   745   785 D soundtrigger: audio_extn_sound_trigger_update_stream_status: send event 12: usecase id 23, type 1
06-16 15:53:03.133   745   785 I sound_trigger_platform: platform_stdev_check_and_update_concurrency: Received STREAM event, event type 12, usecase type 1
06-16 15:53:03.133   745   785 D sound_trigger_platform: platform_stdev_check_and_update_concurrency: dedicated path 0, reset backend 1, tx 1, rx 0,concurrency session not allowed
06-16 15:53:03.133   745   785 D hardware_info: hw_info_append_hw_type : device_name = voice-rec-mic
06-16 15:53:03.133   745   785 D audio_hw_primary: disable_snd_device: snd_device(195: current(before decrease) ref_cnt 1) 
06-16 15:53:03.133   745   785 E audio_hw_primary: disable_snd_device:1snd_device-195,count-0
06-16 15:53:03.133   745   785 D hardware_info: hw_info_append_hw_type : device_name = voice-rec-mic
06-16 15:53:03.133   745   785 D audio_hw_primary: disable_snd_device: snd_device(195: voice-rec-mic)
06-16 15:53:03.133   745   785 D msm8974_platform: platform_split_snd_device: snd_device(195) num devices(0) new_snd_devices[0](0) ret=-22
06-16 15:53:03.134   745   785 D soundtrigger: audio HAL using same device 195 as ST
06-16 15:53:03.134   745   785 I soundtrigger: audio_extn_sound_trigger_update_device_status: device 0xc3 of type 1 for Event 0, with Raise=1
06-16 15:53:03.135   745   785 D sound_trigger_platform: platform_stdev_check_and_update_concurrency: Received DEVICE event, event type 0
06-16 15:53:03.135   745   785 D sound_trigger_platform: platform_stdev_check_and_update_concurrency: dedicated path 0, reset backend 1, tx 0, rx 0,concurrency session allowed
06-16 15:53:03.137  1373  1387 E AppOps  : Attribution not found: uid=1000 pkg=com.vuzix.speechrecognitionservice(null) op=RECORD_AUDIO
06-16 15:53:03.139   745  1501 D audio_hw_primary: adev_release_audio_patch: Remove patch with handle 43
06-16 15:53:03.139   745  1501 D audio_hw_primary: route_input_stream: exit: status(0)
06-16 15:53:03.141  1373  2576 I SoundTriggerMiddlewareLogging: setCaptureState[this=com.android.server.soundtrigger_middleware.SoundTriggerMiddlewareImpl@38ce48b, caller=1041/810](false)
06-16 15:53:03.145  1373  1387 I system_server: oneway function results will be dropped but finished with status OK and parcel size 4
06-16 15:53:03.162  3103  4620 D pal/stdout: StarRec_PAL_MutexDeInit(): pthread_mutex_destroy: EBUSY.
06-16 15:53:03.162  3103  4620 D pal/stdout: StarRec_PAL_MutexDeInit(): pthread_mutex_destroy: EDEADLK.
06-16 15:53:03.162  3103  4620 D pal/stdout: StarRec_PAL_MutexDeInit(): pthread_mutex_destroy: while: EBUSY.
06-16 15:53:03.166  1373  1387 I system_server: oneway function results will be dropped but finished with status OK and parcel size 4
06-16 15:53:03.166  1373  1387 I system_server: oneway function results will be dropped but finished with status OK and parcel size 4
06-16 15:53:03.167  3103  4620 D pal/stdout: StarRec_PAL_ThreadWait(): [DCC_NORMAL_0] thread with thread handle 0x0x7b37c18d10 is closed.
06-16 15:53:03.167  1373  2576 I SoundTriggerMiddlewareLogging: setCaptureState[this=com.android.server.soundtrigger_middleware.SoundTriggerMiddlewareImpl@38ce48b, caller=1041/810](false)
06-16 15:53:03.169  1373  1387 I system_server: oneway function results will be dropped but finished with status OK and parcel size 4
06-16 15:53:03.169   745   785 D audio_hw_primary: adev_close_input_stream: enter:stream_handle(0xeee46bb0)
06-16 15:53:03.170   745   785 D audio_hw_primary: io_streams_map_remove: Removed stream with handle 374
06-16 15:53:03.170   745   785 D soundtrigger: audio_extn_sound_trigger_check_ec_ref_enable: EC Reference is disabled
06-16 15:53:03.170   745   785 D sound_trigger_hw: handle_audio_ec_ref_enabled: Enter
06-16 15:53:03.170   745   785 D sound_trigger_hw: handle_audio_ec_ref_enabled: Exit audio ec ref=0
06-16 15:53:03.170   745   785 D soundtrigger: audio_extn_sound_trigger_update_ec_ref_status: update audio echo ref status false
06-16 15:53:03.170   745   785 D audio_hw_primary: in_standby: enter: stream (0xeee46bb0) usecase(23: audio-record)
06-16 15:53:03.171  3103  4620 D pal/stdout: StarRec_PAL_ThreadWait(): [ASR5_CFG] thread with thread handle 0x0x7b37c16790 is closed.
06-16 15:53:03.172  3103  4620 D pal/stdout: StarRec_PAL_ThreadWait(): [ASR5_FatalListener] thread with thread handle 0x0x7b37c1ce50 is closed.
06-16 15:53:03.172  3103  4620 D pal/stdout: StarRec_PAL_ThreadWait(): [ASR5_Dispatcher] thread with thread handle 0x0x7b37c178d0 is closed.
06-16 15:53:03.173  3103  4620 D pal/stdout: StarRec_PAL_ThreadWait(): [ASR5_Worker0] thread with thread handle 0x0x7b37c19310 is closed.
06-16 15:53:03.174  3103  4620 D pal/stdout: StarRec_PAL_ThreadWait(): [ASR5_Worker1] thread with thread handle 0x0x7b37c16e50 is closed.
06-16 15:53:03.174  3103  4620 D pal/stdout: StarRec_PAL_ThreadWait(): [ASR5_Worker2] thread with thread handle 0x0x7b37c18f50 is closed.
06-16 15:53:03.175  3103  4620 D pal/stdout: StarRec_PAL_ThreadWait(): [ASR5_Worker3] thread with thread handle 0x0x7b37c1a450 is closed.
06-16 15:53:03.179  1373  1461 I InputDispatcher: Dropping event because there is no touched foreground window in display 0 or gesture monitor to receive it.
06-16 15:53:03.179  1373  1461 W InputDispatcher: Asynchronous input event injection failed.
06-16 15:53:03.186  1373  1461 I InputDispatcher: Dropping event because there is no touched foreground window in display 0 or gesture monitor to receive it.
06-16 15:53:03.186  1373  1461 W InputDispatcher: Asynchronous input event injection failed.
06-16 15:53:03.195  1373  1461 I InputDispatcher: Dropping event because there is no touched foreground window in display 0 or gesture monitor to receive it.
06-16 15:53:03.195  1373  1461 W InputDispatcher: Asynchronous input event injection failed.
06-16 15:53:03.203  1373  1461 I InputDispatcher: Dropping event because there is no touched foreground window in display 0 or gesture monitor to receive it.
06-16 15:53:03.203  1373  1461 W InputDispatcher: Asynchronous input event injection failed.
06-16 15:53:03.211  1373  1461 I InputDispatcher: Dropping event because there is no touched foreground window in display 0 or gesture monitor to receive it.
06-16 15:53:03.211  1373  1461 W InputDispatcher: Asynchronous input event injection failed.
06-16 15:53:03.220  1373  1461 I InputDispatcher: Dropping event because there is no touched foreground window in display 0 or gesture monitor to receive it.
06-16 15:53:03.220  1373  1461 W InputDispatcher: Asynchronous input event injection failed.
06-16 15:53:03.227  1373  1461 I InputDispatcher: Dropping event because there is no touched foreground window in display 0 or gesture monitor to receive it.
06-16 15:53:03.227  1373  1461 W InputDispatcher: Asynchronous input event injection failed.
06-16 15:53:03.236  1373  1461 I InputDispatcher: Dropping event because there is no touched foreground window in display 0 or gesture monitor to receive it.
06-16 15:53:03.236  1373  1461 W InputDispatcher: Asynchronous input event injection failed.
06-16 15:53:03.243  1373  1461 I InputDispatcher: Dropping event because there is no touched foreground window in display 0 or gesture monitor to receive it.
06-16 15:53:03.243  1373  1461 W InputDispatcher: Asynchronous input event injection failed.
06-16 15:53:03.251  1373  1461 I InputDispatcher: Dropping event because there is no touched foreground window in display 0 or gesture monitor to receive it.
06-16 15:53:03.251  1373  1461 W InputDispatcher: Asynchronous input event injection failed.
06-16 15:53:03.259  1373  1461 I InputDispatcher: Dropping event because there is no touched foreground window in display 0 or gesture monitor to receive it.
06-16 15:53:03.259  1373  1461 W InputDispatcher: Asynchronous input event injection failed.
06-16 15:53:03.267  1373  1461 I InputDispatcher: Dropping event because there is no touched foreground window in display 0 or gesture monitor to receive it.
06-16 15:53:03.267  1373  1461 W InputDispatcher: Asynchronous input event injection failed.
06-16 15:53:03.268  3103  4640 I pal/stdout: StarRec_PAL_ThreadInit(): [ASR5_CFG] initial priority level THREAD_PRIO_NORMAL.
06-16 15:53:03.268  3103  4640 I pal/stdout: StarRec_PAL_ThreadCreate(): [ASR5_CFG] DEFAULT SETTING: invert nice value [3 -> 3].
06-16 15:53:03.268  3103  4640 I pal/stdout: StarRec_PAL_ThreadCreate(): [ASR5_CFG] DEFAULT SETTING: policy [SCHED_OTHER], prio: default [0] + handed-over [3] + 1 = calculated [4].
06-16 15:53:03.269  3103  4640 I pal/stdout: StarRec_PAL_ThreadCreate(): [ASR5_CFG] THREAD CREATED: Policy [0,SCHED_OTHER,OTHER], prio: handed-over [3], final nice,prio [4,0], min [0], max [0]. 
06-16 15:53:03.269  3103  4641 I pal/stdout: fpThreadRoutine_setThreadName(): [ASR5_CFG] ok -> set/getpriority (4)/(4) - hdl [-1725813568] ID [4641].
06-16 15:53:03.269  3103  4641 I pal/stdout: sMainWrapper_PrintPrio(): 
06-16 15:53:03.269  3103  4641 I pal/stdout: 	 pid 4641's priority: 4, name: ASR5_CFG
06-16 15:53:03.269  3103  4641 I pal/stdout: sMainWrapper_PrintPrio(): 	 scheduling class: 
06-16 15:53:03.269  3103  4641 I pal/stdout: sMainWrapper_PrintPrio(): 	 OTHER / Normal 
06-16 15:53:03.269  3103  4641 I pal/stdout: sMainWrapper_PrintPrio(): 	 RT prio: 0 (of 0 to 0)
06-16 15:53:03.269  3103  4640 I pal/stdout: StarRec_PAL_ThreadInit(): [ASR5_Worker0] initial priority level THREAD_PRIO_NORMAL.
06-16 15:53:03.269  3103  4640 I pal/stdout: StarRec_PAL_ThreadCreate(): [ASR5_Worker0] DEFAULT SETTING: invert nice value [3 -> 3].
06-16 15:53:03.269  3103  4640 I pal/stdout: StarRec_PAL_ThreadCreate(): [ASR5_Worker0] DEFAULT SETTING: policy [SCHED_OTHER], prio: default [0] + handed-over [3] + 1 = calculated [4].
06-16 15:53:03.269  3103  4640 I pal/stdout: StarRec_PAL_ThreadCreate(): [ASR5_Worker0] THREAD CREATED: Policy [0,SCHED_OTHER,OTHER], prio: handed-over [3], final nice,prio [4,0], min [0], max [0]. 
06-16 15:53:03.269  3103  4640 I pal/stdout: StarRec_PAL_ThreadInit(): [ASR5_Worker1] initial priority level THREAD_PRIO_NORMAL.
06-16 15:53:03.269  3103  4640 I pal/stdout: StarRec_PAL_ThreadCreate(): [ASR5_Worker1] DEFAULT SETTING: invert nice value [3 -> 3].
06-16 15:53:03.269  3103  4640 I pal/stdout: StarRec_PAL_ThreadCreate(): [ASR5_Worker1] DEFAULT SETTING: policy [SCHED_OTHER], prio: default [0] + handed-over [3] + 1 = calculated [4].
06-16 15:53:03.270  3103  4640 I pal/stdout: StarRec_PAL_ThreadCreate(): [ASR5_Worker1] THREAD CREATED: Policy [0,SCHED_OTHER,OTHER], prio: handed-over [3], final nice,prio [4,0], min [0], max [0]. 
06-16 15:53:03.270  3103  4642 I pal/stdout: fpThreadRoutine_setThreadName(): [ASR5_Worker0] ok -> set/getpriority (4)/(4) - hdl [-1727116096] ID [4642].
06-16 15:53:03.270  3103  4642 I pal/stdout: sMainWrapper_PrintPrio(): 
06-16 15:53:03.270  3103  4642 I pal/stdout: 	 pid 4642's priority: 4, name: ASR5_Worker0
06-16 15:53:03.270  3103  4642 I pal/stdout: sMainWrapper_PrintPrio(): 	 scheduling class: 
06-16 15:53:03.270  3103  4642 I pal/stdout: sMainWrapper_PrintPrio(): 	 OTHER / Normal 
06-16 15:53:03.270  3103  4643 I pal/stdout: fpThreadRoutine_setThreadName(): [ASR5_Worker1] ok -> set/getpriority (4)/(4) - hdl [-1762976576] ID [4643].
06-16 15:53:03.270  3103  4643 I pal/stdout: sMainWrapper_PrintPrio(): 
06-16 15:53:03.270  3103  4643 I pal/stdout: 	 pid 4643's priority: 4, name: ASR5_Worker1
06-16 15:53:03.270  3103  4643 I pal/stdout: sMainWrapper_PrintPrio(): 	 scheduling class: 
06-16 15:53:03.270  3103  4643 I pal/stdout: sMainWrapper_PrintPrio(): 	 OTHER / Normal 
06-16 15:53:03.270  3103  4643 I pal/stdout: sMainWrapper_PrintPrio(): 	 RT prio: 0 (of 0 to 0)
06-16 15:53:03.270  3103  4642 I pal/stdout: sMainWrapper_PrintPrio(): 	 RT prio: 0 (of 0 to 0)
06-16 15:53:03.270  3103  4640 I pal/stdout: StarRec_PAL_ThreadInit(): [ASR5_Worker2] initial priority level THREAD_PRIO_NORMAL.
06-16 15:53:03.270  3103  4640 I pal/stdout: StarRec_PAL_ThreadCreate(): [ASR5_Worker2] DEFAULT SETTING: invert nice value [3 -> 3].
06-16 15:53:03.270  3103  4640 I pal/stdout: StarRec_PAL_ThreadCreate(): [ASR5_Worker2] DEFAULT SETTING: policy [SCHED_OTHER], prio: default [0] + handed-over [3] + 1 = calculated [4].
06-16 15:53:03.270  3103  4640 I pal/stdout: StarRec_PAL_ThreadCreate(): [ASR5_Worker2] THREAD CREATED: Policy [0,SCHED_OTHER,OTHER], prio: handed-over [3], final nice,prio [4,0], min [0], max [0]. 
06-16 15:53:03.270  3103  4640 I pal/stdout: StarRec_PAL_ThreadInit(): [ASR5_Worker3] initial priority level THREAD_PRIO_NORMAL.
06-16 15:53:03.270  3103  4640 I pal/stdout: StarRec_PAL_ThreadCreate(): [ASR5_Worker3] DEFAULT SETTING: invert nice value [3 -> 3].
06-16 15:53:03.270  3103  4640 I pal/stdout: StarRec_PAL_ThreadCreate(): [ASR5_Worker3] DEFAULT SETTING: policy [SCHED_OTHER], prio: default [0] + handed-over [3] + 1 = calculated [4].
06-16 15:53:03.271  3103  4640 I pal/stdout: StarRec_PAL_ThreadCreate(): [ASR5_Worker3] THREAD CREATED: Policy [0,SCHED_OTHER,OTHER], prio: handed-over [3], final nice,prio [4,0], min [0], max [0]. 
06-16 15:53:03.271  3103  4640 I pal/stdout: StarRec_PAL_ThreadInit(): [ASR5_Dispatcher] initial priority level THREAD_PRIO_NORMAL.
06-16 15:53:03.271  3103  4640 I pal/stdout: StarRec_PAL_ThreadCreate(): [ASR5_Dispatcher] DEFAULT SETTING: invert nice value [3 -> 3].
06-16 15:53:03.271  3103  4640 I pal/stdout: StarRec_PAL_ThreadCreate(): [ASR5_Dispatcher] DEFAULT SETTING: policy [SCHED_OTHER], prio: default [0] + handed-over [3] + 1 = calculated [4].
06-16 15:53:03.271  3103  4644 I pal/stdout: fpThreadRoutine_setThreadName(): [ASR5_Worker2] ok -> set/getpriority (4)/(4) - hdl [-1764016960] ID [4644].
06-16 15:53:03.271  3103  4644 I pal/stdout: sMainWrapper_PrintPrio(): 
06-16 15:53:03.271  3103  4644 I pal/stdout: 	 pid 4644's priority: 4, name: ASR5_Worker2
06-16 15:53:03.271  3103  4646 I pal/stdout: fpThreadRoutine_setThreadName(): [ASR5_Dispatcher] ok -> set/getpriority (4)/(4) - hdl [-1766097728] ID [4646].
06-16 15:53:03.271  3103  4645 I pal/stdout: fpThreadRoutine_setThreadName(): [ASR5_Worker3] ok -> set/getpriority (4)/(4) - hdl [-1765057344] ID [4645].
06-16 15:53:03.271  3103  4645 I pal/stdout: sMainWrapper_PrintPrio(): 
06-16 15:53:03.271  3103  4645 I pal/stdout: 	 pid 4645's priority: 4, name: ASR5_Worker3
06-16 15:53:03.271  3103  4645 I pal/stdout: sMainWrapper_PrintPrio(): 	 scheduling class: 
06-16 15:53:03.271  3103  4645 I pal/stdout: sMainWrapper_PrintPrio(): 	 OTHER / Normal 
06-16 15:53:03.271  3103  4645 I pal/stdout: sMainWrapper_PrintPrio(): 	 RT prio: 0 (of 0 to 0)
06-16 15:53:03.271  3103  4644 I pal/stdout: sMainWrapper_PrintPrio(): 	 scheduling class: 
06-16 15:53:03.271  3103  4646 I pal/stdout: sMainWrapper_PrintPrio(): 
06-16 15:53:03.271  3103  4646 I pal/stdout: 	 pid 4646's priority: 4, name: ASR5_Dispatcher
06-16 15:53:03.271  3103  4646 I pal/stdout: sMainWrapper_PrintPrio(): 	 scheduling class: 
06-16 15:53:03.271  3103  4646 I pal/stdout: sMainWrapper_PrintPrio(): 	 OTHER / Normal 
06-16 15:53:03.271  3103  4646 I pal/stdout: sMainWrapper_PrintPrio(): 	 RT prio: 0 (of 0 to 0)
06-16 15:53:03.271  3103  4644 I pal/stdout: sMainWrapper_PrintPrio(): 	 OTHER / Normal 
06-16 15:53:03.271  3103  4644 I pal/stdout: sMainWrapper_PrintPrio(): 	 RT prio: 0 (of 0 to 0)
06-16 15:53:03.272  3103  4640 I pal/stdout: StarRec_PAL_ThreadCreate(): [ASR5_Dispatcher] THREAD CREATED: Policy [0,SCHED_OTHER,OTHER], prio: handed-over [3], final nice,prio [4,0], min [0], max [0]. 
06-16 15:53:03.272  3103  4640 I pal/stdout: StarRec_PAL_ThreadInit(): [ASR5_FatalListener] initial priority level THREAD_PRIO_NORMAL.
06-16 15:53:03.272  3103  4640 I pal/stdout: StarRec_PAL_ThreadCreate(): [ASR5_FatalListener] DEFAULT SETTING: invert nice value [3 -> 3].
06-16 15:53:03.272  3103  4640 I pal/stdout: StarRec_PAL_ThreadCreate(): [ASR5_FatalListener] DEFAULT SETTING: policy [SCHED_OTHER], prio: default [0] + handed-over [3] + 1 = calculated [4].
06-16 15:53:03.272  3103  4640 I pal/stdout: StarRec_PAL_ThreadCreate(): [ASR5_FatalListener] THREAD CREATED: Policy [0,SCHED_OTHER,OTHER], prio: handed-over [3], final nice,prio [4,0], min [0], max [0]. 
06-16 15:53:03.272  3103  4647 I pal/stdout: fpThreadRoutine_setThreadName(): [ASR5_FatalListener] ok -> set/getpriority (4)/(4) - hdl [-1767138112] ID [4647].
06-16 15:53:03.272  3103  4647 I pal/stdout: sMainWrapper_PrintPrio(): 
06-16 15:53:03.272  3103  4647 I pal/stdout: 	 pid 4647's priority: 4, name: ASR5_FatalListener
06-16 15:53:03.272  3103  4647 I pal/stdout: sMainWrapper_PrintPrio(): 	 scheduling class: 
06-16 15:53:03.272  3103  4647 I pal/stdout: sMainWrapper_PrintPrio(): 	 OTHER / Normal 
06-16 15:53:03.272  3103  4647 I pal/stdout: sMainWrapper_PrintPrio(): 	 RT prio: 0 (of 0 to 0)
06-16 15:53:03.274  1373  1461 I InputDispatcher: Dropping event because there is no touched foreground window in display 0 or gesture monitor to receive it.
06-16 15:53:03.274  1373  1461 W InputDispatcher: Asynchronous input event injection failed.
06-16 15:53:03.282  1373  1461 I InputDispatcher: Dropping event because there is no touched foreground window in display 0 or gesture monitor to receive it.
06-16 15:53:03.282  1373  1461 W InputDispatcher: Asynchronous input event injection failed.
06-16 15:53:03.292  1373  1461 I InputDispatcher: Dropping event because there is no touched foreground window in display 0 or gesture monitor to receive it.
06-16 15:53:03.292  1373  1461 W InputDispatcher: Asynchronous input event injection failed.
06-16 15:53:03.299  1373  1461 I InputDispatcher: Dropping event because there is no touched foreground window in display 0 or gesture monitor to receive it.
06-16 15:53:03.299  3103  4640 I pal/stdout: StarRec_PAL_ThreadInit(): [DCC_CREATION_0] initial priority level THREAD_PRIO_NORMAL.
06-16 15:53:03.299  3103  4640 I pal/stdout: StarRec_PAL_ThreadCreate(): [DCC_CREATION_0] DEFAULT SETTING: invert nice value [3 -> 3].
06-16 15:53:03.299  3103  4640 I pal/stdout: StarRec_PAL_ThreadCreate(): [DCC_CREATION_0] DEFAULT SETTING: policy [SCHED_OTHER], prio: default [0] + handed-over [3] + 1 = calculated [4].
06-16 15:53:03.299  1373  1461 W InputDispatcher: Asynchronous input event injection failed.
06-16 15:53:03.299  3103  4640 I pal/stdout: StarRec_PAL_ThreadCreate(): [DCC_CREATION_0] THREAD CREATED: Policy [0,SCHED_OTHER,OTHER], prio: handed-over [3], final nice,prio [4,0], min [0], max [0]. 
06-16 15:53:03.299  3103  4648 I pal/stdout: fpThreadRoutine_setThreadName(): [DCC_CREATION_0] ok -> set/getpriority (4)/(4) - hdl [1011920064] ID [4648].
06-16 15:53:03.299  3103  4648 I pal/stdout: sMainWrapper_PrintPrio(): 
06-16 15:53:03.299  3103  4648 I pal/stdout: 	 pid 4648's priority: 4, name: DCC_CREATION_0
06-16 15:53:03.299  3103  4648 I pal/stdout: sMainWrapper_PrintPrio(): 	 scheduling class: 
06-16 15:53:03.299  3103  4648 I pal/stdout: sMainWrapper_PrintPrio(): 	 OTHER / Normal 
06-16 15:53:03.299  3103  4648 I pal/stdout: sMainWrapper_PrintPrio(): 	 RT prio: 0 (of 0 to 0)
06-16 15:53:03.306  3103  4648 I DCCListener: DCC event: DCC_CREATION_STARTED ()
06-16 15:53:03.307  3103  4648 I DCCListener: DCC event: DCC_DATA_ID ()
06-16 15:53:03.308  3103  4648 I DCCListener: DCC event: DCC_WITH_N_ENTRIES (46)
06-16 15:53:03.308  3103  4648 I DCCListener: DCC event: DCC_CREATION_FINISHED ()
06-16 15:53:03.309   745   785 D audio_hw_primary: adev_open_input_stream: enter: sample_rate(16000) channel_mask(0x10) devices(0x80000004)        stream_handle(0xeee446f0) io_handle(382) source(6) format 1
06-16 15:53:03.309   745   785 D audio_hw_primary: io_streams_map_insert: Added stream in io_streams_map with handle 382
06-16 15:53:03.309   745   785 E device_utils: update_device_list: Invalid device: 0
06-16 15:53:03.311   810  4650 I AudioFlinger: AudioFlinger's thread 0x7bc9069040 tid=4650 ready to run
06-16 15:53:03.311   745   785 D audio_hw_primary: in_standby: enter: stream (0xeee446f0) usecase(23: audio-record)
06-16 15:53:03.313   745   785 D audio_hw_primary: in_standby: enter: stream (0xeee446f0) usecase(23: audio-record)
06-16 15:53:03.315  1373  1387 I system_server: oneway function results will be dropped but finished with status OK and parcel size 4
06-16 15:53:03.316  1373  1387 I chatty  : uid=1000(system) Binder:1373_2 identical 1 line
06-16 15:53:03.316  1373  1387 I system_server: oneway function results will be dropped but finished with status OK and parcel size 4
06-16 15:53:03.321  3103  4640 I pal/stdout: StarRec_PAL_ThreadInit(): [DCC_NORMAL_0] initial priority level THREAD_PRIO_NORMAL.
06-16 15:53:03.321  3103  4640 I pal/stdout: StarRec_PAL_ThreadCreate(): [DCC_NORMAL_0] DEFAULT SETTING: invert nice value [3 -> 3].
06-16 15:53:03.321  3103  4640 I pal/stdout: StarRec_PAL_ThreadCreate(): [DCC_NORMAL_0] DEFAULT SETTING: policy [SCHED_OTHER], prio: default [0] + handed-over [3] + 1 = calculated [4].
06-16 15:53:03.321  3103  4640 I pal/stdout: StarRec_PAL_ThreadCreate(): [DCC_NORMAL_0] THREAD CREATED: Policy [0,SCHED_OTHER,OTHER], prio: handed-over [3], final nice,prio [4,0], min [0], max [0]. 
06-16 15:53:03.321  3103  4651 I pal/stdout: fpThreadRoutine_setThreadName(): [DCC_NORMAL_0] ok -> set/getpriority (4)/(4) - hdl [789159104] ID [4651].
06-16 15:53:03.321  3103  4651 I pal/stdout: sMainWrapper_PrintPrio(): 
06-16 15:53:03.321  3103  4651 I pal/stdout: 	 pid 4651's priority: 4, name: DCC_NORMAL_0
06-16 15:53:03.321  3103  4651 I pal/stdout: sMainWrapper_PrintPrio(): 	 scheduling class: 
06-16 15:53:03.321  3103  4640 I AsrConfiguration: Add app: VuzixApp-en
06-16 15:53:03.321  3103  4651 I pal/stdout: sMainWrapper_PrintPrio(): 	 OTHER / Normal 
06-16 15:53:03.321  3103  4651 I pal/stdout: sMainWrapper_PrintPrio(): 	 RT prio: 0 (of 0 to 0)
06-16 15:53:03.322  3103  4651 D pal/stdout: StarRec_PAL_ThreadWait(): [DCC_CREATION_0] thread with thread handle 0x0x7b37c17750 is closed.
06-16 15:53:03.326  3103  4651 I DCCListener: DCC event: DCC_DATA_PREPARATION_STARTED ()
06-16 15:53:03.357  3103  3103 D VzxSrSpeechRecognitionService: Icon IconStatusSleep
06-16 15:53:03.362   745   785 D audio_hw_primary: adev_create_audio_patch: enter: num sources 1, num_sinks 1, handle 0
06-16 15:53:03.362   745   785 D audio_hw_primary: adev_create_audio_patch: Capture patch from device 80000004 to mix 382
06-16 15:53:03.362   745   785 D audio_hw_primary: update_patch: enter
06-16 15:53:03.362   745   785 D audio_hw_primary: route_input_stream: exit: status(0)
06-16 15:53:03.362   745   785 D audio_hw_primary: adev_create_audio_patch: Added a new patch with handle 44
06-16 15:53:03.363   745  1501 E device_utils: update_device_list: Invalid device: 0
06-16 15:53:03.371  1373  1386 I system_server: oneway function results will be dropped but finished with status OK and parcel size 4
06-16 15:53:03.372  1373  1386 I system_server: oneway function results will be dropped but finished with status OK and parcel size 4
06-16 15:53:03.374  1373  2576 I SoundTriggerMiddlewareLogging: setCaptureState[this=com.android.server.soundtrigger_middleware.SoundTriggerMiddlewareImpl@38ce48b, caller=1041/810](true)
06-16 15:53:03.375   745   785 E FMQ     : grantorIdx must be less than 3
06-16 15:53:03.376   745   785 E FMQ     : grantorIdx must be less than 3
06-16 15:53:03.376   810  4650 E FMQ     : grantorIdx must be less than 3
06-16 15:53:03.376   810  4650 E FMQ     : grantorIdx must be less than 3
06-16 15:53:03.377   745  4653 D audio_hw_primary: start_input_stream: enter: stream(0xeee446f0)usecase(23: audio-record), source 6
06-16 15:53:03.377   745  4653 D audio_hw_primary: select_devices for use case (audio-record)
06-16 15:53:03.377   745  4653 I msm8974_platform: platform_check_and_set_capture_codec_backend_cfg:txbecf: afe: bitwidth 16, samplerate 16000, channel 1 format 1, backend_idx 8 usecase = 23 device (voice-rec-mic)
06-16 15:53:03.377   745  4653 I msm8974_platform: platform_check_capture_codec_backend_cfg:txbecf: afe: Codec selected backend: 8 current bit width: 16 and sample rate: 16000, channels 1 format 1
06-16 15:53:03.377   745  4653 I msm8974_platform: platform_check_capture_codec_backend_cfg:txbecf: afe: current backend bit_width 16 sample_rate 48000 channels 1, format 0
06-16 15:53:03.377   745  4653 I msm8974_platform: platform_check_capture_codec_backend_cfg:txbecf: afe: Codec backend needs to be updated. new bit width: 16 new sample rate: 48000 new channel: 1 new format: 1
06-16 15:53:03.377   745  4653 I msm8974_platform: platform_set_codec_backend_cfg:becf: afe: bitwidth 16, samplerate 48000 channels 1 format 1, backend_idx 8 device (voice-rec-mic)
06-16 15:53:03.377   745  4653 D audio_hw_primary: check_usecases_capture_codec_backend:becf: force routing 0
06-16 15:53:03.377   745  4653 E audio_hw_primary: enable_snd_device: addcheck2 other record usecase's dev
06-16 15:53:03.377   745  4653 D hardware_info: hw_info_append_hw_type : device_name = voice-rec-mic
06-16 15:53:03.378   745  4653 D audio_hw_primary: enable_snd_device: snd_device(195: current(before increase) ref_cnt 0)
06-16 15:53:03.378   745  4653 D msm8974_platform: platform_split_snd_device: snd_device(195) num devices(0) new_snd_devices[0](0) ret=-22
06-16 15:53:03.378   745  4653 D audio_hw_primary: enable_snd_device: snd_device(195: voice-rec-mic)
06-16 15:53:03.378   745  4653 D msm8974_platform: platform_get_island_cfg_on_device:island cfg status on snd_device = (voice-rec-mic 0)
06-16 15:53:03.378   745  4653 D soundtrigger: audio HAL using same device 195 as ST
06-16 15:53:03.378   745  4653 I soundtrigger: audio_extn_sound_trigger_update_device_status: device 0xc3 of type 1 for Event 1, with Raise=1
06-16 15:53:03.378   745  4653 D sound_trigger_platform: platform_stdev_check_and_update_concurrency: Received DEVICE event, event type 1
06-16 15:53:03.378   745  4653 D sound_trigger_platform: platform_stdev_check_and_update_concurrency: dedicated path 0, reset backend 1, tx 1, rx 0,concurrency session not allowed
06-16 15:53:03.378   745  4653 D audio_route: Apply path: voice-rec-mic
06-16 15:53:03.379  3103  4651 I ContentValuesIterator: DCC item: CustomPhrase_Ortho->hello view-zix
06-16 15:53:03.380  1373  1461 I InputDispatcher: Dropping event because there is no touched foreground window in display 0 or gesture monitor to receive it.
06-16 15:53:03.380   745  4653 D soundtrigger: audio HAL using same device 195 as ST
06-16 15:53:03.380   745  4653 D soundtrigger: audio_extn_sound_trigger_update_stream_status: uc_info->id 23 of type 1 for Event 3, with Raise=1
06-16 15:53:03.380   745  4653 D soundtrigger: audio_extn_sound_trigger_update_stream_status: send event 13: usecase id 23, type 1
06-16 15:53:03.380   745  4653 I sound_trigger_platform: platform_stdev_check_and_update_concurrency: Received STREAM event, event type 13, usecase type 1
06-16 15:53:03.380   745  4653 D sound_trigger_platform: platform_stdev_check_and_update_concurrency: dedicated path 0, reset backend 1, tx 1, rx 0,concurrency session not allowed
06-16 15:53:03.380   745  4653 D audio_hw_utils: audio_extn_utils_send_app_type_cfg: usecase->in_snd_device voice-rec-mic
06-16 15:53:03.380   745  4653 D msm8974_platform: platform_split_snd_device: snd_device(195) num devices(0) new_snd_devices[0](0) ret=-22
06-16 15:53:03.380  1373  1461 W InputDispatcher: Asynchronous input event injection failed.
06-16 15:53:03.381   745  4653 D msm8974_platform: platform_get_snd_device_backend_index: device 195 is hw_interface_name INT3_MI2S_TX is be_dai_id=152
06-16 15:53:03.381   745  4653 D audio_hw_utils: audio_extn_btsco_get_sample_rate:Not a BT SCO device, need not update sampling rate
06-16 15:53:03.381   745  4653 I audio_hw_utils: send_app_type_cfg_for_device CAPTURE app_type 69938, acdb_dev_id 11, sample_rate 16000, snd_device_be_idx 152
06-16 15:53:03.381   745  4653 D msm8974_platform: platform_split_snd_device: snd_device(195) num devices(1) new_snd_devices[0](0) ret=-22
06-16 15:53:03.381   745  4653 D audio_hw_utils: audio_extn_btsco_get_sample_rate:Not a BT SCO device, need not update sampling rate
06-16 15:53:03.381   745  4653 D ACDB-LOADER: ACDB -> send_audio_cal, acdb_id = 11, path = 1, app id = 0x11132, sample rate = 16000, afe_sample_rate = 48000
06-16 15:53:03.381   745  4653 D ACDB-LOADER: ACDB -> send_asm_topology
06-16 15:53:03.381   745  4653 D ACDB-LOADER: ACDB -> ACDB_CMD_GET_AUDPROC_STREAM_TOPOLOGY_ID
06-16 15:53:03.381   745  4653 D ACDB-LOADER: ACDB -> send_adm_topology
06-16 15:53:03.381   745  4653 D ACDB-LOADER: ACDB -> ACDB_CMD_GET_AUDPROC_COMMON_TOPOLOGY_ID
06-16 15:53:03.381   745  4653 D ACDB-LOADER: ACDB -> send_audtable
06-16 15:53:03.381   745  4653 D ACDB-LOADER: ACDB -> ACDB_CMD_GET_AUDPROC_COMMON_TABLE_SIZE
06-16 15:53:03.381   745  4653 D ACDB-LOADER: ACDB -> ACDB_CMD_GET_AUDPROC_COMMON_TABLE
06-16 15:53:03.381   745  4653 D ACDB-LOADER: ACDB -> AUDIO_SET_AUDPROC_CAL cal_type[11] acdb_id[11] app_type[69938]
06-16 15:53:03.381   745  4653 D ACDB-LOADER: ACDB -> ACDB_CMD_GET_AUDPROC_STREAM_TABLE_SIZE
06-16 15:53:03.381   745  4653 D ACDB-LOADER: ACDB -> send_audstrmtable
06-16 15:53:03.381   745  4653 D ACDB-LOADER: ACDB -> ACDB_CMD_GET_AUDPROC_STREAM_TABLE_V2
06-16 15:53:03.381   745  4653 D ACDB-LOADER: ACDB -> audstrm_cal->cal_type.cal_data.cal_size = 16
06-16 15:53:03.381   745  4653 D ACDB-LOADER: ACDB -> send_afe_topology
06-16 15:53:03.381   745  4653 D ACDB-LOADER: ACDB -> ACDB_CMD_GET_AFE_TOPOLOGY_ID
06-16 15:53:03.381   745  4653 D ACDB-LOADER: ACDB -> GET_AFE_TOPOLOGY_ID for adcd_id 11, Topology Id 112fb
06-16 15:53:03.381   745  4653 D ACDB-LOADER: ACDB -> send_afe_cal
06-16 15:53:03.381   745  4653 D ACDB-LOADER: ACDB -> ACDB_CMD_GET_AFE_COMMON_TABLE_SIZE
06-16 15:53:03.381   745  4653 D android.hardware.audio.service: Failed to fetch the lookup information of the device 000018EB 11
06-16 15:53:03.381   745  4653 D ACDB-LOADER: Error: ACDB_CMD_GET_AFE_COMMON_TABLE_SIZE Returned = -19
06-16 15:53:03.381   745  4653 D ACDB-LOADER: ACDB -> ACDB_CMD_GET_AFE_COMMON_TABLE
06-16 15:53:03.381   745  4653 D android.hardware.audio.service: Failed to fetch the lookup information of the device 000018EB 11
06-16 15:53:03.381   745  4653 D ACDB-LOADER: Error: ACDB AFE returned = -19
06-16 15:53:03.381   745  4653 D ACDB-LOADER: ACDB -> AUDIO_SET_AFE_CAL cal_type[17] acdb_id[11]
06-16 15:53:03.381   745  4653 D ACDB-LOADER: ACDB -> send_hw_delay : acdb_id = 11 path = 1
06-16 15:53:03.381   745  4653 D ACDB-LOADER: ACDB -> ACDB_AVSYNC_INFO: ACDB_CMD_GET_DEVICE_PROPERTY
06-16 15:53:03.381   745  4653 D audio_hw_primary: enable_audio_route: apply mixer and update path: audio-record
06-16 15:53:03.381   745  4653 D audio_route: Apply path: audio-record
06-16 15:53:03.381  3103  4651 I ContentValuesIterator: DCC item: CustomPhrase_Ortho->Voice off
06-16 15:53:03.382   745  4653 D audio_hw_primary: select_devices: done
06-16 15:53:03.383  3103  4651 I ContentValuesIterator: DCC item: CustomPhrase_Ortho->Okay
06-16 15:53:03.384  3103  4651 I ContentValuesIterator: DCC item: CustomPhrase_Ortho->Open
06-16 15:53:03.385  3103  4651 I ContentValuesIterator: DCC item: CustomPhrase_Ortho->Confirm
06-16 15:53:03.386  3103  4651 I ContentValuesIterator: DCC item: CustomPhrase_Ortho->Select this
06-16 15:53:03.387  3103  4651 I ContentValuesIterator: DCC item: CustomPhrase_Ortho->Pick this
06-16 15:53:03.388  3103  4651 I ContentValuesIterator: DCC item: CustomPhrase_Ortho->Move left
06-16 15:53:03.390  3103  4651 I ContentValuesIterator: DCC item: CustomPhrase_Ortho->Go left
06-16 15:53:03.391  3103  4651 I ContentValuesIterator: DCC item: CustomPhrase_Ortho->Scroll left
06-16 15:53:03.392  3103  4651 I ContentValuesIterator: DCC item: CustomPhrase_Ortho->Move right
06-16 15:53:03.394  3103  4651 I ContentValuesIterator: DCC item: CustomPhrase_Ortho->Go right
06-16 15:53:03.395  3103  4651 I ContentValuesIterator: DCC item: CustomPhrase_Ortho->Scroll right
06-16 15:53:03.397  3103  4651 I ContentValuesIterator: DCC item: CustomPhrase_Ortho->Move up
06-16 15:53:03.398  3103  4651 I ContentValuesIterator: DCC item: CustomPhrase_Ortho->Go up
06-16 15:53:03.399  3103  4651 I ContentValuesIterator: DCC item: CustomPhrase_Ortho->Scroll up
06-16 15:53:03.401  3103  4651 I ContentValuesIterator: DCC item: CustomPhrase_Ortho->Move down
06-16 15:53:03.402  3103  4651 I ContentValuesIterator: DCC item: CustomPhrase_Ortho->Go down
06-16 15:53:03.404  3103  4651 I ContentValuesIterator: DCC item: CustomPhrase_Ortho->Scroll down
06-16 15:53:03.405  3103  4651 I ContentValuesIterator: DCC item: CustomPhrase_Ortho->Go back
06-16 15:53:03.406  3103  4651 I ContentValuesIterator: DCC item: CustomPhrase_Ortho->Close
06-16 15:53:03.407  3103  4651 I ContentValuesIterator: DCC item: CustomPhrase_Ortho->Cancel
06-16 15:53:03.408  3103  4651 I ContentValuesIterator: DCC item: CustomPhrase_Ortho->Go home
06-16 15:53:03.408   745  4653 D audio_hw_primary: start_input_stream: exit
06-16 15:53:03.410  3103  4651 I ContentValuesIterator: DCC item: CustomPhrase_Ortho->Quit
06-16 15:53:03.411  3103  4651 I ContentValuesIterator: DCC item: CustomPhrase_Ortho->Show menu
06-16 15:53:03.412  3103  4651 I ContentValuesIterator: DCC item: CustomPhrase_Ortho->Page down
06-16 15:53:03.413  3103  4651 I ContentValuesIterator: DCC item: CustomPhrase_Ortho->Page up
06-16 15:53:03.415  3103  4651 I ContentValuesIterator: DCC item: CustomPhrase_Ortho->Volume down
06-16 15:53:03.416  3103  4651 I ContentValuesIterator: DCC item: CustomPhrase_Ortho->Volume up
06-16 15:53:03.418  3103  4651 I ContentValuesIterator: DCC item: CustomPhrase_Ortho->Stop
06-16 15:53:03.418  3103  4651 I ContentValuesIterator: DCC item: CustomPhrase_Ortho->Zoom in
06-16 15:53:03.419  3103  4651 I ContentValuesIterator: DCC item: CustomPhrase_Ortho->Zoom out
06-16 15:53:03.420  3103  4651 I ContentValuesIterator: DCC item: CustomPhrase_Ortho->Previous Page
06-16 15:53:03.422  3103  4651 I ContentValuesIterator: DCC item: CustomPhrase_Ortho->Next Page
06-16 15:53:03.423  3103  4651 I ContentValuesIterator: DCC item: CustomPhrase_Ortho->Lock
06-16 15:53:03.423  3103  4651 I ContentValuesIterator: DCC item: CustomPhrase_Ortho->Unlock
06-16 15:53:03.424  3103  4651 I ContentValuesIterator: DCC item: CustomPhrase_Ortho->Dark Mode
06-16 15:53:03.425  3103  4651 I ContentValuesIterator: DCC item: CustomPhrase_Ortho->Open Help
06-16 15:53:03.426  3103  4651 I ContentValuesIterator: DCC item: CustomPhrase_Ortho->Speech Commands
06-16 15:53:03.428  3103  4651 I ContentValuesIterator: DCC item: CustomPhrase_Ortho->close file
06-16 15:53:03.429  3103  4651 I ContentValuesIterator: DCC item: CustomPhrase_Ortho->light mode
06-16 15:53:03.441  3103  4651 I DCCListener: DCC event: DCC_DATA_ID ()
06-16 15:53:03.442  3103  4651 I DCCListener: DCC event: DCC_DATA_PREPARATION_FINISHED (current_total_number=41  added=41  removed=0  failed_to_add=0  failed_to_remove=0)
06-16 15:53:03.442  3103  4640 I Asr     : Data prep finished event received; proceeding
06-16 15:53:03.581  2528  2528 W VuzixNotificationListener: onNotificationPosted: 0|com.vuzix.speechrecognitionservice|1|null|1000
06-16 15:53:03.582  2528  2528 I VuzixNotificationListener: notify: 0|com.vuzix.speechrecognitionservice|1|null|1000
06-16 15:53:03.582  2528  2528 W VuzixNotificationListener: shouldShowPopup 2 true
06-16 15:53:03.612  2259  3272 D NetworkLocation: Schedule high-power scan in 59996ms
06-16 15:53:03.614  2259  3273 D NetworkLocation: Not yet implemented: onSuccess
06-16 15:53:03.635  1373  1482 D WifiNative: Scan trigered from WifiNative
06-16 15:53:04.043   745   785 D audio_hw_primary: in_standby: enter: stream (0xeee446f0) usecase(23: audio-record)
06-16 15:53:04.047  1373  1425 I system_server: oneway function results will be dropped but finished with status OK and parcel size 4
06-16 15:53:04.088   745   785 D audio_hw_primary: disable_audio_route: reset and update mixer path: audio-record
06-16 15:53:04.090   745   785 D soundtrigger: audio HAL using same device 195 as ST
06-16 15:53:04.090   745   785 D soundtrigger: audio_extn_sound_trigger_update_stream_status: uc_info->id 23 of type 1 for Event 2, with Raise=1
06-16 15:53:04.090   745   785 D soundtrigger: audio_extn_sound_trigger_update_stream_status: send event 12: usecase id 23, type 1
06-16 15:53:04.090   745   785 I sound_trigger_platform: platform_stdev_check_and_update_concurrency: Received STREAM event, event type 12, usecase type 1
06-16 15:53:04.090   745   785 D sound_trigger_platform: platform_stdev_check_and_update_concurrency: dedicated path 0, reset backend 1, tx 1, rx 0,concurrency session not allowed
06-16 15:53:04.090   745   785 D hardware_info: hw_info_append_hw_type : device_name = voice-rec-mic
06-16 15:53:04.090   745   785 D audio_hw_primary: disable_snd_device: snd_device(195: current(before decrease) ref_cnt 1) 
06-16 15:53:04.090   745   785 E audio_hw_primary: disable_snd_device:1snd_device-195,count-0
06-16 15:53:04.090   745   785 D hardware_info: hw_info_append_hw_type : device_name = voice-rec-mic
06-16 15:53:04.090   745   785 D audio_hw_primary: disable_snd_device: snd_device(195: voice-rec-mic)
06-16 15:53:04.090   745   785 D msm8974_platform: platform_split_snd_device: snd_device(195) num devices(0) new_snd_devices[0](0) ret=-22
06-16 15:53:04.091   745   785 D soundtrigger: audio HAL using same device 195 as ST
06-16 15:53:04.091   745   785 I soundtrigger: audio_extn_sound_trigger_update_device_status: device 0xc3 of type 1 for Event 0, with Raise=1
06-16 15:53:04.091   745   785 D sound_trigger_platform: platform_stdev_check_and_update_concurrency: Received DEVICE event, event type 0
06-16 15:53:04.091   745   785 D sound_trigger_platform: platform_stdev_check_and_update_concurrency: dedicated path 0, reset backend 1, tx 0, rx 0,concurrency session allowed
06-16 15:53:04.093  1373  1425 E AppOps  : Attribution not found: uid=1000 pkg=com.vuzix.speechrecognitionservice(null) op=RECORD_AUDIO
06-16 15:53:04.095   745  1501 D audio_hw_primary: adev_release_audio_patch: Remove patch with handle 44
06-16 15:53:04.095   745  1501 D audio_hw_primary: route_input_stream: exit: status(0)
06-16 15:53:04.097  1373  1425 I system_server: oneway function results will be dropped but finished with status OK and parcel size 4
06-16 15:53:04.101  1373  1386 I SoundTriggerMiddlewareLogging: setCaptureState[this=com.android.server.soundtrigger_middleware.SoundTriggerMiddlewareImpl@38ce48b, caller=1041/810](false)
06-16 15:53:04.112  3103  4640 D pal/stdout: StarRec_PAL_MutexDeInit(): pthread_mutex_destroy: EBUSY.
06-16 15:53:04.112  3103  4640 D pal/stdout: StarRec_PAL_MutexDeInit(): pthread_mutex_destroy: EDEADLK.
06-16 15:53:04.112  3103  4640 D pal/stdout: StarRec_PAL_MutexDeInit(): pthread_mutex_destroy: while: EBUSY.
06-16 15:53:04.115  1373  1387 I SoundTriggerMiddlewareLogging: setCaptureState[this=com.android.server.soundtrigger_middleware.SoundTriggerMiddlewareImpl@38ce48b, caller=1041/810](false)
06-16 15:53:04.116   745   785 D audio_hw_primary: adev_close_input_stream: enter:stream_handle(0xeee446f0)
06-16 15:53:04.116   745   785 D audio_hw_primary: io_streams_map_remove: Removed stream with handle 382
06-16 15:53:04.116   745   785 D soundtrigger: audio_extn_sound_trigger_check_ec_ref_enable: EC Reference is disabled
06-16 15:53:04.116   745   785 D sound_trigger_hw: handle_audio_ec_ref_enabled: Enter
06-16 15:53:04.116   745   785 D sound_trigger_hw: handle_audio_ec_ref_enabled: Exit audio ec ref=0
06-16 15:53:04.116   745   785 D soundtrigger: audio_extn_sound_trigger_update_ec_ref_status: update audio echo ref status false
06-16 15:53:04.116   745   785 D audio_hw_primary: in_standby: enter: stream (0xeee446f0) usecase(23: audio-record)
06-16 15:53:04.117  3103  4640 D pal/stdout: StarRec_PAL_ThreadWait(): [DCC_NORMAL_0] thread with thread handle 0x0x7b37c1b590 is closed.
06-16 15:53:04.120  1373  1386 I system_server: oneway function results will be dropped but finished with status OK and parcel size 4
06-16 15:53:04.121  1373  1386 I chatty  : uid=1000(system) Binder:1373_1 identical 1 line
06-16 15:53:04.121  1373  1386 I system_server: oneway function results will be dropped but finished with status OK and parcel size 4
06-16 15:53:04.122  3103  4640 D pal/stdout: StarRec_PAL_ThreadWait(): [ASR5_CFG] thread with thread handle 0x0x7b37c16850 is closed.
06-16 15:53:04.123  3103  4640 D pal/stdout: StarRec_PAL_ThreadWait(): [ASR5_FatalListener] thread with thread handle 0x0x7b37c19e50 is closed.
06-16 15:53:04.123  3103  4640 D pal/stdout: StarRec_PAL_ThreadWait(): [ASR5_Dispatcher] thread with thread handle 0x0x7b37c1a750 is closed.
06-16 15:53:04.123  3103  4640 D pal/stdout: StarRec_PAL_ThreadWait(): [ASR5_Worker0] thread with thread handle 0x0x7b37c1ac90 is closed.
06-16 15:53:04.124  3103  4640 D pal/stdout: StarRec_PAL_ThreadWait(): [ASR5_Worker1] thread with thread handle 0x0x7b37c19190 is closed.
06-16 15:53:04.125  3103  4640 D pal/stdout: StarRec_PAL_ThreadWait(): [ASR5_Worker2] thread with thread handle 0x0x7b37c19610 is closed.
06-16 15:53:04.125  3103  4640 D pal/stdout: StarRec_PAL_ThreadWait(): [ASR5_Worker3] thread with thread handle 0x0x7b37c16f10 is closed.
06-16 15:53:04.227  3103  4657 I pal/stdout: StarRec_PAL_ThreadInit(): [ASR5_CFG] initial priority level THREAD_PRIO_NORMAL.
06-16 15:53:04.227  3103  4657 I pal/stdout: StarRec_PAL_ThreadCreate(): [ASR5_CFG] DEFAULT SETTING: invert nice value [3 -> 3].
06-16 15:53:04.227  3103  4657 I pal/stdout: StarRec_PAL_ThreadCreate(): [ASR5_CFG] DEFAULT SETTING: policy [SCHED_OTHER], prio: default [0] + handed-over [3] + 1 = calculated [4].
06-16 15:53:04.227  3103  4657 I pal/stdout: StarRec_PAL_ThreadCreate(): [ASR5_CFG] THREAD CREATED: Policy [0,SCHED_OTHER,OTHER], prio: handed-over [3], final nice,prio [4,0], min [0], max [0]. 
06-16 15:53:04.228  3103  4658 I pal/stdout: fpThreadRoutine_setThreadName(): [ASR5_CFG] ok -> set/getpriority (4)/(4) - hdl [-1725813568] ID [4658].
06-16 15:53:04.228  3103  4658 I pal/stdout: sMainWrapper_PrintPrio(): 
06-16 15:53:04.228  3103  4658 I pal/stdout: 	 pid 4658's priority: 4, name: ASR5_CFG
06-16 15:53:04.228  3103  4658 I pal/stdout: sMainWrapper_PrintPrio(): 	 scheduling class: 
06-16 15:53:04.228  3103  4658 I pal/stdout: sMainWrapper_PrintPrio(): 	 OTHER / Normal 
06-16 15:53:04.228  3103  4658 I pal/stdout: sMainWrapper_PrintPrio(): 	 RT prio: 0 (of 0 to 0)
06-16 15:53:04.228  3103  4657 I pal/stdout: StarRec_PAL_ThreadInit(): [ASR5_Worker0] initial priority level THREAD_PRIO_NORMAL.
06-16 15:53:04.228  3103  4657 I pal/stdout: StarRec_PAL_ThreadCreate(): [ASR5_Worker0] DEFAULT SETTING: invert nice value [3 -> 3].
06-16 15:53:04.228  3103  4657 I pal/stdout: StarRec_PAL_ThreadCreate(): [ASR5_Worker0] DEFAULT SETTING: policy [SCHED_OTHER], prio: default [0] + handed-over [3] + 1 = calculated [4].
06-16 15:53:04.228  3103  4657 I pal/stdout: StarRec_PAL_ThreadCreate(): [ASR5_Worker0] THREAD CREATED: Policy [0,SCHED_OTHER,OTHER], prio: handed-over [3], final nice,prio [4,0], min [0], max [0]. 
06-16 15:53:04.228  3103  4657 I pal/stdout: StarRec_PAL_ThreadInit(): [ASR5_Worker1] initial priority level THREAD_PRIO_NORMAL.
06-16 15:53:04.228  3103  4657 I pal/stdout: StarRec_PAL_ThreadCreate(): [ASR5_Worker1] DEFAULT SETTING: invert nice value [3 -> 3].
06-16 15:53:04.228  3103  4657 I pal/stdout: StarRec_PAL_ThreadCreate(): [ASR5_Worker1] DEFAULT SETTING: policy [SCHED_OTHER], prio: default [0] + handed-over [3] + 1 = calculated [4].
06-16 15:53:04.229  3103  4657 I pal/stdout: StarRec_PAL_ThreadCreate(): [ASR5_Worker1] THREAD CREATED: Policy [0,SCHED_OTHER,OTHER], prio: handed-over [3], final nice,prio [4,0], min [0], max [0]. 
06-16 15:53:04.229  3103  4657 I pal/stdout: StarRec_PAL_ThreadInit(): [ASR5_Worker2] initial priority level THREAD_PRIO_NORMAL.
06-16 15:53:04.229  3103  4657 I pal/stdout: StarRec_PAL_ThreadCreate(): [ASR5_Worker2] DEFAULT SETTING: invert nice value [3 -> 3].
06-16 15:53:04.229  3103  4657 I pal/stdout: StarRec_PAL_ThreadCreate(): [ASR5_Worker2] DEFAULT SETTING: policy [SCHED_OTHER], prio: default [0] + handed-over [3] + 1 = calculated [4].
06-16 15:53:04.229  3103  4659 I pal/stdout: fpThreadRoutine_setThreadName(): [ASR5_Worker0] ok -> set/getpriority (4)/(4) - hdl [-1727116096] ID [4659].
06-16 15:53:04.229  3103  4659 I pal/stdout: sMainWrapper_PrintPrio(): 
06-16 15:53:04.229  3103  4659 I pal/stdout: 	 pid 4659's priority: 4, name: ASR5_Worker0
06-16 15:53:04.230  3103  4659 I pal/stdout: sMainWrapper_PrintPrio(): 	 scheduling class: 
06-16 15:53:04.230  3103  4659 I pal/stdout: sMainWrapper_PrintPrio(): 	 OTHER / Normal 
06-16 15:53:04.230  3103  4659 I pal/stdout: sMainWrapper_PrintPrio(): 	 RT prio: 0 (of 0 to 0)
06-16 15:53:04.230  3103  4657 I pal/stdout: StarRec_PAL_ThreadCreate(): [ASR5_Worker2] THREAD CREATED: Policy [0,SCHED_OTHER,OTHER], prio: handed-over [3], final nice,prio [4,0], min [0], max [0]. 
06-16 15:53:04.230  3103  4660 I pal/stdout: fpThreadRoutine_setThreadName(): [ASR5_Worker1] ok -> set/getpriority (4)/(4) - hdl [-1762976576] ID [4660].
06-16 15:53:04.230  3103  4660 I pal/stdout: sMainWrapper_PrintPrio(): 
06-16 15:53:04.230  3103  4660 I pal/stdout: 	 pid 4660's priority: 4, name: ASR5_Worker1
06-16 15:53:04.230  3103  4660 I pal/stdout: sMainWrapper_PrintPrio(): 	 scheduling class: 
06-16 15:53:04.230  3103  4657 I pal/stdout: StarRec_PAL_ThreadInit(): [ASR5_Worker3] initial priority level THREAD_PRIO_NORMAL.
06-16 15:53:04.230  3103  4657 I pal/stdout: StarRec_PAL_ThreadCreate(): [ASR5_Worker3] DEFAULT SETTING: invert nice value [3 -> 3].
06-16 15:53:04.230  3103  4657 I pal/stdout: StarRec_PAL_ThreadCreate(): [ASR5_Worker3] DEFAULT SETTING: policy [SCHED_OTHER], prio: default [0] + handed-over [3] + 1 = calculated [4].
06-16 15:53:04.230  3103  4660 I pal/stdout: sMainWrapper_PrintPrio(): 	 OTHER / Normal 
06-16 15:53:04.230  3103  4660 I pal/stdout: sMainWrapper_PrintPrio(): 	 RT prio: 0 (of 0 to 0)
06-16 15:53:04.230  3103  4657 I pal/stdout: StarRec_PAL_ThreadCreate(): [ASR5_Worker3] THREAD CREATED: Policy [0,SCHED_OTHER,OTHER], prio: handed-over [3], final nice,prio [4,0], min [0], max [0]. 
06-16 15:53:04.230  3103  4662 I pal/stdout: fpThreadRoutine_setThreadName(): [ASR5_Worker3] ok -> set/getpriority (4)/(4) - hdl [-1765057344] ID [4662].
06-16 15:53:04.230  3103  4662 I pal/stdout: sMainWrapper_PrintPrio(): 
06-16 15:53:04.230  3103  4662 I pal/stdout: 	 pid 4662's priority: 4, name: ASR5_Worker3
06-16 15:53:04.230  3103  4662 I pal/stdout: sMainWrapper_PrintPrio(): 	 scheduling class: 
06-16 15:53:04.230  3103  4662 I pal/stdout: sMainWrapper_PrintPrio(): 	 OTHER / Normal 
06-16 15:53:04.230  3103  4662 I pal/stdout: sMainWrapper_PrintPrio(): 	 RT prio: 0 (of 0 to 0)
06-16 15:53:04.230  3103  4657 I pal/stdout: StarRec_PAL_ThreadInit(): [ASR5_Dispatcher] initial priority level THREAD_PRIO_NORMAL.
06-16 15:53:04.230  3103  4657 I pal/stdout: StarRec_PAL_ThreadCreate(): [ASR5_Dispatcher] DEFAULT SETTING: invert nice value [3 -> 3].
06-16 15:53:04.230  3103  4657 I pal/stdout: StarRec_PAL_ThreadCreate(): [ASR5_Dispatcher] DEFAULT SETTING: policy [SCHED_OTHER], prio: default [0] + handed-over [3] + 1 = calculated [4].
06-16 15:53:04.230  3103  4657 I pal/stdout: StarRec_PAL_ThreadCreate(): [ASR5_Dispatcher] THREAD CREATED: Policy [0,SCHED_OTHER,OTHER], prio: handed-over [3], final nice,prio [4,0], min [0], max [0]. 
06-16 15:53:04.230  3103  4657 I pal/stdout: StarRec_PAL_ThreadInit(): [ASR5_FatalListener] initial priority level THREAD_PRIO_NORMAL.
06-16 15:53:04.230  3103  4657 I pal/stdout: StarRec_PAL_ThreadCreate(): [ASR5_FatalListener] DEFAULT SETTING: invert nice value [3 -> 3].
06-16 15:53:04.230  3103  4657 I pal/stdout: StarRec_PAL_ThreadCreate(): [ASR5_FatalListener] DEFAULT SETTING: policy [SCHED_OTHER], prio: default [0] + handed-over [3] + 1 = calculated [4].
06-16 15:53:04.230  3103  4657 I pal/stdout: StarRec_PAL_ThreadCreate(): [ASR5_FatalListener] THREAD CREATED: Policy [0,SCHED_OTHER,OTHER], prio: handed-over [3], final nice,prio [4,0], min [0], max [0]. 
06-16 15:53:04.230  3103  4661 I pal/stdout: fpThreadRoutine_setThreadName(): [ASR5_Worker2] ok -> set/getpriority (4)/(4) - hdl [-1764016960] ID [4661].
06-16 15:53:04.230  3103  4661 I pal/stdout: sMainWrapper_PrintPrio(): 
06-16 15:53:04.230  3103  4661 I pal/stdout: 	 pid 4661's priority: 4, name: ASR5_Worker2
06-16 15:53:04.230  3103  4661 I pal/stdout: sMainWrapper_PrintPrio(): 	 scheduling class: 
06-16 15:53:04.230  3103  4661 I pal/stdout: sMainWrapper_PrintPrio(): 	 OTHER / Normal 
06-16 15:53:04.230  3103  4661 I pal/stdout: sMainWrapper_PrintPrio(): 	 RT prio: 0 (of 0 to 0)
06-16 15:53:04.230  3103  4664 I pal/stdout: fpThreadRoutine_setThreadName(): [ASR5_FatalListener] ok -> set/getpriority (4)/(4) - hdl [-1767138112] ID [4664].
06-16 15:53:04.230  3103  4664 I pal/stdout: sMainWrapper_PrintPrio(): 
06-16 15:53:04.230  3103  4664 I pal/stdout: 	 pid 4664's priority: 4, name: ASR5_FatalListener
06-16 15:53:04.231  3103  4664 I pal/stdout: sMainWrapper_PrintPrio(): 	 scheduling class: 
06-16 15:53:04.231  3103  4664 I pal/stdout: sMainWrapper_PrintPrio(): 	 OTHER / Normal 
06-16 15:53:04.231  3103  4664 I pal/stdout: sMainWrapper_PrintPrio(): 	 RT prio: 0 (of 0 to 0)
06-16 15:53:04.234  3103  4663 I pal/stdout: fpThreadRoutine_setThreadName(): [ASR5_Dispatcher] ok -> set/getpriority (4)/(4) - hdl [-1766097728] ID [4663].
06-16 15:53:04.234  3103  4663 I pal/stdout: sMainWrapper_PrintPrio(): 
06-16 15:53:04.234  3103  4663 I pal/stdout: 	 pid 4663's priority: 4, name: ASR5_Dispatcher
06-16 15:53:04.234  3103  4663 I pal/stdout: sMainWrapper_PrintPrio(): 	 scheduling class: 
06-16 15:53:04.234  3103  4663 I pal/stdout: sMainWrapper_PrintPrio(): 	 OTHER / Normal 
06-16 15:53:04.234  3103  4663 I pal/stdout: sMainWrapper_PrintPrio(): 	 RT prio: 0 (of 0 to 0)
06-16 15:53:04.264  3103  4657 I pal/stdout: StarRec_PAL_ThreadInit(): [DCC_CREATION_0] initial priority level THREAD_PRIO_NORMAL.
06-16 15:53:04.264  3103  4657 I pal/stdout: StarRec_PAL_ThreadCreate(): [DCC_CREATION_0] DEFAULT SETTING: invert nice value [3 -> 3].
06-16 15:53:04.264  3103  4657 I pal/stdout: StarRec_PAL_ThreadCreate(): [DCC_CREATION_0] DEFAULT SETTING: policy [SCHED_OTHER], prio: default [0] + handed-over [3] + 1 = calculated [4].
06-16 15:53:04.264  3103  4657 I pal/stdout: StarRec_PAL_ThreadCreate(): [DCC_CREATION_0] THREAD CREATED: Policy [0,SCHED_OTHER,OTHER], prio: handed-over [3], final nice,prio [4,0], min [0], max [0]. 
06-16 15:53:04.264  3103  4665 I pal/stdout: fpThreadRoutine_setThreadName(): [DCC_CREATION_0] ok -> set/getpriority (4)/(4) - hdl [1011920064] ID [4665].
06-16 15:53:04.264  3103  4665 I pal/stdout: sMainWrapper_PrintPrio(): 
06-16 15:53:04.264  3103  4665 I pal/stdout: 	 pid 4665's priority: 4, name: DCC_CREATION_0
06-16 15:53:04.264  3103  4665 I pal/stdout: sMainWrapper_PrintPrio(): 	 scheduling class: 
06-16 15:53:04.264  3103  4665 I pal/stdout: sMainWrapper_PrintPrio(): 	 OTHER / Normal 
06-16 15:53:04.264  3103  4665 I pal/stdout: sMainWrapper_PrintPrio(): 	 RT prio: 0 (of 0 to 0)
06-16 15:53:04.265  3103  4665 I DCCListener: DCC event: DCC_CREATION_STARTED ()
06-16 15:53:04.268  3103  4665 I DCCListener: DCC event: DCC_DATA_ID ()
06-16 15:53:04.268  3103  4665 I DCCListener: DCC event: DCC_WITH_N_ENTRIES (41)
06-16 15:53:04.268  3103  4665 I DCCListener: DCC event: DCC_CREATION_FINISHED ()
06-16 15:53:04.270   745   785 D audio_hw_primary: adev_open_input_stream: enter: sample_rate(16000) channel_mask(0x10) devices(0x80000004)        stream_handle(0xeee46bb0) io_handle(390) source(6) format 1
06-16 15:53:04.270   745   785 D audio_hw_primary: io_streams_map_insert: Added stream in io_streams_map with handle 390
06-16 15:53:04.270   745   785 E device_utils: update_device_list: Invalid device: 0
06-16 15:53:04.274   810  4667 I AudioFlinger: AudioFlinger's thread 0x7bc9069040 tid=4667 ready to run
06-16 15:53:04.274   745   785 D audio_hw_primary: in_standby: enter: stream (0xeee46bb0) usecase(23: audio-record)
06-16 15:53:04.275   745   785 D audio_hw_primary: in_standby: enter: stream (0xeee46bb0) usecase(23: audio-record)
06-16 15:53:04.278  1373  1387 I system_server: oneway function results will be dropped but finished with status OK and parcel size 4
06-16 15:53:04.278  1373  1387 I chatty  : uid=1000(system) Binder:1373_2 identical 1 line
06-16 15:53:04.279  1373  1387 I system_server: oneway function results will be dropped but finished with status OK and parcel size 4
06-16 15:53:04.281  3103  4657 I pal/stdout: StarRec_PAL_ThreadInit(): [DCC_NORMAL_0] initial priority level THREAD_PRIO_NORMAL.
06-16 15:53:04.281  3103  4657 I pal/stdout: StarRec_PAL_ThreadCreate(): [DCC_NORMAL_0] DEFAULT SETTING: invert nice value [3 -> 3].
06-16 15:53:04.281  3103  4657 I pal/stdout: StarRec_PAL_ThreadCreate(): [DCC_NORMAL_0] DEFAULT SETTING: policy [SCHED_OTHER], prio: default [0] + handed-over [3] + 1 = calculated [4].
06-16 15:53:04.281  3103  4657 I pal/stdout: StarRec_PAL_ThreadCreate(): [DCC_NORMAL_0] THREAD CREATED: Policy [0,SCHED_OTHER,OTHER], prio: handed-over [3], final nice,prio [4,0], min [0], max [0]. 
06-16 15:53:04.281  3103  4657 I AsrConfiguration: Add app: VuzixApp-en
06-16 15:53:04.282  3103  4668 I pal/stdout: fpThreadRoutine_setThreadName(): [DCC_NORMAL_0] ok -> set/getpriority (4)/(4) - hdl [789159104] ID [4668].
06-16 15:53:04.282  3103  4668 I pal/stdout: sMainWrapper_PrintPrio(): 
06-16 15:53:04.282  3103  4668 I pal/stdout: 	 pid 4668's priority: 4, name: DCC_NORMAL_0
06-16 15:53:04.282  3103  4668 I pal/stdout: sMainWrapper_PrintPrio(): 	 scheduling class: 
06-16 15:53:04.282  3103  4668 I pal/stdout: sMainWrapper_PrintPrio(): 	 OTHER / Normal 
06-16 15:53:04.282  3103  4668 I pal/stdout: sMainWrapper_PrintPrio(): 	 RT prio: 0 (of 0 to 0)
06-16 15:53:04.283  3103  4668 D pal/stdout: StarRec_PAL_ThreadWait(): [DCC_CREATION_0] thread with thread handle 0x0x7b37c1b590 is closed.
06-16 15:53:04.286  3103  4668 I DCCListener: DCC event: DCC_DATA_PREPARATION_STARTED ()
06-16 15:53:04.317  3103  3103 D VzxSrSpeechRecognitionService: Icon IconStatusSleep
06-16 15:53:04.318  1373  1373 W WindowManager: removeWindowToken: Attempted to remove non-existing token: android.os.Binder@241ee10
06-16 15:53:04.321  1373  1386 I system_server: oneway function results will be dropped but finished with status OK and parcel size 4
06-16 15:53:04.321   745   785 D audio_hw_primary: adev_create_audio_patch: enter: num sources 1, num_sinks 1, handle 0
06-16 15:53:04.321   745   785 D audio_hw_primary: adev_create_audio_patch: Capture patch from device 80000004 to mix 390
06-16 15:53:04.321   745   785 D audio_hw_primary: update_patch: enter
06-16 15:53:04.321   745   785 D audio_hw_primary: route_input_stream: exit: status(0)
06-16 15:53:04.321   745   785 D audio_hw_primary: adev_create_audio_patch: Added a new patch with handle 45
06-16 15:53:04.322  1373  1386 I system_server: oneway function results will be dropped but finished with status OK and parcel size 4
06-16 15:53:04.322   745  1501 E device_utils: update_device_list: Invalid device: 0
06-16 15:53:04.324  1373  1386 I SoundTriggerMiddlewareLogging: setCaptureState[this=com.android.server.soundtrigger_middleware.SoundTriggerMiddlewareImpl@38ce48b, caller=1041/810](true)
06-16 15:53:04.326   745   785 E FMQ     : grantorIdx must be less than 3
06-16 15:53:04.326   745   785 E FMQ     : grantorIdx must be less than 3
06-16 15:53:04.327   810  4667 E FMQ     : grantorIdx must be less than 3
06-16 15:53:04.327   810  4667 E FMQ     : grantorIdx must be less than 3
06-16 15:53:04.327   745  4670 D audio_hw_primary: start_input_stream: enter: stream(0xeee46bb0)usecase(23: audio-record), source 6
06-16 15:53:04.327   745  4670 D audio_hw_primary: select_devices for use case (audio-record)
06-16 15:53:04.328   745  4670 I msm8974_platform: platform_check_and_set_capture_codec_backend_cfg:txbecf: afe: bitwidth 16, samplerate 16000, channel 1 format 1, backend_idx 8 usecase = 23 device (voice-rec-mic)
06-16 15:53:04.328   745  4670 I msm8974_platform: platform_check_capture_codec_backend_cfg:txbecf: afe: Codec selected backend: 8 current bit width: 16 and sample rate: 16000, channels 1 format 1
06-16 15:53:04.328   745  4670 I msm8974_platform: platform_check_capture_codec_backend_cfg:txbecf: afe: current backend bit_width 16 sample_rate 48000 channels 1, format 0
06-16 15:53:04.328   745  4670 I msm8974_platform: platform_check_capture_codec_backend_cfg:txbecf: afe: Codec backend needs to be updated. new bit width: 16 new sample rate: 48000 new channel: 1 new format: 1
06-16 15:53:04.328   745  4670 I msm8974_platform: platform_set_codec_backend_cfg:becf: afe: bitwidth 16, samplerate 48000 channels 1 format 1, backend_idx 8 device (voice-rec-mic)
06-16 15:53:04.328   745  4670 D audio_hw_primary: check_usecases_capture_codec_backend:becf: force routing 0
06-16 15:53:04.328   745  4670 E audio_hw_primary: enable_snd_device: addcheck2 other record usecase's dev
06-16 15:53:04.328   745  4670 D hardware_info: hw_info_append_hw_type : device_name = voice-rec-mic
06-16 15:53:04.328   745  4670 D audio_hw_primary: enable_snd_device: snd_device(195: current(before increase) ref_cnt 0)
06-16 15:53:04.328   745  4670 D msm8974_platform: platform_split_snd_device: snd_device(195) num devices(0) new_snd_devices[0](0) ret=-22
06-16 15:53:04.328   745  4670 D audio_hw_primary: enable_snd_device: snd_device(195: voice-rec-mic)
06-16 15:53:04.328   745  4670 D msm8974_platform: platform_get_island_cfg_on_device:island cfg status on snd_device = (voice-rec-mic 0)
06-16 15:53:04.328   745  4670 D soundtrigger: audio HAL using same device 195 as ST
06-16 15:53:04.328   745  4670 I soundtrigger: audio_extn_sound_trigger_update_device_status: device 0xc3 of type 1 for Event 1, with Raise=1
06-16 15:53:04.328   745  4670 D sound_trigger_platform: platform_stdev_check_and_update_concurrency: Received DEVICE event, event type 1
06-16 15:53:04.328   745  4670 D sound_trigger_platform: platform_stdev_check_and_update_concurrency: dedicated path 0, reset backend 1, tx 1, rx 0,concurrency session not allowed
06-16 15:53:04.328   745  4670 D audio_route: Apply path: voice-rec-mic
06-16 15:53:04.329   745  4670 D soundtrigger: audio HAL using same device 195 as ST
06-16 15:53:04.329   745  4670 D soundtrigger: audio_extn_sound_trigger_update_stream_status: uc_info->id 23 of type 1 for Event 3, with Raise=1
06-16 15:53:04.329   745  4670 D soundtrigger: audio_extn_sound_trigger_update_stream_status: send event 13: usecase id 23, type 1
06-16 15:53:04.329   745  4670 I sound_trigger_platform: platform_stdev_check_and_update_concurrency: Received STREAM event, event type 13, usecase type 1
06-16 15:53:04.329   745  4670 D sound_trigger_platform: platform_stdev_check_and_update_concurrency: dedicated path 0, reset backend 1, tx 1, rx 0,concurrency session not allowed
06-16 15:53:04.329   745  4670 D audio_hw_utils: audio_extn_utils_send_app_type_cfg: usecase->in_snd_device voice-rec-mic
06-16 15:53:04.329   745  4670 D msm8974_platform: platform_split_snd_device: snd_device(195) num devices(0) new_snd_devices[0](0) ret=-22
06-16 15:53:04.330   745  4670 D msm8974_platform: platform_get_snd_device_backend_index: device 195 is hw_interface_name INT3_MI2S_TX is be_dai_id=152
06-16 15:53:04.330   745  4670 D audio_hw_utils: audio_extn_btsco_get_sample_rate:Not a BT SCO device, need not update sampling rate
06-16 15:53:04.330   745  4670 I audio_hw_utils: send_app_type_cfg_for_device CAPTURE app_type 69938, acdb_dev_id 11, sample_rate 16000, snd_device_be_idx 152
06-16 15:53:04.330   745  4670 D msm8974_platform: platform_split_snd_device: snd_device(195) num devices(1) new_snd_devices[0](0) ret=-22
06-16 15:53:04.330   745  4670 D audio_hw_utils: audio_extn_btsco_get_sample_rate:Not a BT SCO device, need not update sampling rate
06-16 15:53:04.330   745  4670 D ACDB-LOADER: ACDB -> send_audio_cal, acdb_id = 11, path = 1, app id = 0x11132, sample rate = 16000, afe_sample_rate = 48000
06-16 15:53:04.330   745  4670 D ACDB-LOADER: ACDB -> send_asm_topology
06-16 15:53:04.330   745  4670 D ACDB-LOADER: ACDB -> ACDB_CMD_GET_AUDPROC_STREAM_TOPOLOGY_ID
06-16 15:53:04.331   745  4670 D ACDB-LOADER: ACDB -> send_adm_topology
06-16 15:53:04.331   745  4670 D ACDB-LOADER: ACDB -> ACDB_CMD_GET_AUDPROC_COMMON_TOPOLOGY_ID
06-16 15:53:04.331   745  4670 D ACDB-LOADER: ACDB -> send_audtable
06-16 15:53:04.331   745  4670 D ACDB-LOADER: ACDB -> ACDB_CMD_GET_AUDPROC_COMMON_TABLE_SIZE
06-16 15:53:04.331   745  4670 D ACDB-LOADER: ACDB -> ACDB_CMD_GET_AUDPROC_COMMON_TABLE
06-16 15:53:04.331   745  4670 D ACDB-LOADER: ACDB -> AUDIO_SET_AUDPROC_CAL cal_type[11] acdb_id[11] app_type[69938]
06-16 15:53:04.331   745  4670 D ACDB-LOADER: ACDB -> ACDB_CMD_GET_AUDPROC_STREAM_TABLE_SIZE
06-16 15:53:04.331   745  4670 D ACDB-LOADER: ACDB -> send_audstrmtable
06-16 15:53:04.331   745  4670 D ACDB-LOADER: ACDB -> ACDB_CMD_GET_AUDPROC_STREAM_TABLE_V2
06-16 15:53:04.331   745  4670 D ACDB-LOADER: ACDB -> audstrm_cal->cal_type.cal_data.cal_size = 16
06-16 15:53:04.331   745  4670 D ACDB-LOADER: ACDB -> send_afe_topology
06-16 15:53:04.331   745  4670 D ACDB-LOADER: ACDB -> ACDB_CMD_GET_AFE_TOPOLOGY_ID
06-16 15:53:04.331   745  4670 D ACDB-LOADER: ACDB -> GET_AFE_TOPOLOGY_ID for adcd_id 11, Topology Id 112fb
06-16 15:53:04.331   745  4670 D ACDB-LOADER: ACDB -> send_afe_cal
06-16 15:53:04.331   745  4670 D ACDB-LOADER: ACDB -> ACDB_CMD_GET_AFE_COMMON_TABLE_SIZE
06-16 15:53:04.331   745  4670 D android.hardware.audio.service: Failed to fetch the lookup information of the device 000018EB 11
06-16 15:53:04.331   745  4670 D ACDB-LOADER: Error: ACDB_CMD_GET_AFE_COMMON_TABLE_SIZE Returned = -19
06-16 15:53:04.331   745  4670 D ACDB-LOADER: ACDB -> ACDB_CMD_GET_AFE_COMMON_TABLE
06-16 15:53:04.331   745  4670 D android.hardware.audio.service: Failed to fetch the lookup information of the device 000018EB 11
06-16 15:53:04.331   745  4670 D ACDB-LOADER: Error: ACDB AFE returned = -19
06-16 15:53:04.331   745  4670 D ACDB-LOADER: ACDB -> AUDIO_SET_AFE_CAL cal_type[17] acdb_id[11]
06-16 15:53:04.331   745  4670 D ACDB-LOADER: ACDB -> send_hw_delay : acdb_id = 11 path = 1
06-16 15:53:04.331   745  4670 D ACDB-LOADER: ACDB -> ACDB_AVSYNC_INFO: ACDB_CMD_GET_DEVICE_PROPERTY
06-16 15:53:04.331   745  4670 D audio_hw_primary: enable_audio_route: apply mixer and update path: audio-record
06-16 15:53:04.331   745  4670 D audio_route: Apply path: audio-record
06-16 15:53:04.333   745  4670 D audio_hw_primary: select_devices: done
06-16 15:53:04.344  3103  4668 I ContentValuesIterator: DCC item: CustomPhrase_Ortho->hello view-zix
06-16 15:53:04.351  3103  4668 I ContentValuesIterator: DCC item: CustomPhrase_Ortho->Voice off
06-16 15:53:04.355  3103  4668 I ContentValuesIterator: DCC item: CustomPhrase_Ortho->Okay
06-16 15:53:04.356  3103  4668 I ContentValuesIterator: DCC item: CustomPhrase_Ortho->Open
06-16 15:53:04.357  3103  4668 I ContentValuesIterator: DCC item: CustomPhrase_Ortho->Confirm
06-16 15:53:04.358  3103  4668 I ContentValuesIterator: DCC item: CustomPhrase_Ortho->Select this
06-16 15:53:04.359  3103  4668 I ContentValuesIterator: DCC item: CustomPhrase_Ortho->Pick this
06-16 15:53:04.360  3103  4668 I ContentValuesIterator: DCC item: CustomPhrase_Ortho->Move left
06-16 15:53:04.361  3103  4668 I ContentValuesIterator: DCC item: CustomPhrase_Ortho->Go left
06-16 15:53:04.362   745  4670 D audio_hw_primary: start_input_stream: exit
06-16 15:53:04.362  3103  4668 I ContentValuesIterator: DCC item: CustomPhrase_Ortho->Scroll left
06-16 15:53:04.364  3103  4668 I ContentValuesIterator: DCC item: CustomPhrase_Ortho->Move right
06-16 15:53:04.365  3103  4668 I ContentValuesIterator: DCC item: CustomPhrase_Ortho->Go right
06-16 15:53:04.367  3103  4668 I ContentValuesIterator: DCC item: CustomPhrase_Ortho->Scroll right
06-16 15:53:04.368  3103  4668 I ContentValuesIterator: DCC item: CustomPhrase_Ortho->Move up
06-16 15:53:04.369  3103  4668 I ContentValuesIterator: DCC item: CustomPhrase_Ortho->Go up
06-16 15:53:04.370  3103  4668 I ContentValuesIterator: DCC item: CustomPhrase_Ortho->Scroll up
06-16 15:53:04.371  3103  4668 I ContentValuesIterator: DCC item: CustomPhrase_Ortho->Move down
06-16 15:53:04.372  3103  4668 I ContentValuesIterator: DCC item: CustomPhrase_Ortho->Go down
06-16 15:53:04.373  3103  4668 I ContentValuesIterator: DCC item: CustomPhrase_Ortho->Scroll down
06-16 15:53:04.374  3103  4668 I ContentValuesIterator: DCC item: CustomPhrase_Ortho->Go back
06-16 15:53:04.375  3103  4668 I ContentValuesIterator: DCC item: CustomPhrase_Ortho->Close
06-16 15:53:04.376  3103  4668 I ContentValuesIterator: DCC item: CustomPhrase_Ortho->Cancel
06-16 15:53:04.377  3103  4668 I ContentValuesIterator: DCC item: CustomPhrase_Ortho->Go home
06-16 15:53:04.378  3103  4668 I ContentValuesIterator: DCC item: CustomPhrase_Ortho->Quit
06-16 15:53:04.379  3103  4668 I ContentValuesIterator: DCC item: CustomPhrase_Ortho->Show menu
06-16 15:53:04.380  3103  4668 I ContentValuesIterator: DCC item: CustomPhrase_Ortho->Page down
06-16 15:53:04.382  3103  4668 I ContentValuesIterator: DCC item: CustomPhrase_Ortho->Page up
06-16 15:53:04.383  3103  4668 I ContentValuesIterator: DCC item: CustomPhrase_Ortho->Volume down
06-16 15:53:04.384  3103  4668 I ContentValuesIterator: DCC item: CustomPhrase_Ortho->Volume up
06-16 15:53:04.386  3103  4668 I ContentValuesIterator: DCC item: CustomPhrase_Ortho->Stop
06-16 15:53:04.387  3103  4668 I ContentValuesIterator: DCC item: CustomPhrase_Ortho->Zoom in
06-16 15:53:04.388  3103  4668 I ContentValuesIterator: DCC item: CustomPhrase_Ortho->Zoom out
06-16 15:53:04.389  3103  4668 I ContentValuesIterator: DCC item: CustomPhrase_Ortho->Previous Page
06-16 15:53:04.390  3103  4668 I ContentValuesIterator: DCC item: CustomPhrase_Ortho->Next Page
06-16 15:53:04.392  3103  4668 I ContentValuesIterator: DCC item: CustomPhrase_Ortho->Lock
06-16 15:53:04.393  3103  4668 I ContentValuesIterator: DCC item: CustomPhrase_Ortho->Unlock
06-16 15:53:04.394  3103  4668 I ContentValuesIterator: DCC item: CustomPhrase_Ortho->Dark Mode
06-16 15:53:04.395  3103  4668 I ContentValuesIterator: DCC item: CustomPhrase_Ortho->Open Help
06-16 15:53:04.397  3103  4668 I ContentValuesIterator: DCC item: CustomPhrase_Ortho->Speech Commands
06-16 15:53:04.398  3103  4668 I ContentValuesIterator: DCC item: CustomPhrase_Ortho->Close File
06-16 15:53:04.400  3103  4668 I ContentValuesIterator: DCC item: CustomPhrase_Ortho->Light Mode
06-16 15:53:04.401  3103  4668 I ContentValuesIterator: DCC item: CustomPhrase_Ortho->Full Page
06-16 15:53:04.402  3103  4668 I ContentValuesIterator: DCC item: CustomPhrase_Ortho->Head Tracking Sensitivity
06-16 15:53:04.404  3103  4668 I ContentValuesIterator: DCC item: CustomPhrase_Ortho->Help
06-16 15:53:04.405  3103  4668 I ContentValuesIterator: DCC item: CustomPhrase_Ortho->Settings
06-16 15:53:04.406  3103  4668 I ContentValuesIterator: DCC item: CustomPhrase_Ortho->About
06-16 15:53:04.419  3103  4668 I DCCListener: DCC event: DCC_DATA_ID ()
06-16 15:53:04.419  3103  4668 I DCCListener: DCC event: DCC_DATA_PREPARATION_FINISHED (current_total_number=46  added=46  removed=0  failed_to_add=0  failed_to_remove=0)
06-16 15:53:04.419  3103  4657 I Asr     : Data prep finished event received; proceeding
06-16 15:53:04.528  2528  2528 W VuzixNotificationListener: onNotificationPosted: 0|com.vuzix.speechrecognitionservice|1|null|1000
06-16 15:53:04.528  2528  2528 I VuzixNotificationListener: notify: 0|com.vuzix.speechrecognitionservice|1|null|1000
06-16 15:53:04.528  2528  2528 W VuzixNotificationListener: shouldShowPopup 2 true
06-16 15:53:04.977  1373  1425 D WifiNl80211Manager: Scan result ready event
06-16 15:53:04.977  1373  1425 D WifiNative: Scan result ready event
06-16 15:53:04.996  1373  1482 D WificondScannerImpl: Filtering out 1 scan results.
06-16 15:53:05.108  2259  3470 E Volley  : [119] NetworkUtility.shouldRetryException: Unexpected response code 404 for https://location.services.mozilla.com/v1/geolocate?key=068ab754-c06b-473d-a1e5-60e7b1a2eb77
06-16 15:53:05.110  2259  2259 W NetworkLocation: Failed retrieving location for 25 wifi networks
06-16 15:53:05.110  2259  2259 W NetworkLocation: com.android.volley.ClientError
06-16 15:53:05.110  2259  2259 W NetworkLocation: 	at com.android.volley.toolbox.NetworkUtility.shouldRetryException(NetworkUtility.java:193)
06-16 15:53:05.110  2259  2259 W NetworkLocation: 	at com.android.volley.toolbox.BasicNetwork.performRequest(BasicNetwork.java:145)
06-16 15:53:05.110  2259  2259 W NetworkLocation: 	at com.android.volley.NetworkDispatcher.processRequest(NetworkDispatcher.java:132)
06-16 15:53:05.110  2259  2259 W NetworkLocation: 	at com.android.volley.NetworkDispatcher.processRequest(NetworkDispatcher.java:111)
06-16 15:53:05.110  2259  2259 W NetworkLocation: 	at com.android.volley.NetworkDispatcher.run(NetworkDispatcher.java:90)
06-16 15:53:06.463  1556  1556 V ShadeControllerImpl: NotificationShadeWindow: com.android.systemui.statusbar.phone.NotificationShadeWindowView{bb55225 I.E...... ......ID 0,0-854,480} canPanelBeCollapsed(): false
06-16 15:53:06.466  1373  1389 I ActivityTaskManager: START u0 {act=android.intent.action.MAIN cat=[android.intent.category.HOME] flg=0x10000100 cmp=com.vuzix.launcher.m400/com.vuzix.launcher.common.activity.LauncherActivity (has extras)} from uid 0
06-16 15:53:06.479  1373  1389 D CompatibilityInfo: mCompatibilityFlags - 10
06-16 15:53:06.479  1373  1389 D CompatibilityInfo: applicationDensity - 212
06-16 15:53:06.479  1373  1389 D CompatibilityInfo: applicationScale - 1.0
06-16 15:53:06.481  1373  1389 D ActivityTrigger: ActivityTrigger activityPauseTrigger 
06-16 15:53:06.491   765   765 I sensors-hal: activate:209, android.sensor.rotation_vector/111 en=0
06-16 15:53:06.492   765   765 I sensors-hal: activate:220, android.sensor.rotation_vector/111 en=0 completed
06-16 15:53:06.504  1373  1553 E ANDR-PERF-JNI: UXEngine Trigger - Returning null
06-16 15:53:06.509   821   838 I adsprpcd: vendor/qcom/proprietary/adsprpc/src/apps_std_imp.c:859: Successfully opened file /mnt/vendor/persist/sensors/registry/registry/sns_gyro_cal_persist_s0.bias
06-16 15:53:06.512   821   838 I adsprpcd: vendor/qcom/proprietary/adsprpc/src/apps_std_imp.c:859: Successfully opened file /mnt/vendor/persist/sensors/registry/registry/sns_gyro_cal_persist_s0.scale_factor
06-16 15:53:06.514   821   838 I adsprpcd: vendor/qcom/proprietary/adsprpc/src/apps_std_imp.c:859: Successfully opened file /mnt/vendor/persist/sensors/registry/registry/sns_gyro_cal_persist_s0.compensation_matrix
06-16 15:53:06.517   821   838 I adsprpcd: vendor/qcom/proprietary/adsprpc/src/apps_std_imp.c:859: Successfully opened file /mnt/vendor/persist/sensors/registry/registry/sns_gyro_cal_persist_s0
06-16 15:53:06.534  1373  1386 I system_server: oneway function results will be dropped but finished with status OK and parcel size 4
06-16 15:53:06.534   745  1501 D audio_hw_primary: in_standby: enter: stream (0xeee46bb0) usecase(23: audio-record)
06-16 15:53:06.579   745  1501 D audio_hw_primary: disable_audio_route: reset and update mixer path: audio-record
06-16 15:53:06.581   745  1501 D soundtrigger: audio HAL using same device 195 as ST
06-16 15:53:06.581   745  1501 D soundtrigger: audio_extn_sound_trigger_update_stream_status: uc_info->id 23 of type 1 for Event 2, with Raise=1
06-16 15:53:06.581   745  1501 D soundtrigger: audio_extn_sound_trigger_update_stream_status: send event 12: usecase id 23, type 1
06-16 15:53:06.581   745  1501 I sound_trigger_platform: platform_stdev_check_and_update_concurrency: Received STREAM event, event type 12, usecase type 1
06-16 15:53:06.581   745  1501 D sound_trigger_platform: platform_stdev_check_and_update_concurrency: dedicated path 0, reset backend 1, tx 1, rx 0,concurrency session not allowed
06-16 15:53:06.581   745  1501 D hardware_info: hw_info_append_hw_type : device_name = voice-rec-mic
06-16 15:53:06.581   745  1501 D audio_hw_primary: disable_snd_device: snd_device(195: current(before decrease) ref_cnt 1) 
06-16 15:53:06.581   745  1501 E audio_hw_primary: disable_snd_device:1snd_device-195,count-0
06-16 15:53:06.581   745  1501 D hardware_info: hw_info_append_hw_type : device_name = voice-rec-mic
06-16 15:53:06.581   745  1501 D audio_hw_primary: disable_snd_device: snd_device(195: voice-rec-mic)
06-16 15:53:06.581   745  1501 D msm8974_platform: platform_split_snd_device: snd_device(195) num devices(0) new_snd_devices[0](0) ret=-22
06-16 15:53:06.582   745  1501 D soundtrigger: audio HAL using same device 195 as ST
06-16 15:53:06.582   745  1501 I soundtrigger: audio_extn_sound_trigger_update_device_status: device 0xc3 of type 1 for Event 0, with Raise=1
06-16 15:53:06.582   745  1501 D sound_trigger_platform: platform_stdev_check_and_update_concurrency: Received DEVICE event, event type 0
06-16 15:53:06.582   745  1501 D sound_trigger_platform: platform_stdev_check_and_update_concurrency: dedicated path 0, reset backend 1, tx 0, rx 0,concurrency session allowed
06-16 15:53:06.584  1373  1425 E AppOps  : Attribution not found: uid=1000 pkg=com.vuzix.speechrecognitionservice(null) op=RECORD_AUDIO
06-16 15:53:06.585   745   785 D audio_hw_primary: adev_release_audio_patch: Remove patch with handle 45
06-16 15:53:06.585   745   785 D audio_hw_primary: route_input_stream: exit: status(0)
06-16 15:53:06.587  1373  1425 I system_server: oneway function results will be dropped but finished with status OK and parcel size 4
06-16 15:53:06.587  1373  1386 I SoundTriggerMiddlewareLogging: setCaptureState[this=com.android.server.soundtrigger_middleware.SoundTriggerMiddlewareImpl@38ce48b, caller=1041/810](false)
06-16 15:53:06.597  3103  4657 D pal/stdout: StarRec_PAL_MutexDeInit(): pthread_mutex_destroy: EBUSY.
06-16 15:53:06.597  3103  4657 D pal/stdout: StarRec_PAL_MutexDeInit(): pthread_mutex_destroy: EDEADLK.
06-16 15:53:06.597  3103  4657 D pal/stdout: StarRec_PAL_MutexDeInit(): pthread_mutex_destroy: while: EBUSY.
06-16 15:53:06.597  1373  1386 I SoundTriggerMiddlewareLogging: setCaptureState[this=com.android.server.soundtrigger_middleware.SoundTriggerMiddlewareImpl@38ce48b, caller=1041/810](false)
06-16 15:53:06.597  1373  2576 I system_server: oneway function results will be dropped but finished with status OK and parcel size 4
06-16 15:53:06.598   745   785 D audio_hw_primary: adev_close_input_stream: enter:stream_handle(0xeee46bb0)
06-16 15:53:06.598   745   785 D audio_hw_primary: io_streams_map_remove: Removed stream with handle 390
06-16 15:53:06.598   745   785 D soundtrigger: audio_extn_sound_trigger_check_ec_ref_enable: EC Reference is disabled
06-16 15:53:06.598   745   785 D sound_trigger_hw: handle_audio_ec_ref_enabled: Enter
06-16 15:53:06.598   745   785 D sound_trigger_hw: handle_audio_ec_ref_enabled: Exit audio ec ref=0
06-16 15:53:06.598   745   785 D soundtrigger: audio_extn_sound_trigger_update_ec_ref_status: update audio echo ref status false
06-16 15:53:06.598   745   785 D audio_hw_primary: in_standby: enter: stream (0xeee46bb0) usecase(23: audio-record)
06-16 15:53:06.598  1373  2576 I system_server: oneway function results will be dropped but finished with status OK and parcel size 4
06-16 15:53:06.598  1373  2576 I system_server: oneway function results will be dropped but finished with status OK and parcel size 4
06-16 15:53:06.599  3103  4657 D pal/stdout: StarRec_PAL_ThreadWait(): [DCC_NORMAL_0] thread with thread handle 0x0x7b37c19250 is closed.
06-16 15:53:06.603  3103  4657 D pal/stdout: StarRec_PAL_ThreadWait(): [ASR5_CFG] thread with thread handle 0x0x7b37c19fd0 is closed.
06-16 15:53:06.604  3103  4657 D pal/stdout: StarRec_PAL_ThreadWait(): [ASR5_FatalListener] thread with thread handle 0x0x7b37c1ac90 is closed.
06-16 15:53:06.604  3103  4657 D pal/stdout: StarRec_PAL_ThreadWait(): [ASR5_Dispatcher] thread with thread handle 0x0x7b37c19190 is closed.
06-16 15:53:06.605  3103  4657 D pal/stdout: StarRec_PAL_ThreadWait(): [ASR5_Worker0] thread with thread handle 0x0x7b37c1d450 is closed.
06-16 15:53:06.605  3103  4657 D pal/stdout: StarRec_PAL_ThreadWait(): [ASR5_Worker1] thread with thread handle 0x0x7b37c17e10 is closed.
06-16 15:53:06.605  3103  4657 D pal/stdout: StarRec_PAL_ThreadWait(): [ASR5_Worker2] thread with thread handle 0x0x7b37c16f10 is closed.
06-16 15:53:06.606  3103  4657 D pal/stdout: StarRec_PAL_ThreadWait(): [ASR5_Worker3] thread with thread handle 0x0x7b37c19610 is closed.
06-16 15:53:06.688  3103  4676 I pal/stdout: StarRec_PAL_ThreadInit(): [ASR5_CFG] initial priority level THREAD_PRIO_NORMAL.
06-16 15:53:06.688  3103  4676 I pal/stdout: StarRec_PAL_ThreadCreate(): [ASR5_CFG] DEFAULT SETTING: invert nice value [3 -> 3].
06-16 15:53:06.688  3103  4676 I pal/stdout: StarRec_PAL_ThreadCreate(): [ASR5_CFG] DEFAULT SETTING: policy [SCHED_OTHER], prio: default [0] + handed-over [3] + 1 = calculated [4].
06-16 15:53:06.688  3103  4676 I pal/stdout: StarRec_PAL_ThreadCreate(): [ASR5_CFG] THREAD CREATED: Policy [0,SCHED_OTHER,OTHER], prio: handed-over [3], final nice,prio [4,0], min [0], max [0]. 
06-16 15:53:06.688  3103  4677 I pal/stdout: fpThreadRoutine_setThreadName(): [ASR5_CFG] ok -> set/getpriority (4)/(4) - hdl [-1725813568] ID [4677].
06-16 15:53:06.688  3103  4677 I pal/stdout: sMainWrapper_PrintPrio(): 
06-16 15:53:06.688  3103  4677 I pal/stdout: 	 pid 4677's priority: 4, name: ASR5_CFG
06-16 15:53:06.688  3103  4677 I pal/stdout: sMainWrapper_PrintPrio(): 	 scheduling class: 
06-16 15:53:06.688  3103  4677 I pal/stdout: sMainWrapper_PrintPrio(): 	 OTHER / Normal 
06-16 15:53:06.688  3103  4677 I pal/stdout: sMainWrapper_PrintPrio(): 	 RT prio: 0 (of 0 to 0)
06-16 15:53:06.689  3103  4676 I pal/stdout: StarRec_PAL_ThreadInit(): [ASR5_Worker0] initial priority level THREAD_PRIO_NORMAL.
06-16 15:53:06.689  3103  4676 I pal/stdout: StarRec_PAL_ThreadCreate(): [ASR5_Worker0] DEFAULT SETTING: invert nice value [3 -> 3].
06-16 15:53:06.689  3103  4676 I pal/stdout: StarRec_PAL_ThreadCreate(): [ASR5_Worker0] DEFAULT SETTING: policy [SCHED_OTHER], prio: default [0] + handed-over [3] + 1 = calculated [4].
06-16 15:53:06.689  3103  4676 I pal/stdout: StarRec_PAL_ThreadCreate(): [ASR5_Worker0] THREAD CREATED: Policy [0,SCHED_OTHER,OTHER], prio: handed-over [3], final nice,prio [4,0], min [0], max [0]. 
06-16 15:53:06.689  3103  4676 I pal/stdout: StarRec_PAL_ThreadInit(): [ASR5_Worker1] initial priority level THREAD_PRIO_NORMAL.
06-16 15:53:06.689  3103  4676 I pal/stdout: StarRec_PAL_ThreadCreate(): [ASR5_Worker1] DEFAULT SETTING: invert nice value [3 -> 3].
06-16 15:53:06.689  3103  4676 I pal/stdout: StarRec_PAL_ThreadCreate(): [ASR5_Worker1] DEFAULT SETTING: policy [SCHED_OTHER], prio: default [0] + handed-over [3] + 1 = calculated [4].
06-16 15:53:06.689  3103  4678 I pal/stdout: fpThreadRoutine_setThreadName(): [ASR5_Worker0] ok -> set/getpriority (4)/(4) - hdl [-1727116096] ID [4678].
06-16 15:53:06.689  3103  4678 I pal/stdout: sMainWrapper_PrintPrio(): 
06-16 15:53:06.689  3103  4678 I pal/stdout: 	 pid 4678's priority: 4, name: ASR5_Worker0
06-16 15:53:06.689  3103  4678 I pal/stdout: sMainWrapper_PrintPrio(): 	 scheduling class: 
06-16 15:53:06.689  3103  4676 I pal/stdout: StarRec_PAL_ThreadCreate(): [ASR5_Worker1] THREAD CREATED: Policy [0,SCHED_OTHER,OTHER], prio: handed-over [3], final nice,prio [4,0], min [0], max [0]. 
06-16 15:53:06.689  3103  4678 I pal/stdout: sMainWrapper_PrintPrio(): 	 OTHER / Normal 
06-16 15:53:06.689  3103  4678 I pal/stdout: sMainWrapper_PrintPrio(): 	 RT prio: 0 (of 0 to 0)
06-16 15:53:06.689  3103  4676 I pal/stdout: StarRec_PAL_ThreadInit(): [ASR5_Worker2] initial priority level THREAD_PRIO_NORMAL.
06-16 15:53:06.689  3103  4676 I pal/stdout: StarRec_PAL_ThreadCreate(): [ASR5_Worker2] DEFAULT SETTING: invert nice value [3 -> 3].
06-16 15:53:06.689  3103  4676 I pal/stdout: StarRec_PAL_ThreadCreate(): [ASR5_Worker2] DEFAULT SETTING: policy [SCHED_OTHER], prio: default [0] + handed-over [3] + 1 = calculated [4].
06-16 15:53:06.689  3103  4676 I pal/stdout: StarRec_PAL_ThreadCreate(): [ASR5_Worker2] THREAD CREATED: Policy [0,SCHED_OTHER,OTHER], prio: handed-over [3], final nice,prio [4,0], min [0], max [0]. 
06-16 15:53:06.689  3103  4676 I pal/stdout: StarRec_PAL_ThreadInit(): [ASR5_Worker3] initial priority level THREAD_PRIO_NORMAL.
06-16 15:53:06.689  3103  4679 I pal/stdout: fpThreadRoutine_setThreadName(): [ASR5_Worker1] ok -> set/getpriority (4)/(4) - hdl [-1762976576] ID [4679].
06-16 15:53:06.689  3103  4680 I pal/stdout: fpThreadRoutine_setThreadName(): [ASR5_Worker2] ok -> set/getpriority (4)/(4) - hdl [-1764016960] ID [4680].
06-16 15:53:06.689  3103  4680 I pal/stdout: sMainWrapper_PrintPrio(): 
06-16 15:53:06.689  3103  4680 I pal/stdout: 	 pid 4680's priority: 4, name: ASR5_Worker2
06-16 15:53:06.690  3103  4680 I pal/stdout: sMainWrapper_PrintPrio(): 	 scheduling class: 
06-16 15:53:06.690  3103  4680 I pal/stdout: sMainWrapper_PrintPrio(): 	 OTHER / Normal 
06-16 15:53:06.690  3103  4679 I pal/stdout: sMainWrapper_PrintPrio(): 
06-16 15:53:06.690  3103  4679 I pal/stdout: 	 pid 4679's priority: 4, name: ASR5_Worker1
06-16 15:53:06.690  3103  4679 I pal/stdout: sMainWrapper_PrintPrio(): 	 scheduling class: 
06-16 15:53:06.690  3103  4679 I pal/stdout: sMainWrapper_PrintPrio(): 	 OTHER / Normal 
06-16 15:53:06.690  3103  4680 I pal/stdout: sMainWrapper_PrintPrio(): 	 RT prio: 0 (of 0 to 0)
06-16 15:53:06.690  3103  4676 I pal/stdout: StarRec_PAL_ThreadCreate(): [ASR5_Worker3] DEFAULT SETTING: invert nice value [3 -> 3].
06-16 15:53:06.690  3103  4676 I pal/stdout: StarRec_PAL_ThreadCreate(): [ASR5_Worker3] DEFAULT SETTING: policy [SCHED_OTHER], prio: default [0] + handed-over [3] + 1 = calculated [4].
06-16 15:53:06.690  3103  4679 I pal/stdout: sMainWrapper_PrintPrio(): 	 RT prio: 0 (of 0 to 0)
06-16 15:53:06.690  3103  4676 I pal/stdout: StarRec_PAL_ThreadCreate(): [ASR5_Worker3] THREAD CREATED: Policy [0,SCHED_OTHER,OTHER], prio: handed-over [3], final nice,prio [4,0], min [0], max [0]. 
06-16 15:53:06.690  3103  4676 I pal/stdout: StarRec_PAL_ThreadInit(): [ASR5_Dispatcher] initial priority level THREAD_PRIO_NORMAL.
06-16 15:53:06.690  3103  4676 I pal/stdout: StarRec_PAL_ThreadCreate(): [ASR5_Dispatcher] DEFAULT SETTING: invert nice value [3 -> 3].
06-16 15:53:06.690  3103  4676 I pal/stdout: StarRec_PAL_ThreadCreate(): [ASR5_Dispatcher] DEFAULT SETTING: policy [SCHED_OTHER], prio: default [0] + handed-over [3] + 1 = calculated [4].
06-16 15:53:06.690  3103  4676 I pal/stdout: StarRec_PAL_ThreadCreate(): [ASR5_Dispatcher] THREAD CREATED: Policy [0,SCHED_OTHER,OTHER], prio: handed-over [3], final nice,prio [4,0], min [0], max [0]. 
06-16 15:53:06.690  3103  4682 I pal/stdout: fpThreadRoutine_setThreadName(): [ASR5_Dispatcher] ok -> set/getpriority (4)/(4) - hdl [-1766097728] ID [4682].
06-16 15:53:06.690  3103  4681 I pal/stdout: fpThreadRoutine_setThreadName(): [ASR5_Worker3] ok -> set/getpriority (4)/(4) - hdl [-1765057344] ID [4681].
06-16 15:53:06.690  3103  4681 I pal/stdout: sMainWrapper_PrintPrio(): 
06-16 15:53:06.690  3103  4681 I pal/stdout: 	 pid 4681's priority: 4, name: ASR5_Worker3
06-16 15:53:06.690  3103  4681 I pal/stdout: sMainWrapper_PrintPrio(): 	 scheduling class: 
06-16 15:53:06.690  3103  4676 I pal/stdout: StarRec_PAL_ThreadInit(): [ASR5_FatalListener] initial priority level THREAD_PRIO_NORMAL.
06-16 15:53:06.690  3103  4676 I pal/stdout: StarRec_PAL_ThreadCreate(): [ASR5_FatalListener] DEFAULT SETTING: invert nice value [3 -> 3].
06-16 15:53:06.690  3103  4676 I pal/stdout: StarRec_PAL_ThreadCreate(): [ASR5_FatalListener] DEFAULT SETTING: policy [SCHED_OTHER], prio: default [0] + handed-over [3] + 1 = calculated [4].
06-16 15:53:06.690  3103  4682 I pal/stdout: sMainWrapper_PrintPrio(): 
06-16 15:53:06.690  3103  4682 I pal/stdout: 	 pid 4682's priority: 4, name: ASR5_Dispatcher
06-16 15:53:06.690  3103  4676 I pal/stdout: StarRec_PAL_ThreadCreate(): [ASR5_FatalListener] THREAD CREATED: Policy [0,SCHED_OTHER,OTHER], prio: handed-over [3], final nice,prio [4,0], min [0], max [0]. 
06-16 15:53:06.690  3103  4682 I pal/stdout: sMainWrapper_PrintPrio(): 	 scheduling class: 
06-16 15:53:06.690  3103  4683 I pal/stdout: fpThreadRoutine_setThreadName(): [ASR5_FatalListener] ok -> set/getpriority (4)/(4) - hdl [-1767138112] ID [4683].
06-16 15:53:06.690  3103  4683 I pal/stdout: sMainWrapper_PrintPrio(): 
06-16 15:53:06.690  3103  4683 I pal/stdout: 	 pid 4683's priority: 4, name: ASR5_FatalListener
06-16 15:53:06.690  3103  4683 I pal/stdout: sMainWrapper_PrintPrio(): 	 scheduling class: 
06-16 15:53:06.690  3103  4683 I pal/stdout: sMainWrapper_PrintPrio(): 	 OTHER / Normal 
06-16 15:53:06.690  3103  4683 I pal/stdout: sMainWrapper_PrintPrio(): 	 RT prio: 0 (of 0 to 0)
06-16 15:53:06.690  3103  4681 I pal/stdout: sMainWrapper_PrintPrio(): 	 OTHER / Normal 
06-16 15:53:06.690  3103  4681 I pal/stdout: sMainWrapper_PrintPrio(): 	 RT prio: 0 (of 0 to 0)
06-16 15:53:06.690  3103  4682 I pal/stdout: sMainWrapper_PrintPrio(): 	 OTHER / Normal 
06-16 15:53:06.690  3103  4682 I pal/stdout: sMainWrapper_PrintPrio(): 	 RT prio: 0 (of 0 to 0)
06-16 15:53:06.719  3103  4676 I pal/stdout: StarRec_PAL_ThreadInit(): [DCC_CREATION_0] initial priority level THREAD_PRIO_NORMAL.
06-16 15:53:06.719  3103  4676 I pal/stdout: StarRec_PAL_ThreadCreate(): [DCC_CREATION_0] DEFAULT SETTING: invert nice value [3 -> 3].
06-16 15:53:06.719  3103  4676 I pal/stdout: StarRec_PAL_ThreadCreate(): [DCC_CREATION_0] DEFAULT SETTING: policy [SCHED_OTHER], prio: default [0] + handed-over [3] + 1 = calculated [4].
06-16 15:53:06.719  3103  4676 I pal/stdout: StarRec_PAL_ThreadCreate(): [DCC_CREATION_0] THREAD CREATED: Policy [0,SCHED_OTHER,OTHER], prio: handed-over [3], final nice,prio [4,0], min [0], max [0]. 
06-16 15:53:06.719  3103  4684 I pal/stdout: fpThreadRoutine_setThreadName(): [DCC_CREATION_0] ok -> set/getpriority (4)/(4) - hdl [1011920064] ID [4684].
06-16 15:53:06.719  3103  4684 I pal/stdout: sMainWrapper_PrintPrio(): 
06-16 15:53:06.719  3103  4684 I pal/stdout: 	 pid 4684's priority: 4, name: DCC_CREATION_0
06-16 15:53:06.719  3103  4684 I pal/stdout: sMainWrapper_PrintPrio(): 	 scheduling class: 
06-16 15:53:06.719  3103  4684 I pal/stdout: sMainWrapper_PrintPrio(): 	 OTHER / Normal 
06-16 15:53:06.719  3103  4684 I pal/stdout: sMainWrapper_PrintPrio(): 	 RT prio: 0 (of 0 to 0)
06-16 15:53:06.723  3103  4684 I DCCListener: DCC event: DCC_CREATION_STARTED ()
06-16 15:53:06.725  3103  4684 I DCCListener: DCC event: DCC_DATA_ID ()
06-16 15:53:06.725  3103  4684 I DCCListener: DCC event: DCC_WITH_N_ENTRIES (46)
06-16 15:53:06.725  3103  4684 I DCCListener: DCC event: DCC_CREATION_FINISHED ()
06-16 15:53:06.730   745   785 D audio_hw_primary: adev_open_input_stream: enter: sample_rate(16000) channel_mask(0x10) devices(0x80000004)        stream_handle(0xeee446f0) io_handle(398) source(6) format 1
06-16 15:53:06.730   745   785 D audio_hw_primary: io_streams_map_insert: Added stream in io_streams_map with handle 398
06-16 15:53:06.730   745   785 E device_utils: update_device_list: Invalid device: 0
06-16 15:53:06.732   810  4686 I AudioFlinger: AudioFlinger's thread 0x7bc9069040 tid=4686 ready to run
06-16 15:53:06.732   745   785 D audio_hw_primary: in_standby: enter: stream (0xeee446f0) usecase(23: audio-record)
06-16 15:53:06.733   745   785 D audio_hw_primary: in_standby: enter: stream (0xeee446f0) usecase(23: audio-record)
06-16 15:53:06.734  1373  2576 I system_server: oneway function results will be dropped but finished with status OK and parcel size 4
06-16 15:53:06.735  1373  2576 I system_server: oneway function results will be dropped but finished with status OK and parcel size 4
06-16 15:53:06.737  1373  1386 I system_server: oneway function results will be dropped but finished with status OK and parcel size 4
06-16 15:53:06.737  3103  4676 I pal/stdout: StarRec_PAL_ThreadInit(): [DCC_NORMAL_0] initial priority level THREAD_PRIO_NORMAL.
06-16 15:53:06.737  3103  4676 I pal/stdout: StarRec_PAL_ThreadCreate(): [DCC_NORMAL_0] DEFAULT SETTING: invert nice value [3 -> 3].
06-16 15:53:06.737  3103  4676 I pal/stdout: StarRec_PAL_ThreadCreate(): [DCC_NORMAL_0] DEFAULT SETTING: policy [SCHED_OTHER], prio: default [0] + handed-over [3] + 1 = calculated [4].
06-16 15:53:06.738  3103  4676 I pal/stdout: StarRec_PAL_ThreadCreate(): [DCC_NORMAL_0] THREAD CREATED: Policy [0,SCHED_OTHER,OTHER], prio: handed-over [3], final nice,prio [4,0], min [0], max [0]. 
06-16 15:53:06.738  3103  4687 I pal/stdout: fpThreadRoutine_setThreadName(): [DCC_NORMAL_0] ok -> set/getpriority (4)/(4) - hdl [789159104] ID [4687].
06-16 15:53:06.738  3103  4676 I AsrConfiguration: Add app: VuzixApp-en
06-16 15:53:06.738  3103  4687 I pal/stdout: sMainWrapper_PrintPrio(): 
06-16 15:53:06.738  3103  4687 I pal/stdout: 	 pid 4687's priority: 4, name: DCC_NORMAL_0
06-16 15:53:06.738  3103  4687 I pal/stdout: sMainWrapper_PrintPrio(): 	 scheduling class: 
06-16 15:53:06.738  3103  4687 I pal/stdout: sMainWrapper_PrintPrio(): 	 OTHER / Normal 
06-16 15:53:06.738  3103  4687 I pal/stdout: sMainWrapper_PrintPrio(): 	 RT prio: 0 (of 0 to 0)
06-16 15:53:06.738  3103  4687 D pal/stdout: StarRec_PAL_ThreadWait(): [DCC_CREATION_0] thread with thread handle 0x0x7b37c18350 is closed.
06-16 15:53:06.740  3103  4687 I DCCListener: DCC event: DCC_DATA_PREPARATION_STARTED ()
06-16 15:53:06.756  3103  3103 D VzxSrSpeechRecognitionService: Icon IconStatusSleep
06-16 15:53:06.758  1373  1387 I system_server: oneway function results will be dropped but finished with status OK and parcel size 4
06-16 15:53:06.759   745   785 D audio_hw_primary: adev_create_audio_patch: enter: num sources 1, num_sinks 1, handle 0
06-16 15:53:06.759   745   785 D audio_hw_primary: adev_create_audio_patch: Capture patch from device 80000004 to mix 398
06-16 15:53:06.759   745   785 D audio_hw_primary: update_patch: enter
06-16 15:53:06.759   745   785 D audio_hw_primary: route_input_stream: exit: status(0)
06-16 15:53:06.759   745   785 D audio_hw_primary: adev_create_audio_patch: Added a new patch with handle 46
06-16 15:53:06.759  1373  1387 I system_server: oneway function results will be dropped but finished with status OK and parcel size 4
06-16 15:53:06.759   745   785 E device_utils: update_device_list: Invalid device: 0
06-16 15:53:06.760  1373  1386 I SoundTriggerMiddlewareLogging: setCaptureState[this=com.android.server.soundtrigger_middleware.SoundTriggerMiddlewareImpl@38ce48b, caller=1041/810](true)
06-16 15:53:06.761   745   785 E FMQ     : grantorIdx must be less than 3
06-16 15:53:06.761   745   785 E FMQ     : grantorIdx must be less than 3
06-16 15:53:06.764   810  4686 E FMQ     : grantorIdx must be less than 3
06-16 15:53:06.764   810  4686 E FMQ     : grantorIdx must be less than 3
06-16 15:53:06.764   745  4689 D audio_hw_primary: start_input_stream: enter: stream(0xeee446f0)usecase(23: audio-record), source 6
06-16 15:53:06.765   745  4689 D audio_hw_primary: select_devices for use case (audio-record)
06-16 15:53:06.765   745  4689 I msm8974_platform: platform_check_and_set_capture_codec_backend_cfg:txbecf: afe: bitwidth 16, samplerate 16000, channel 1 format 1, backend_idx 8 usecase = 23 device (voice-rec-mic)
06-16 15:53:06.765   745  4689 I msm8974_platform: platform_check_capture_codec_backend_cfg:txbecf: afe: Codec selected backend: 8 current bit width: 16 and sample rate: 16000, channels 1 format 1
06-16 15:53:06.765   745  4689 I msm8974_platform: platform_check_capture_codec_backend_cfg:txbecf: afe: current backend bit_width 16 sample_rate 48000 channels 1, format 0
06-16 15:53:06.765   745  4689 I msm8974_platform: platform_check_capture_codec_backend_cfg:txbecf: afe: Codec backend needs to be updated. new bit width: 16 new sample rate: 48000 new channel: 1 new format: 1
06-16 15:53:06.765   745  4689 I msm8974_platform: platform_set_codec_backend_cfg:becf: afe: bitwidth 16, samplerate 48000 channels 1 format 1, backend_idx 8 device (voice-rec-mic)
06-16 15:53:06.765   745  4689 D audio_hw_primary: check_usecases_capture_codec_backend:becf: force routing 0
06-16 15:53:06.765   745  4689 E audio_hw_primary: enable_snd_device: addcheck2 other record usecase's dev
06-16 15:53:06.765   745  4689 D hardware_info: hw_info_append_hw_type : device_name = voice-rec-mic
06-16 15:53:06.765   745  4689 D audio_hw_primary: enable_snd_device: snd_device(195: current(before increase) ref_cnt 0)
06-16 15:53:06.765   745  4689 D msm8974_platform: platform_split_snd_device: snd_device(195) num devices(0) new_snd_devices[0](0) ret=-22
06-16 15:53:06.765   745  4689 D audio_hw_primary: enable_snd_device: snd_device(195: voice-rec-mic)
06-16 15:53:06.765   745  4689 D msm8974_platform: platform_get_island_cfg_on_device:island cfg status on snd_device = (voice-rec-mic 0)
06-16 15:53:06.765   745  4689 D soundtrigger: audio HAL using same device 195 as ST
06-16 15:53:06.765   745  4689 I soundtrigger: audio_extn_sound_trigger_update_device_status: device 0xc3 of type 1 for Event 1, with Raise=1
06-16 15:53:06.765   745  4689 D sound_trigger_platform: platform_stdev_check_and_update_concurrency: Received DEVICE event, event type 1
06-16 15:53:06.765   745  4689 D sound_trigger_platform: platform_stdev_check_and_update_concurrency: dedicated path 0, reset backend 1, tx 1, rx 0,concurrency session not allowed
06-16 15:53:06.765   745  4689 D audio_route: Apply path: voice-rec-mic
06-16 15:53:06.766   745  4689 D soundtrigger: audio HAL using same device 195 as ST
06-16 15:53:06.766   745  4689 D soundtrigger: audio_extn_sound_trigger_update_stream_status: uc_info->id 23 of type 1 for Event 3, with Raise=1
06-16 15:53:06.766   745  4689 D soundtrigger: audio_extn_sound_trigger_update_stream_status: send event 13: usecase id 23, type 1
06-16 15:53:06.766   745  4689 I sound_trigger_platform: platform_stdev_check_and_update_concurrency: Received STREAM event, event type 13, usecase type 1
06-16 15:53:06.766   745  4689 D sound_trigger_platform: platform_stdev_check_and_update_concurrency: dedicated path 0, reset backend 1, tx 1, rx 0,concurrency session not allowed
06-16 15:53:06.766   745  4689 D audio_hw_utils: audio_extn_utils_send_app_type_cfg: usecase->in_snd_device voice-rec-mic
06-16 15:53:06.766   745  4689 D msm8974_platform: platform_split_snd_device: snd_device(195) num devices(0) new_snd_devices[0](0) ret=-22
06-16 15:53:06.766   745  4689 D msm8974_platform: platform_get_snd_device_backend_index: device 195 is hw_interface_name INT3_MI2S_TX is be_dai_id=152
06-16 15:53:06.766   745  4689 D audio_hw_utils: audio_extn_btsco_get_sample_rate:Not a BT SCO device, need not update sampling rate
06-16 15:53:06.766   745  4689 I audio_hw_utils: send_app_type_cfg_for_device CAPTURE app_type 69938, acdb_dev_id 11, sample_rate 16000, snd_device_be_idx 152
06-16 15:53:06.767   745  4689 D msm8974_platform: platform_split_snd_device: snd_device(195) num devices(1) new_snd_devices[0](0) ret=-22
06-16 15:53:06.767   745  4689 D audio_hw_utils: audio_extn_btsco_get_sample_rate:Not a BT SCO device, need not update sampling rate
06-16 15:53:06.767   745  4689 D ACDB-LOADER: ACDB -> send_audio_cal, acdb_id = 11, path = 1, app id = 0x11132, sample rate = 16000, afe_sample_rate = 48000
06-16 15:53:06.767   745  4689 D ACDB-LOADER: ACDB -> send_asm_topology
06-16 15:53:06.767   745  4689 D ACDB-LOADER: ACDB -> ACDB_CMD_GET_AUDPROC_STREAM_TOPOLOGY_ID
06-16 15:53:06.767   745  4689 D ACDB-LOADER: ACDB -> send_adm_topology
06-16 15:53:06.767   745  4689 D ACDB-LOADER: ACDB -> ACDB_CMD_GET_AUDPROC_COMMON_TOPOLOGY_ID
06-16 15:53:06.767   745  4689 D ACDB-LOADER: ACDB -> send_audtable
06-16 15:53:06.767   745  4689 D ACDB-LOADER: ACDB -> ACDB_CMD_GET_AUDPROC_COMMON_TABLE_SIZE
06-16 15:53:06.767   745  4689 D ACDB-LOADER: ACDB -> ACDB_CMD_GET_AUDPROC_COMMON_TABLE
06-16 15:53:06.767   745  4689 D ACDB-LOADER: ACDB -> AUDIO_SET_AUDPROC_CAL cal_type[11] acdb_id[11] app_type[69938]
06-16 15:53:06.767   745  4689 D ACDB-LOADER: ACDB -> ACDB_CMD_GET_AUDPROC_STREAM_TABLE_SIZE
06-16 15:53:06.767   745  4689 D ACDB-LOADER: ACDB -> send_audstrmtable
06-16 15:53:06.767   745  4689 D ACDB-LOADER: ACDB -> ACDB_CMD_GET_AUDPROC_STREAM_TABLE_V2
06-16 15:53:06.767   745  4689 D ACDB-LOADER: ACDB -> audstrm_cal->cal_type.cal_data.cal_size = 16
06-16 15:53:06.767   745  4689 D ACDB-LOADER: ACDB -> send_afe_topology
06-16 15:53:06.767   745  4689 D ACDB-LOADER: ACDB -> ACDB_CMD_GET_AFE_TOPOLOGY_ID
06-16 15:53:06.767   745  4689 D ACDB-LOADER: ACDB -> GET_AFE_TOPOLOGY_ID for adcd_id 11, Topology Id 112fb
06-16 15:53:06.767   745  4689 D ACDB-LOADER: ACDB -> send_afe_cal
06-16 15:53:06.767   745  4689 D ACDB-LOADER: ACDB -> ACDB_CMD_GET_AFE_COMMON_TABLE_SIZE
06-16 15:53:06.767   745  4689 D android.hardware.audio.service: Failed to fetch the lookup information of the device 000018EB 11
06-16 15:53:06.767   745  4689 D ACDB-LOADER: Error: ACDB_CMD_GET_AFE_COMMON_TABLE_SIZE Returned = -19
06-16 15:53:06.767   745  4689 D ACDB-LOADER: ACDB -> ACDB_CMD_GET_AFE_COMMON_TABLE
06-16 15:53:06.767   745  4689 D android.hardware.audio.service: Failed to fetch the lookup information of the device 000018EB 11
06-16 15:53:06.767   745  4689 D ACDB-LOADER: Error: ACDB AFE returned = -19
06-16 15:53:06.767   745  4689 D ACDB-LOADER: ACDB -> AUDIO_SET_AFE_CAL cal_type[17] acdb_id[11]
06-16 15:53:06.767   745  4689 D ACDB-LOADER: ACDB -> send_hw_delay : acdb_id = 11 path = 1
06-16 15:53:06.767   745  4689 D ACDB-LOADER: ACDB -> ACDB_AVSYNC_INFO: ACDB_CMD_GET_DEVICE_PROPERTY
06-16 15:53:06.767   745  4689 D audio_hw_primary: enable_audio_route: apply mixer and update path: audio-record
06-16 15:53:06.767   745  4689 D audio_route: Apply path: audio-record
06-16 15:53:06.769   745  4689 D audio_hw_primary: select_devices: done
06-16 15:53:06.781  3103  4687 I ContentValuesIterator: DCC item: CustomPhrase_Ortho->hello view-zix
06-16 15:53:06.784  3103  4687 I ContentValuesIterator: DCC item: CustomPhrase_Ortho->Voice off
06-16 15:53:06.786  3103  4687 I ContentValuesIterator: DCC item: CustomPhrase_Ortho->Please enter evaluation mode
06-16 15:53:06.788  3103  4687 I ContentValuesIterator: DCC item: CustomPhrase_Ortho->Please exit evaluation mode
06-16 15:53:06.791  3103  4687 I ContentValuesIterator: DCC item: CustomPhrase_Ortho->Speech settings
06-16 15:53:06.792  3103  4687 I ContentValuesIterator: DCC item: CustomPhrase_Ortho->Speech commands
06-16 15:53:06.794  3103  4687 I ContentValuesIterator: DCC item: CustomPhrase_Ortho->Command list
06-16 15:53:06.795  3103  4687 I ContentValuesIterator: DCC item: CustomPhrase_Ortho->Torch on
06-16 15:53:06.796   745  4689 D audio_hw_primary: start_input_stream: exit
06-16 15:53:06.797  3103  4687 I ContentValuesIterator: DCC item: CustomPhrase_Ortho->Flashlight on
06-16 15:53:06.798  3103  4687 I ContentValuesIterator: DCC item: CustomPhrase_Ortho->Torch off
06-16 15:53:06.799  3103  4687 I ContentValuesIterator: DCC item: CustomPhrase_Ortho->Flashlight off
06-16 15:53:06.801  3103  4687 I ContentValuesIterator: DCC item: CustomPhrase_Ortho->Go to sleep
06-16 15:53:06.802  3103  4687 I ContentValuesIterator: DCC item: CustomPhrase_Ortho->View notifications
06-16 15:53:06.804  3103  4687 I ContentValuesIterator: DCC item: CustomPhrase_Ortho->Open notifications
06-16 15:53:06.806  3103  4687 I ContentValuesIterator: DCC item: CustomPhrase_Ortho->Take a picture
06-16 15:53:06.807  3103  4687 I ContentValuesIterator: DCC item: CustomPhrase_Ortho->Start recording
06-16 15:53:06.808  3103  4687 I ContentValuesIterator: DCC item: CustomPhrase_Ortho->Take a video
06-16 15:53:06.810  3103  4687 I ContentValuesIterator: DCC item: CustomPhrase_Ortho->Okay
06-16 15:53:06.811  3103  4687 I ContentValuesIterator: DCC item: CustomPhrase_Ortho->Open
06-16 15:53:06.812  3103  4687 I ContentValuesIterator: DCC item: CustomPhrase_Ortho->Confirm
06-16 15:53:06.813  3103  4687 I ContentValuesIterator: DCC item: CustomPhrase_Ortho->Select this
06-16 15:53:06.815  3103  4687 I ContentValuesIterator: DCC item: CustomPhrase_Ortho->Pick this
06-16 15:53:06.816  3103  4687 I ContentValuesIterator: DCC item: CustomPhrase_Ortho->Move left
06-16 15:53:06.817  3103  4687 I ContentValuesIterator: DCC item: CustomPhrase_Ortho->Go left
06-16 15:53:06.818  3103  4687 I ContentValuesIterator: DCC item: CustomPhrase_Ortho->Scroll left
06-16 15:53:06.820  3103  4687 I ContentValuesIterator: DCC item: CustomPhrase_Ortho->Move right
06-16 15:53:06.821  3103  4687 I ContentValuesIterator: DCC item: CustomPhrase_Ortho->Go right
06-16 15:53:06.822  3103  4687 I ContentValuesIterator: DCC item: CustomPhrase_Ortho->Scroll right
06-16 15:53:06.823  3103  4687 I ContentValuesIterator: DCC item: CustomPhrase_Ortho->Move up
06-16 15:53:06.825  3103  4687 I ContentValuesIterator: DCC item: CustomPhrase_Ortho->Go up
06-16 15:53:06.826  3103  4687 I ContentValuesIterator: DCC item: CustomPhrase_Ortho->Scroll up
06-16 15:53:06.827  3103  4687 I ContentValuesIterator: DCC item: CustomPhrase_Ortho->Move down
06-16 15:53:06.828  3103  4687 I ContentValuesIterator: DCC item: CustomPhrase_Ortho->Go down
06-16 15:53:06.830  3103  4687 I ContentValuesIterator: DCC item: CustomPhrase_Ortho->Scroll down
06-16 15:53:06.831  3103  4687 I ContentValuesIterator: DCC item: CustomPhrase_Ortho->Go back
06-16 15:53:06.832  3103  4687 I ContentValuesIterator: DCC item: CustomPhrase_Ortho->Close
06-16 15:53:06.833  3103  4687 I ContentValuesIterator: DCC item: CustomPhrase_Ortho->Cancel
06-16 15:53:06.834  3103  4687 I ContentValuesIterator: DCC item: CustomPhrase_Ortho->Go home
06-16 15:53:06.836  3103  4687 I ContentValuesIterator: DCC item: CustomPhrase_Ortho->Quit
06-16 15:53:06.837  3103  4687 I ContentValuesIterator: DCC item: CustomPhrase_Ortho->Show menu
06-16 15:53:06.838  3103  4687 I ContentValuesIterator: DCC item: CustomPhrase_Ortho->Page down
06-16 15:53:06.839  3103  4687 I ContentValuesIterator: DCC item: CustomPhrase_Ortho->Page up
06-16 15:53:06.840  3103  4687 I ContentValuesIterator: DCC item: CustomPhrase_Ortho->Volume down
06-16 15:53:06.841  3103  4687 I ContentValuesIterator: DCC item: CustomPhrase_Ortho->Volume up
06-16 15:53:06.843  3103  4687 I ContentValuesIterator: DCC item: CustomPhrase_Ortho->Stop
06-16 15:53:06.844  3103  4687 I ContentValuesIterator: DCC item: CustomPhrase_Ortho->Assist AR
06-16 15:53:06.846  3103  4687 I ContentValuesIterator: DCC item: CustomPhrase_Ortho->Browser
06-16 15:53:06.847  3103  4687 I ContentValuesIterator: DCC item: CustomPhrase_Ortho->Camera
06-16 15:53:06.848  3103  4687 I ContentValuesIterator: DCC item: CustomPhrase_Ortho->camstrm
06-16 15:53:06.850  3103  4687 I ContentValuesIterator: DCC item: CustomPhrase_Ortho->Cognitive EMS
06-16 15:53:06.851  3103  4687 I ContentValuesIterator: DCC item: CustomPhrase_Ortho->Downloads
06-16 15:53:06.852  3103  4687 I ContentValuesIterator: DCC item: CustomPhrase_Ortho->Files
06-16 15:53:06.853  3103  4687 I ContentValuesIterator: DCC item: CustomPhrase_Ortho->Gallery
06-16 15:53:06.854  3103  4687 I ContentValuesIterator: DCC item: CustomPhrase_Ortho->HelloAR Java
06-16 15:53:06.857  3103  4687 I ContentValuesIterator: DCC item: CustomPhrase_Ortho->Notifications
06-16 15:53:06.858  3103  4687 I ContentValuesIterator: DCC item: CustomPhrase_Ortho->Quick Start
06-16 15:53:06.859  3103  4687 I ContentValuesIterator: DCC item: CustomPhrase_Ortho->Scanner
06-16 15:53:06.860  3103  4687 I ContentValuesIterator: DCC item: CustomPhrase_Ortho->Screen Cam
06-16 15:53:06.861  3103  4687 I ContentValuesIterator: DCC item: CustomPhrase_Ortho->Settings
06-16 15:53:06.877  3103  4687 I DCCListener: DCC event: DCC_DATA_ID ()
06-16 15:53:06.877  3103  4687 I DCCListener: DCC event: DCC_DATA_PREPARATION_FINISHED (current_total_number=59  added=59  removed=0  failed_to_add=0  failed_to_remove=0)
06-16 15:53:06.877  3103  4676 I Asr     : Data prep finished event received; proceeding
06-16 15:53:06.970  2528  2528 W VuzixNotificationListener: onNotificationPosted: 0|com.vuzix.speechrecognitionservice|1|null|1000
06-16 15:53:06.970  2528  2528 I VuzixNotificationListener: notify: 0|com.vuzix.speechrecognitionservice|1|null|1000
06-16 15:53:06.970  2528  2528 W VuzixNotificationListener: shouldShowPopup 2 true
